issue_date,target_date,district,model,fc_mm
2026-06-24,2026-06-25,Agago,ecmwf_ifs025,1.6
2026-06-24,2026-06-26,Agago,ecmwf_ifs025,1.2
2026-06-24,2026-06-27,Agago,ecmwf_ifs025,0.2
2026-06-24,2026-06-28,Agago,ecmwf_ifs025,1.2
2026-06-24,2026-06-29,Agago,ecmwf_ifs025,0.1
2026-06-24,2026-06-30,Agago,ecmwf_ifs025,1.2
2026-06-24,2026-06-25,Agago,ecmwf_aifs025_single,1.5
2026-06-24,2026-06-26,Agago,ecmwf_aifs025_single,1.7
2026-06-24,2026-06-27,Agago,ecmwf_aifs025_single,4.5
2026-06-24,2026-06-28,Agago,ecmwf_aifs025_single,2.7
2026-06-24,2026-06-29,Agago,ecmwf_aifs025_single,2.1
2026-06-24,2026-06-30,Agago,ecmwf_aifs025_single,0.6
2026-06-24,2026-06-25,Agago,gfs_seamless,0.6
2026-06-24,2026-06-26,Agago,gfs_seamless,0.4
2026-06-24,2026-06-27,Agago,gfs_seamless,0.0
2026-06-24,2026-06-28,Agago,gfs_seamless,12.6
2026-06-24,2026-06-29,Agago,gfs_seamless,0.5
2026-06-24,2026-06-30,Agago,gfs_seamless,0.6
2026-06-24,2026-06-25,Agago,icon_seamless,1.1
2026-06-24,2026-06-26,Agago,icon_seamless,1.2
2026-06-24,2026-06-27,Agago,icon_seamless,0.6
2026-06-24,2026-06-28,Agago,icon_seamless,0.3
2026-06-24,2026-06-29,Agago,icon_seamless,0.6
2026-06-24,2026-06-30,Agago,icon_seamless,0.3
2026-06-24,2026-06-25,Agago,ukmo_seamless,0.3
2026-06-24,2026-06-26,Agago,ukmo_seamless,0.2
2026-06-24,2026-06-27,Agago,ukmo_seamless,0.3
2026-06-24,2026-06-28,Agago,ukmo_seamless,0.6
2026-06-24,2026-06-29,Agago,ukmo_seamless,0.9
2026-06-24,2026-06-30,Agago,ukmo_seamless,0.0
2026-06-24,2026-06-25,Agago,meteofrance_seamless,0.9
2026-06-24,2026-06-26,Agago,meteofrance_seamless,0.5
2026-06-24,2026-06-27,Agago,meteofrance_seamless,0.0
2026-06-24,2026-06-25,Agago,jma_seamless,0.1
2026-06-24,2026-06-26,Agago,jma_seamless,4.2
2026-06-24,2026-06-27,Agago,jma_seamless,0.3
2026-06-24,2026-06-28,Agago,jma_seamless,0.0
2026-06-24,2026-06-29,Agago,jma_seamless,0.8
2026-06-24,2026-06-30,Agago,jma_seamless,6.3
2026-06-24,2026-06-25,Agago,gem_seamless,0.4
2026-06-24,2026-06-26,Agago,gem_seamless,1.6
2026-06-24,2026-06-27,Agago,gem_seamless,1.0
2026-06-24,2026-06-28,Agago,gem_seamless,0.2
2026-06-24,2026-06-29,Agago,gem_seamless,4.2
2026-06-24,2026-06-30,Agago,gem_seamless,0.2
2026-06-24,2026-06-25,Agago,knmi_seamless,0.6
2026-06-24,2026-06-26,Agago,knmi_seamless,0.9
2026-06-24,2026-06-27,Agago,knmi_seamless,0.2
2026-06-24,2026-06-28,Agago,knmi_seamless,3.5
2026-06-24,2026-06-29,Agago,knmi_seamless,0.1
2026-06-24,2026-06-30,Agago,knmi_seamless,1.2
2026-06-24,2026-06-25,Otuke,ecmwf_ifs025,4.4
2026-06-24,2026-06-26,Otuke,ecmwf_ifs025,1.2
2026-06-24,2026-06-27,Otuke,ecmwf_ifs025,0.1
2026-06-24,2026-06-28,Otuke,ecmwf_ifs025,1.0
2026-06-24,2026-06-29,Otuke,ecmwf_ifs025,0.2
2026-06-24,2026-06-30,Otuke,ecmwf_ifs025,0.6
2026-06-24,2026-06-25,Otuke,ecmwf_aifs025_single,1.9
2026-06-24,2026-06-26,Otuke,ecmwf_aifs025_single,1.4
2026-06-24,2026-06-27,Otuke,ecmwf_aifs025_single,3.5
2026-06-24,2026-06-28,Otuke,ecmwf_aifs025_single,2.4
2026-06-24,2026-06-29,Otuke,ecmwf_aifs025_single,1.7
2026-06-24,2026-06-30,Otuke,ecmwf_aifs025_single,0.6
2026-06-24,2026-06-25,Otuke,gfs_seamless,0.1
2026-06-24,2026-06-26,Otuke,gfs_seamless,0.0
2026-06-24,2026-06-27,Otuke,gfs_seamless,0.0
2026-06-24,2026-06-28,Otuke,gfs_seamless,2.9
2026-06-24,2026-06-29,Otuke,gfs_seamless,0.9
2026-06-24,2026-06-30,Otuke,gfs_seamless,1.2
2026-06-24,2026-06-25,Otuke,icon_seamless,2.0
2026-06-24,2026-06-26,Otuke,icon_seamless,0.1
2026-06-24,2026-06-27,Otuke,icon_seamless,1.6
2026-06-24,2026-06-28,Otuke,icon_seamless,1.2
2026-06-24,2026-06-29,Otuke,icon_seamless,0.0
2026-06-24,2026-06-30,Otuke,icon_seamless,0.4
2026-06-24,2026-06-25,Otuke,ukmo_seamless,0.2
2026-06-24,2026-06-26,Otuke,ukmo_seamless,0.0
2026-06-24,2026-06-27,Otuke,ukmo_seamless,0.0
2026-06-24,2026-06-28,Otuke,ukmo_seamless,0.3
2026-06-24,2026-06-29,Otuke,ukmo_seamless,3.3
2026-06-24,2026-06-30,Otuke,ukmo_seamless,0.3
2026-06-24,2026-06-25,Otuke,meteofrance_seamless,0.1
2026-06-24,2026-06-26,Otuke,meteofrance_seamless,0.0
2026-06-24,2026-06-27,Otuke,meteofrance_seamless,0.0
2026-06-24,2026-06-25,Otuke,jma_seamless,0.6
2026-06-24,2026-06-26,Otuke,jma_seamless,0.6
2026-06-24,2026-06-27,Otuke,jma_seamless,0.0
2026-06-24,2026-06-28,Otuke,jma_seamless,0.0
2026-06-24,2026-06-29,Otuke,jma_seamless,0.3
2026-06-24,2026-06-30,Otuke,jma_seamless,1.3
2026-06-24,2026-06-25,Otuke,gem_seamless,1.5
2026-06-24,2026-06-26,Otuke,gem_seamless,4.3
2026-06-24,2026-06-27,Otuke,gem_seamless,3.1
2026-06-24,2026-06-28,Otuke,gem_seamless,0.1
2026-06-24,2026-06-29,Otuke,gem_seamless,1.9
2026-06-24,2026-06-30,Otuke,gem_seamless,0.8
2026-06-24,2026-06-25,Otuke,knmi_seamless,3.4
2026-06-24,2026-06-26,Otuke,knmi_seamless,0.5
2026-06-24,2026-06-27,Otuke,knmi_seamless,0.0
2026-06-24,2026-06-28,Otuke,knmi_seamless,1.9
2026-06-24,2026-06-29,Otuke,knmi_seamless,0.2
2026-06-24,2026-06-30,Otuke,knmi_seamless,0.8
2026-06-24,2026-06-25,Kitgum,ecmwf_ifs025,1.5
2026-06-24,2026-06-26,Kitgum,ecmwf_ifs025,7.0
2026-06-24,2026-06-27,Kitgum,ecmwf_ifs025,1.1
2026-06-24,2026-06-28,Kitgum,ecmwf_ifs025,5.1
2026-06-24,2026-06-29,Kitgum,ecmwf_ifs025,2.4
2026-06-24,2026-06-30,Kitgum,ecmwf_ifs025,1.1
2026-06-24,2026-06-25,Kitgum,ecmwf_aifs025_single,1.7
2026-06-24,2026-06-26,Kitgum,ecmwf_aifs025_single,1.6
2026-06-24,2026-06-27,Kitgum,ecmwf_aifs025_single,4.9
2026-06-24,2026-06-28,Kitgum,ecmwf_aifs025_single,2.7
2026-06-24,2026-06-29,Kitgum,ecmwf_aifs025_single,2.2
2026-06-24,2026-06-30,Kitgum,ecmwf_aifs025_single,0.5
2026-06-24,2026-06-25,Kitgum,gfs_seamless,0.5
2026-06-24,2026-06-26,Kitgum,gfs_seamless,0.3
2026-06-24,2026-06-27,Kitgum,gfs_seamless,8.9
2026-06-24,2026-06-28,Kitgum,gfs_seamless,2.3
2026-06-24,2026-06-29,Kitgum,gfs_seamless,1.3
2026-06-24,2026-06-30,Kitgum,gfs_seamless,1.2
2026-06-24,2026-06-25,Kitgum,icon_seamless,0.2
2026-06-24,2026-06-26,Kitgum,icon_seamless,2.6
2026-06-24,2026-06-27,Kitgum,icon_seamless,1.8
2026-06-24,2026-06-28,Kitgum,icon_seamless,5.7
2026-06-24,2026-06-29,Kitgum,icon_seamless,3.0
2026-06-24,2026-06-30,Kitgum,icon_seamless,2.6
2026-06-24,2026-06-25,Kitgum,ukmo_seamless,0.3
2026-06-24,2026-06-26,Kitgum,ukmo_seamless,0.3
2026-06-24,2026-06-27,Kitgum,ukmo_seamless,0.6
2026-06-24,2026-06-28,Kitgum,ukmo_seamless,0.5
2026-06-24,2026-06-29,Kitgum,ukmo_seamless,1.0
2026-06-24,2026-06-30,Kitgum,ukmo_seamless,0.0
2026-06-24,2026-06-25,Kitgum,meteofrance_seamless,0.1
2026-06-24,2026-06-26,Kitgum,meteofrance_seamless,3.5
2026-06-24,2026-06-27,Kitgum,meteofrance_seamless,3.0
2026-06-24,2026-06-25,Kitgum,jma_seamless,0.0
2026-06-24,2026-06-26,Kitgum,jma_seamless,4.2
2026-06-24,2026-06-27,Kitgum,jma_seamless,0.0
2026-06-24,2026-06-28,Kitgum,jma_seamless,1.8
2026-06-24,2026-06-29,Kitgum,jma_seamless,0.0
2026-06-24,2026-06-30,Kitgum,jma_seamless,0.3
2026-06-24,2026-06-25,Kitgum,gem_seamless,1.0
2026-06-24,2026-06-26,Kitgum,gem_seamless,4.7
2026-06-24,2026-06-27,Kitgum,gem_seamless,1.1
2026-06-24,2026-06-28,Kitgum,gem_seamless,2.2
2026-06-24,2026-06-29,Kitgum,gem_seamless,0.0
2026-06-24,2026-06-30,Kitgum,gem_seamless,1.2
2026-06-24,2026-06-25,Kitgum,knmi_seamless,0.9
2026-06-24,2026-06-26,Kitgum,knmi_seamless,7.9
2026-06-24,2026-06-27,Kitgum,knmi_seamless,0.8
2026-06-24,2026-06-28,Kitgum,knmi_seamless,11.5
2026-06-24,2026-06-29,Kitgum,knmi_seamless,1.4
2026-06-24,2026-06-30,Kitgum,knmi_seamless,1.1
2026-06-24,2026-06-25,Pader,ecmwf_ifs025,0.9
2026-06-24,2026-06-26,Pader,ecmwf_ifs025,1.0
2026-06-24,2026-06-27,Pader,ecmwf_ifs025,0.8
2026-06-24,2026-06-28,Pader,ecmwf_ifs025,2.3
2026-06-24,2026-06-29,Pader,ecmwf_ifs025,0.5
2026-06-24,2026-06-30,Pader,ecmwf_ifs025,0.4
2026-06-24,2026-06-25,Pader,ecmwf_aifs025_single,1.5
2026-06-24,2026-06-26,Pader,ecmwf_aifs025_single,1.6
2026-06-24,2026-06-27,Pader,ecmwf_aifs025_single,4.4
2026-06-24,2026-06-28,Pader,ecmwf_aifs025_single,2.3
2026-06-24,2026-06-29,Pader,ecmwf_aifs025_single,2.0
2026-06-24,2026-06-30,Pader,ecmwf_aifs025_single,0.5
2026-06-24,2026-06-25,Pader,gfs_seamless,2.2
2026-06-24,2026-06-26,Pader,gfs_seamless,0.6
2026-06-24,2026-06-27,Pader,gfs_seamless,2.2
2026-06-24,2026-06-28,Pader,gfs_seamless,10.1
2026-06-24,2026-06-29,Pader,gfs_seamless,0.9
2026-06-24,2026-06-30,Pader,gfs_seamless,1.2
2026-06-24,2026-06-25,Pader,icon_seamless,0.0
2026-06-24,2026-06-26,Pader,icon_seamless,0.5
2026-06-24,2026-06-27,Pader,icon_seamless,0.9
2026-06-24,2026-06-28,Pader,icon_seamless,6.9
2026-06-24,2026-06-29,Pader,icon_seamless,0.6
2026-06-24,2026-06-30,Pader,icon_seamless,0.0
2026-06-24,2026-06-25,Pader,ukmo_seamless,0.4
2026-06-24,2026-06-26,Pader,ukmo_seamless,0.1
2026-06-24,2026-06-27,Pader,ukmo_seamless,0.3
2026-06-24,2026-06-28,Pader,ukmo_seamless,0.0
2026-06-24,2026-06-29,Pader,ukmo_seamless,1.5
2026-06-24,2026-06-30,Pader,ukmo_seamless,0.0
2026-06-24,2026-06-25,Pader,meteofrance_seamless,0.2
2026-06-24,2026-06-26,Pader,meteofrance_seamless,0.8
2026-06-24,2026-06-27,Pader,meteofrance_seamless,0.0
2026-06-24,2026-06-25,Pader,jma_seamless,1.4
2026-06-24,2026-06-26,Pader,jma_seamless,1.1
2026-06-24,2026-06-27,Pader,jma_seamless,0.0
2026-06-24,2026-06-28,Pader,jma_seamless,0.0
2026-06-24,2026-06-29,Pader,jma_seamless,0.0
2026-06-24,2026-06-30,Pader,jma_seamless,2.3
2026-06-24,2026-06-25,Pader,gem_seamless,0.0
2026-06-24,2026-06-26,Pader,gem_seamless,0.5
2026-06-24,2026-06-27,Pader,gem_seamless,0.6
2026-06-24,2026-06-28,Pader,gem_seamless,0.9
2026-06-24,2026-06-29,Pader,gem_seamless,0.3
2026-06-24,2026-06-30,Pader,gem_seamless,0.3
2026-06-24,2026-06-25,Pader,knmi_seamless,1.2
2026-06-24,2026-06-26,Pader,knmi_seamless,1.1
2026-06-24,2026-06-27,Pader,knmi_seamless,0.4
2026-06-24,2026-06-28,Pader,knmi_seamless,1.7
2026-06-24,2026-06-29,Pader,knmi_seamless,0.4
2026-06-24,2026-06-30,Pader,knmi_seamless,0.6
2026-06-24,2026-06-25,Alebtong,ecmwf_ifs025,6.8
2026-06-24,2026-06-26,Alebtong,ecmwf_ifs025,0.2
2026-06-24,2026-06-27,Alebtong,ecmwf_ifs025,0.2
2026-06-24,2026-06-28,Alebtong,ecmwf_ifs025,0.5
2026-06-24,2026-06-29,Alebtong,ecmwf_ifs025,2.3
2026-06-24,2026-06-30,Alebtong,ecmwf_ifs025,0.8
2026-06-24,2026-06-25,Alebtong,ecmwf_aifs025_single,3.1
2026-06-24,2026-06-26,Alebtong,ecmwf_aifs025_single,1.2
2026-06-24,2026-06-27,Alebtong,ecmwf_aifs025_single,2.5
2026-06-24,2026-06-28,Alebtong,ecmwf_aifs025_single,1.9
2026-06-24,2026-06-29,Alebtong,ecmwf_aifs025_single,1.5
2026-06-24,2026-06-30,Alebtong,ecmwf_aifs025_single,0.9
2026-06-24,2026-06-25,Alebtong,gfs_seamless,0.9
2026-06-24,2026-06-26,Alebtong,gfs_seamless,0.0
2026-06-24,2026-06-27,Alebtong,gfs_seamless,0.4
2026-06-24,2026-06-28,Alebtong,gfs_seamless,1.6
2026-06-24,2026-06-29,Alebtong,gfs_seamless,1.8
2026-06-24,2026-06-30,Alebtong,gfs_seamless,1.4
2026-06-24,2026-06-25,Alebtong,icon_seamless,2.1
2026-06-24,2026-06-26,Alebtong,icon_seamless,0.1
2026-06-24,2026-06-27,Alebtong,icon_seamless,0.8
2026-06-24,2026-06-28,Alebtong,icon_seamless,2.7
2026-06-24,2026-06-29,Alebtong,icon_seamless,0.0
2026-06-24,2026-06-30,Alebtong,icon_seamless,0.0
2026-06-24,2026-06-25,Alebtong,ukmo_seamless,0.8
2026-06-24,2026-06-26,Alebtong,ukmo_seamless,0.0
2026-06-24,2026-06-27,Alebtong,ukmo_seamless,0.0
2026-06-24,2026-06-28,Alebtong,ukmo_seamless,0.3
2026-06-24,2026-06-29,Alebtong,ukmo_seamless,1.2
2026-06-24,2026-06-30,Alebtong,ukmo_seamless,0.0
2026-06-24,2026-06-25,Alebtong,meteofrance_seamless,2.8
2026-06-24,2026-06-26,Alebtong,meteofrance_seamless,0.0
2026-06-24,2026-06-27,Alebtong,meteofrance_seamless,0.0
2026-06-24,2026-06-25,Alebtong,jma_seamless,4.4
2026-06-24,2026-06-26,Alebtong,jma_seamless,0.0
2026-06-24,2026-06-27,Alebtong,jma_seamless,0.0
2026-06-24,2026-06-28,Alebtong,jma_seamless,0.0
2026-06-24,2026-06-29,Alebtong,jma_seamless,0.0
2026-06-24,2026-06-30,Alebtong,jma_seamless,1.0
2026-06-24,2026-06-25,Alebtong,gem_seamless,1.1
2026-06-24,2026-06-26,Alebtong,gem_seamless,9.0
2026-06-24,2026-06-27,Alebtong,gem_seamless,1.8
2026-06-24,2026-06-28,Alebtong,gem_seamless,0.0
2026-06-24,2026-06-29,Alebtong,gem_seamless,1.0
2026-06-24,2026-06-30,Alebtong,gem_seamless,0.9
2026-06-24,2026-06-25,Alebtong,knmi_seamless,8.5
2026-06-24,2026-06-26,Alebtong,knmi_seamless,0.2
2026-06-24,2026-06-27,Alebtong,knmi_seamless,0.1
2026-06-24,2026-06-28,Alebtong,knmi_seamless,0.7
2026-06-24,2026-06-29,Alebtong,knmi_seamless,0.8
2026-06-24,2026-06-30,Alebtong,knmi_seamless,0.8
2026-06-24,2026-06-25,Lira,ecmwf_ifs025,4.2
2026-06-24,2026-06-26,Lira,ecmwf_ifs025,0.2
2026-06-24,2026-06-27,Lira,ecmwf_ifs025,0.1
2026-06-24,2026-06-28,Lira,ecmwf_ifs025,0.6
2026-06-24,2026-06-29,Lira,ecmwf_ifs025,1.3
2026-06-24,2026-06-30,Lira,ecmwf_ifs025,0.2
2026-06-24,2026-06-25,Lira,ecmwf_aifs025_single,2.4
2026-06-24,2026-06-26,Lira,ecmwf_aifs025_single,1.3
2026-06-24,2026-06-27,Lira,ecmwf_aifs025_single,2.8
2026-06-24,2026-06-28,Lira,ecmwf_aifs025_single,1.8
2026-06-24,2026-06-29,Lira,ecmwf_aifs025_single,1.6
2026-06-24,2026-06-30,Lira,ecmwf_aifs025_single,0.9
2026-06-24,2026-06-25,Lira,gfs_seamless,0.2
2026-06-24,2026-06-26,Lira,gfs_seamless,0.0
2026-06-24,2026-06-27,Lira,gfs_seamless,0.3
2026-06-24,2026-06-28,Lira,gfs_seamless,2.8
2026-06-24,2026-06-29,Lira,gfs_seamless,1.3
2026-06-24,2026-06-30,Lira,gfs_seamless,1.2
2026-06-24,2026-06-25,Lira,icon_seamless,3.9
2026-06-24,2026-06-26,Lira,icon_seamless,0.3
2026-06-24,2026-06-27,Lira,icon_seamless,0.3
2026-06-24,2026-06-28,Lira,icon_seamless,8.4
2026-06-24,2026-06-29,Lira,icon_seamless,0.0
2026-06-24,2026-06-30,Lira,icon_seamless,0.0
2026-06-24,2026-06-25,Lira,ukmo_seamless,0.8
2026-06-24,2026-06-26,Lira,ukmo_seamless,0.0
2026-06-24,2026-06-27,Lira,ukmo_seamless,0.0
2026-06-24,2026-06-28,Lira,ukmo_seamless,0.6
2026-06-24,2026-06-29,Lira,ukmo_seamless,1.5
2026-06-24,2026-06-30,Lira,ukmo_seamless,0.0
2026-06-24,2026-06-25,Lira,meteofrance_seamless,0.2
2026-06-24,2026-06-26,Lira,meteofrance_seamless,0.0
2026-06-24,2026-06-27,Lira,meteofrance_seamless,0.0
2026-06-24,2026-06-25,Lira,jma_seamless,4.4
2026-06-24,2026-06-26,Lira,jma_seamless,0.0
2026-06-24,2026-06-27,Lira,jma_seamless,0.0
2026-06-24,2026-06-28,Lira,jma_seamless,0.0
2026-06-24,2026-06-29,Lira,jma_seamless,0.0
2026-06-24,2026-06-30,Lira,jma_seamless,1.0
2026-06-24,2026-06-25,Lira,gem_seamless,0.9
2026-06-24,2026-06-26,Lira,gem_seamless,1.7
2026-06-24,2026-06-27,Lira,gem_seamless,1.0
2026-06-24,2026-06-28,Lira,gem_seamless,0.2
2026-06-24,2026-06-29,Lira,gem_seamless,3.4
2026-06-24,2026-06-30,Lira,gem_seamless,2.1
2026-06-24,2026-06-25,Lira,knmi_seamless,3.6
2026-06-24,2026-06-26,Lira,knmi_seamless,0.2
2026-06-24,2026-06-27,Lira,knmi_seamless,0.0
2026-06-24,2026-06-28,Lira,knmi_seamless,0.3
2026-06-24,2026-06-29,Lira,knmi_seamless,3.0
2026-06-24,2026-06-30,Lira,knmi_seamless,1.0
2026-06-24,2026-06-25,Kole,ecmwf_ifs025,3.9
2026-06-24,2026-06-26,Kole,ecmwf_ifs025,0.2
2026-06-24,2026-06-27,Kole,ecmwf_ifs025,0.1
2026-06-24,2026-06-28,Kole,ecmwf_ifs025,0.0
2026-06-24,2026-06-29,Kole,ecmwf_ifs025,1.0
2026-06-24,2026-06-30,Kole,ecmwf_ifs025,1.0
2026-06-24,2026-06-25,Kole,ecmwf_aifs025_single,3.7
2026-06-24,2026-06-26,Kole,ecmwf_aifs025_single,0.9
2026-06-24,2026-06-27,Kole,ecmwf_aifs025_single,1.4
2026-06-24,2026-06-28,Kole,ecmwf_aifs025_single,1.2
2026-06-24,2026-06-29,Kole,ecmwf_aifs025_single,1.2
2026-06-24,2026-06-30,Kole,ecmwf_aifs025_single,1.3
2026-06-24,2026-06-25,Kole,gfs_seamless,0.1
2026-06-24,2026-06-26,Kole,gfs_seamless,0.0
2026-06-24,2026-06-27,Kole,gfs_seamless,0.5
2026-06-24,2026-06-28,Kole,gfs_seamless,1.7
2026-06-24,2026-06-29,Kole,gfs_seamless,1.9
2026-06-24,2026-06-30,Kole,gfs_seamless,0.0
2026-06-24,2026-06-25,Kole,icon_seamless,3.9
2026-06-24,2026-06-26,Kole,icon_seamless,0.5
2026-06-24,2026-06-27,Kole,icon_seamless,0.5
2026-06-24,2026-06-28,Kole,icon_seamless,6.6
2026-06-24,2026-06-29,Kole,icon_seamless,0.0
2026-06-24,2026-06-30,Kole,icon_seamless,0.6
2026-06-24,2026-06-25,Kole,ukmo_seamless,1.6
2026-06-24,2026-06-26,Kole,ukmo_seamless,0.1
2026-06-24,2026-06-27,Kole,ukmo_seamless,0.0
2026-06-24,2026-06-28,Kole,ukmo_seamless,1.8
2026-06-24,2026-06-29,Kole,ukmo_seamless,1.5
2026-06-24,2026-06-30,Kole,ukmo_seamless,0.0
2026-06-24,2026-06-25,Kole,meteofrance_seamless,1.3
2026-06-24,2026-06-26,Kole,meteofrance_seamless,0.0
2026-06-24,2026-06-27,Kole,meteofrance_seamless,0.0
2026-06-24,2026-06-25,Kole,jma_seamless,7.4
2026-06-24,2026-06-26,Kole,jma_seamless,0.0
2026-06-24,2026-06-27,Kole,jma_seamless,0.0
2026-06-24,2026-06-28,Kole,jma_seamless,0.0
2026-06-24,2026-06-29,Kole,jma_seamless,0.0
2026-06-24,2026-06-30,Kole,jma_seamless,0.0
2026-06-24,2026-06-25,Kole,gem_seamless,0.9
2026-06-24,2026-06-26,Kole,gem_seamless,0.3
2026-06-24,2026-06-27,Kole,gem_seamless,0.5
2026-06-24,2026-06-28,Kole,gem_seamless,0.1
2026-06-24,2026-06-29,Kole,gem_seamless,2.2
2026-06-24,2026-06-30,Kole,gem_seamless,2.2
2026-06-24,2026-06-25,Kole,knmi_seamless,3.1
2026-06-24,2026-06-26,Kole,knmi_seamless,0.5
2026-06-24,2026-06-27,Kole,knmi_seamless,0.1
2026-06-24,2026-06-28,Kole,knmi_seamless,0.3
2026-06-24,2026-06-29,Kole,knmi_seamless,0.3
2026-06-24,2026-06-30,Kole,knmi_seamless,1.1
2026-06-24,2026-06-25,Oyam,ecmwf_ifs025,2.4
2026-06-24,2026-06-26,Oyam,ecmwf_ifs025,0.5
2026-06-24,2026-06-27,Oyam,ecmwf_ifs025,0.1
2026-06-24,2026-06-28,Oyam,ecmwf_ifs025,0.4
2026-06-24,2026-06-29,Oyam,ecmwf_ifs025,0.1
2026-06-24,2026-06-30,Oyam,ecmwf_ifs025,0.8
2026-06-24,2026-06-25,Oyam,ecmwf_aifs025_single,2.7
2026-06-24,2026-06-26,Oyam,ecmwf_aifs025_single,0.9
2026-06-24,2026-06-27,Oyam,ecmwf_aifs025_single,1.6
2026-06-24,2026-06-28,Oyam,ecmwf_aifs025_single,1.1
2026-06-24,2026-06-29,Oyam,ecmwf_aifs025_single,1.3
2026-06-24,2026-06-30,Oyam,ecmwf_aifs025_single,1.3
2026-06-24,2026-06-25,Oyam,gfs_seamless,0.1
2026-06-24,2026-06-26,Oyam,gfs_seamless,0.0
2026-06-24,2026-06-27,Oyam,gfs_seamless,0.8
2026-06-24,2026-06-28,Oyam,gfs_seamless,5.2
2026-06-24,2026-06-29,Oyam,gfs_seamless,1.7
2026-06-24,2026-06-30,Oyam,gfs_seamless,0.3
2026-06-24,2026-06-25,Oyam,icon_seamless,1.2
2026-06-24,2026-06-26,Oyam,icon_seamless,0.4
2026-06-24,2026-06-27,Oyam,icon_seamless,0.0
2026-06-24,2026-06-28,Oyam,icon_seamless,1.8
2026-06-24,2026-06-29,Oyam,icon_seamless,0.0
2026-06-24,2026-06-30,Oyam,icon_seamless,1.8
2026-06-24,2026-06-25,Oyam,ukmo_seamless,1.3
2026-06-24,2026-06-26,Oyam,ukmo_seamless,0.0
2026-06-24,2026-06-27,Oyam,ukmo_seamless,0.0
2026-06-24,2026-06-28,Oyam,ukmo_seamless,1.7
2026-06-24,2026-06-29,Oyam,ukmo_seamless,2.2
2026-06-24,2026-06-30,Oyam,ukmo_seamless,0.0
2026-06-24,2026-06-25,Oyam,meteofrance_seamless,3.9
2026-06-24,2026-06-26,Oyam,meteofrance_seamless,0.0
2026-06-24,2026-06-27,Oyam,meteofrance_seamless,0.0
2026-06-24,2026-06-25,Oyam,jma_seamless,7.4
2026-06-24,2026-06-26,Oyam,jma_seamless,0.0
2026-06-24,2026-06-27,Oyam,jma_seamless,0.0
2026-06-24,2026-06-28,Oyam,jma_seamless,0.0
2026-06-24,2026-06-29,Oyam,jma_seamless,0.0
2026-06-24,2026-06-30,Oyam,jma_seamless,0.0
2026-06-24,2026-06-25,Oyam,gem_seamless,1.1
2026-06-24,2026-06-26,Oyam,gem_seamless,0.0
2026-06-24,2026-06-27,Oyam,gem_seamless,0.0
2026-06-24,2026-06-28,Oyam,gem_seamless,0.0
2026-06-24,2026-06-29,Oyam,gem_seamless,0.3
2026-06-24,2026-06-30,Oyam,gem_seamless,2.6
2026-06-24,2026-06-25,Oyam,knmi_seamless,1.3
2026-06-24,2026-06-26,Oyam,knmi_seamless,0.3
2026-06-24,2026-06-27,Oyam,knmi_seamless,0.3
2026-06-24,2026-06-28,Oyam,knmi_seamless,0.3
2026-06-24,2026-06-29,Oyam,knmi_seamless,0.0
2026-06-24,2026-06-30,Oyam,knmi_seamless,3.4
2026-06-24,2026-06-25,Apac,ecmwf_ifs025,1.7
2026-06-24,2026-06-26,Apac,ecmwf_ifs025,0.4
2026-06-24,2026-06-27,Apac,ecmwf_ifs025,0.9
2026-06-24,2026-06-28,Apac,ecmwf_ifs025,0.1
2026-06-24,2026-06-29,Apac,ecmwf_ifs025,0.3
2026-06-24,2026-06-30,Apac,ecmwf_ifs025,1.3
2026-06-24,2026-06-25,Apac,ecmwf_aifs025_single,3.4
2026-06-24,2026-06-26,Apac,ecmwf_aifs025_single,0.9
2026-06-24,2026-06-27,Apac,ecmwf_aifs025_single,1.2
2026-06-24,2026-06-28,Apac,ecmwf_aifs025_single,0.9
2026-06-24,2026-06-29,Apac,ecmwf_aifs025_single,1.0
2026-06-24,2026-06-30,Apac,ecmwf_aifs025_single,1.3
2026-06-24,2026-06-25,Apac,gfs_seamless,0.0
2026-06-24,2026-06-26,Apac,gfs_seamless,0.0
2026-06-24,2026-06-27,Apac,gfs_seamless,0.5
2026-06-24,2026-06-28,Apac,gfs_seamless,3.7
2026-06-24,2026-06-29,Apac,gfs_seamless,3.6
2026-06-24,2026-06-30,Apac,gfs_seamless,0.9
2026-06-24,2026-06-25,Apac,icon_seamless,5.9
2026-06-24,2026-06-26,Apac,icon_seamless,0.1
2026-06-24,2026-06-27,Apac,icon_seamless,0.3
2026-06-24,2026-06-28,Apac,icon_seamless,0.0
2026-06-24,2026-06-29,Apac,icon_seamless,0.0
2026-06-24,2026-06-30,Apac,icon_seamless,0.0
2026-06-24,2026-06-25,Apac,ukmo_seamless,1.6
2026-06-24,2026-06-26,Apac,ukmo_seamless,0.0
2026-06-24,2026-06-27,Apac,ukmo_seamless,0.0
2026-06-24,2026-06-28,Apac,ukmo_seamless,2.7
2026-06-24,2026-06-29,Apac,ukmo_seamless,3.0
2026-06-24,2026-06-30,Apac,ukmo_seamless,0.0
2026-06-24,2026-06-25,Apac,meteofrance_seamless,3.4
2026-06-24,2026-06-26,Apac,meteofrance_seamless,0.0
2026-06-24,2026-06-27,Apac,meteofrance_seamless,0.0
2026-06-24,2026-06-25,Apac,jma_seamless,0.5
2026-06-24,2026-06-26,Apac,jma_seamless,0.0
2026-06-24,2026-06-27,Apac,jma_seamless,0.0
2026-06-24,2026-06-28,Apac,jma_seamless,0.0
2026-06-24,2026-06-29,Apac,jma_seamless,0.0
2026-06-24,2026-06-30,Apac,jma_seamless,0.0
2026-06-24,2026-06-25,Apac,gem_seamless,1.4
2026-06-24,2026-06-26,Apac,gem_seamless,0.0
2026-06-24,2026-06-27,Apac,gem_seamless,0.0
2026-06-24,2026-06-28,Apac,gem_seamless,0.0
2026-06-24,2026-06-29,Apac,gem_seamless,0.0
2026-06-24,2026-06-30,Apac,gem_seamless,1.0
2026-06-24,2026-06-25,Apac,knmi_seamless,3.5
2026-06-24,2026-06-26,Apac,knmi_seamless,0.1
2026-06-24,2026-06-27,Apac,knmi_seamless,0.4
2026-06-24,2026-06-28,Apac,knmi_seamless,0.0
2026-06-24,2026-06-29,Apac,knmi_seamless,1.2
2026-06-24,2026-06-30,Apac,knmi_seamless,1.4
2026-06-24,2026-06-25,Gulu,ecmwf_ifs025,1.1
2026-06-24,2026-06-26,Gulu,ecmwf_ifs025,0.6
2026-06-24,2026-06-27,Gulu,ecmwf_ifs025,0.2
2026-06-24,2026-06-28,Gulu,ecmwf_ifs025,1.2
2026-06-24,2026-06-29,Gulu,ecmwf_ifs025,4.7
2026-06-24,2026-06-30,Gulu,ecmwf_ifs025,0.9
2026-06-24,2026-06-25,Gulu,ecmwf_aifs025_single,1.5
2026-06-24,2026-06-26,Gulu,ecmwf_aifs025_single,1.3
2026-06-24,2026-06-27,Gulu,ecmwf_aifs025_single,3.2
2026-06-24,2026-06-28,Gulu,ecmwf_aifs025_single,1.6
2026-06-24,2026-06-29,Gulu,ecmwf_aifs025_single,1.7
2026-06-24,2026-06-30,Gulu,ecmwf_aifs025_single,1.0
2026-06-24,2026-06-25,Gulu,gfs_seamless,3.1
2026-06-24,2026-06-26,Gulu,gfs_seamless,0.0
2026-06-24,2026-06-27,Gulu,gfs_seamless,3.5
2026-06-24,2026-06-28,Gulu,gfs_seamless,4.9
2026-06-24,2026-06-29,Gulu,gfs_seamless,2.7
2026-06-24,2026-06-30,Gulu,gfs_seamless,0.7
2026-06-24,2026-06-25,Gulu,icon_seamless,0.5
2026-06-24,2026-06-26,Gulu,icon_seamless,0.6
2026-06-24,2026-06-27,Gulu,icon_seamless,0.7
2026-06-24,2026-06-28,Gulu,icon_seamless,4.2
2026-06-24,2026-06-29,Gulu,icon_seamless,0.0
2026-06-24,2026-06-30,Gulu,icon_seamless,1.8
2026-06-24,2026-06-25,Gulu,ukmo_seamless,0.3
2026-06-24,2026-06-26,Gulu,ukmo_seamless,0.4
2026-06-24,2026-06-27,Gulu,ukmo_seamless,0.0
2026-06-24,2026-06-28,Gulu,ukmo_seamless,0.6
2026-06-24,2026-06-29,Gulu,ukmo_seamless,3.9
2026-06-24,2026-06-30,Gulu,ukmo_seamless,0.2
2026-06-24,2026-06-25,Gulu,meteofrance_seamless,1.8
2026-06-24,2026-06-26,Gulu,meteofrance_seamless,0.0
2026-06-24,2026-06-27,Gulu,meteofrance_seamless,0.9
2026-06-24,2026-06-25,Gulu,jma_seamless,3.1
2026-06-24,2026-06-26,Gulu,jma_seamless,0.0
2026-06-24,2026-06-27,Gulu,jma_seamless,0.0
2026-06-24,2026-06-28,Gulu,jma_seamless,0.0
2026-06-24,2026-06-29,Gulu,jma_seamless,0.0
2026-06-24,2026-06-30,Gulu,jma_seamless,1.6
2026-06-24,2026-06-25,Gulu,gem_seamless,1.9
2026-06-24,2026-06-26,Gulu,gem_seamless,5.5
2026-06-24,2026-06-27,Gulu,gem_seamless,0.3
2026-06-24,2026-06-28,Gulu,gem_seamless,0.1
2026-06-24,2026-06-29,Gulu,gem_seamless,2.3
2026-06-24,2026-06-30,Gulu,gem_seamless,3.9
2026-06-24,2026-06-25,Gulu,knmi_seamless,0.6
2026-06-24,2026-06-26,Gulu,knmi_seamless,0.3
2026-06-24,2026-06-27,Gulu,knmi_seamless,0.2
2026-06-24,2026-06-28,Gulu,knmi_seamless,0.0
2026-06-24,2026-06-29,Gulu,knmi_seamless,2.7
2026-06-24,2026-06-30,Gulu,knmi_seamless,1.5
2026-06-24,2026-06-25,Omoro,ecmwf_ifs025,2.2
2026-06-24,2026-06-26,Omoro,ecmwf_ifs025,0.3
2026-06-24,2026-06-27,Omoro,ecmwf_ifs025,0.1
2026-06-24,2026-06-28,Omoro,ecmwf_ifs025,0.4
2026-06-24,2026-06-29,Omoro,ecmwf_ifs025,0.2
2026-06-24,2026-06-30,Omoro,ecmwf_ifs025,1.3
2026-06-24,2026-06-25,Omoro,ecmwf_aifs025_single,1.8
2026-06-24,2026-06-26,Omoro,ecmwf_aifs025_single,1.2
2026-06-24,2026-06-27,Omoro,ecmwf_aifs025_single,2.9
2026-06-24,2026-06-28,Omoro,ecmwf_aifs025_single,1.7
2026-06-24,2026-06-29,Omoro,ecmwf_aifs025_single,1.7
2026-06-24,2026-06-30,Omoro,ecmwf_aifs025_single,1.0
2026-06-24,2026-06-25,Omoro,gfs_seamless,0.1
2026-06-24,2026-06-26,Omoro,gfs_seamless,0.2
2026-06-24,2026-06-27,Omoro,gfs_seamless,1.1
2026-06-24,2026-06-28,Omoro,gfs_seamless,0.7
2026-06-24,2026-06-29,Omoro,gfs_seamless,0.8
2026-06-24,2026-06-30,Omoro,gfs_seamless,0.4
2026-06-24,2026-06-25,Omoro,icon_seamless,0.6
2026-06-24,2026-06-26,Omoro,icon_seamless,0.4
2026-06-24,2026-06-27,Omoro,icon_seamless,0.0
2026-06-24,2026-06-28,Omoro,icon_seamless,6.6
2026-06-24,2026-06-29,Omoro,icon_seamless,0.0
2026-06-24,2026-06-30,Omoro,icon_seamless,1.2
2026-06-24,2026-06-25,Omoro,ukmo_seamless,0.2
2026-06-24,2026-06-26,Omoro,ukmo_seamless,0.1
2026-06-24,2026-06-27,Omoro,ukmo_seamless,0.0
2026-06-24,2026-06-28,Omoro,ukmo_seamless,0.0
2026-06-24,2026-06-29,Omoro,ukmo_seamless,1.8
2026-06-24,2026-06-30,Omoro,ukmo_seamless,0.0
2026-06-24,2026-06-25,Omoro,meteofrance_seamless,0.6
2026-06-24,2026-06-26,Omoro,meteofrance_seamless,0.0
2026-06-24,2026-06-27,Omoro,meteofrance_seamless,0.2
2026-06-24,2026-06-25,Omoro,jma_seamless,7.4
2026-06-24,2026-06-26,Omoro,jma_seamless,0.0
2026-06-24,2026-06-27,Omoro,jma_seamless,0.0
2026-06-24,2026-06-28,Omoro,jma_seamless,0.0
2026-06-24,2026-06-29,Omoro,jma_seamless,0.0
2026-06-24,2026-06-30,Omoro,jma_seamless,0.0
2026-06-24,2026-06-25,Omoro,gem_seamless,1.4
2026-06-24,2026-06-26,Omoro,gem_seamless,1.8
2026-06-24,2026-06-27,Omoro,gem_seamless,2.8
2026-06-24,2026-06-28,Omoro,gem_seamless,0.5
2026-06-24,2026-06-29,Omoro,gem_seamless,2.9
2026-06-24,2026-06-30,Omoro,gem_seamless,1.8
2026-06-24,2026-06-25,Omoro,knmi_seamless,1.9
2026-06-24,2026-06-26,Omoro,knmi_seamless,0.2
2026-06-24,2026-06-27,Omoro,knmi_seamless,0.1
2026-06-24,2026-06-28,Omoro,knmi_seamless,1.6
2026-06-24,2026-06-29,Omoro,knmi_seamless,0.8
2026-06-24,2026-06-30,Omoro,knmi_seamless,1.9
2026-06-24,2026-06-25,Nwoya,ecmwf_ifs025,1.1
2026-06-24,2026-06-26,Nwoya,ecmwf_ifs025,0.4
2026-06-24,2026-06-27,Nwoya,ecmwf_ifs025,0.1
2026-06-24,2026-06-28,Nwoya,ecmwf_ifs025,0.1
2026-06-24,2026-06-29,Nwoya,ecmwf_ifs025,1.0
2026-06-24,2026-06-30,Nwoya,ecmwf_ifs025,0.6
2026-06-24,2026-06-25,Nwoya,ecmwf_aifs025_single,1.6
2026-06-24,2026-06-26,Nwoya,ecmwf_aifs025_single,1.1
2026-06-24,2026-06-27,Nwoya,ecmwf_aifs025_single,1.8
2026-06-24,2026-06-28,Nwoya,ecmwf_aifs025_single,0.9
2026-06-24,2026-06-29,Nwoya,ecmwf_aifs025_single,1.2
2026-06-24,2026-06-30,Nwoya,ecmwf_aifs025_single,1.4
2026-06-24,2026-06-25,Nwoya,gfs_seamless,2.6
2026-06-24,2026-06-26,Nwoya,gfs_seamless,0.4
2026-06-24,2026-06-27,Nwoya,gfs_seamless,0.9
2026-06-24,2026-06-28,Nwoya,gfs_seamless,2.6
2026-06-24,2026-06-29,Nwoya,gfs_seamless,1.7
2026-06-24,2026-06-30,Nwoya,gfs_seamless,0.9
2026-06-24,2026-06-25,Nwoya,icon_seamless,2.8
2026-06-24,2026-06-26,Nwoya,icon_seamless,0.1
2026-06-24,2026-06-27,Nwoya,icon_seamless,2.0
2026-06-24,2026-06-28,Nwoya,icon_seamless,9.9
2026-06-24,2026-06-29,Nwoya,icon_seamless,1.2
2026-06-24,2026-06-30,Nwoya,icon_seamless,9.6
2026-06-24,2026-06-25,Nwoya,ukmo_seamless,0.8
2026-06-24,2026-06-26,Nwoya,ukmo_seamless,0.0
2026-06-24,2026-06-27,Nwoya,ukmo_seamless,0.0
2026-06-24,2026-06-28,Nwoya,ukmo_seamless,0.9
2026-06-24,2026-06-29,Nwoya,ukmo_seamless,2.1
2026-06-24,2026-06-30,Nwoya,ukmo_seamless,0.0
2026-06-24,2026-06-25,Nwoya,meteofrance_seamless,0.6
2026-06-24,2026-06-26,Nwoya,meteofrance_seamless,0.0
2026-06-24,2026-06-27,Nwoya,meteofrance_seamless,0.0
2026-06-24,2026-06-25,Nwoya,jma_seamless,5.4
2026-06-24,2026-06-26,Nwoya,jma_seamless,0.0
2026-06-24,2026-06-27,Nwoya,jma_seamless,0.0
2026-06-24,2026-06-28,Nwoya,jma_seamless,0.0
2026-06-24,2026-06-29,Nwoya,jma_seamless,0.0
2026-06-24,2026-06-30,Nwoya,jma_seamless,0.0
2026-06-24,2026-06-25,Nwoya,gem_seamless,2.4
2026-06-24,2026-06-26,Nwoya,gem_seamless,3.0
2026-06-24,2026-06-27,Nwoya,gem_seamless,0.0
2026-06-24,2026-06-28,Nwoya,gem_seamless,0.3
2026-06-24,2026-06-29,Nwoya,gem_seamless,0.0
2026-06-24,2026-06-30,Nwoya,gem_seamless,2.7
2026-06-24,2026-06-25,Nwoya,knmi_seamless,0.8
2026-06-24,2026-06-26,Nwoya,knmi_seamless,0.2
2026-06-24,2026-06-27,Nwoya,knmi_seamless,0.0
2026-06-24,2026-06-28,Nwoya,knmi_seamless,0.0
2026-06-24,2026-06-29,Nwoya,knmi_seamless,0.0
2026-06-24,2026-06-30,Nwoya,knmi_seamless,3.5
2026-06-24,2026-06-25,Amuru,ecmwf_ifs025,0.9
2026-06-24,2026-06-26,Amuru,ecmwf_ifs025,0.6
2026-06-24,2026-06-27,Amuru,ecmwf_ifs025,0.4
2026-06-24,2026-06-28,Amuru,ecmwf_ifs025,0.5
2026-06-24,2026-06-29,Amuru,ecmwf_ifs025,0.5
2026-06-24,2026-06-30,Amuru,ecmwf_ifs025,1.8
2026-06-24,2026-06-25,Amuru,ecmwf_aifs025_single,1.3
2026-06-24,2026-06-26,Amuru,ecmwf_aifs025_single,1.3
2026-06-24,2026-06-27,Amuru,ecmwf_aifs025_single,2.4
2026-06-24,2026-06-28,Amuru,ecmwf_aifs025_single,1.1
2026-06-24,2026-06-29,Amuru,ecmwf_aifs025_single,1.5
2026-06-24,2026-06-30,Amuru,ecmwf_aifs025_single,1.4
2026-06-24,2026-06-25,Amuru,gfs_seamless,3.1
2026-06-24,2026-06-26,Amuru,gfs_seamless,0.0
2026-06-24,2026-06-27,Amuru,gfs_seamless,0.5
2026-06-24,2026-06-28,Amuru,gfs_seamless,3.0
2026-06-24,2026-06-29,Amuru,gfs_seamless,3.1
2026-06-24,2026-06-30,Amuru,gfs_seamless,0.2
2026-06-24,2026-06-25,Amuru,icon_seamless,0.6
2026-06-24,2026-06-26,Amuru,icon_seamless,6.7
2026-06-24,2026-06-27,Amuru,icon_seamless,3.1
2026-06-24,2026-06-28,Amuru,icon_seamless,3.9
2026-06-24,2026-06-29,Amuru,icon_seamless,1.2
2026-06-24,2026-06-30,Amuru,icon_seamless,2.4
2026-06-24,2026-06-25,Amuru,ukmo_seamless,0.2
2026-06-24,2026-06-26,Amuru,ukmo_seamless,0.2
2026-06-24,2026-06-27,Amuru,ukmo_seamless,0.0
2026-06-24,2026-06-28,Amuru,ukmo_seamless,0.9
2026-06-24,2026-06-29,Amuru,ukmo_seamless,3.9
2026-06-24,2026-06-30,Amuru,ukmo_seamless,0.4
2026-06-24,2026-06-25,Amuru,meteofrance_seamless,3.8
2026-06-24,2026-06-26,Amuru,meteofrance_seamless,0.0
2026-06-24,2026-06-27,Amuru,meteofrance_seamless,1.8
2026-06-24,2026-06-25,Amuru,jma_seamless,4.0
2026-06-24,2026-06-26,Amuru,jma_seamless,0.1
2026-06-24,2026-06-27,Amuru,jma_seamless,0.3
2026-06-24,2026-06-28,Amuru,jma_seamless,0.0
2026-06-24,2026-06-29,Amuru,jma_seamless,0.0
2026-06-24,2026-06-30,Amuru,jma_seamless,3.5
2026-06-24,2026-06-25,Amuru,gem_seamless,2.3
2026-06-24,2026-06-26,Amuru,gem_seamless,13.0
2026-06-24,2026-06-27,Amuru,gem_seamless,0.2
2026-06-24,2026-06-28,Amuru,gem_seamless,0.4
2026-06-24,2026-06-29,Amuru,gem_seamless,0.6
2026-06-24,2026-06-30,Amuru,gem_seamless,4.2
2026-06-24,2026-06-25,Amuru,knmi_seamless,1.0
2026-06-24,2026-06-26,Amuru,knmi_seamless,0.6
2026-06-24,2026-06-27,Amuru,knmi_seamless,0.3
2026-06-24,2026-06-28,Amuru,knmi_seamless,0.3
2026-06-24,2026-06-29,Amuru,knmi_seamless,0.3
2026-06-24,2026-06-30,Amuru,knmi_seamless,4.1
2026-06-24,2026-06-25,Lamwo,ecmwf_ifs025,1.2
2026-06-24,2026-06-26,Lamwo,ecmwf_ifs025,4.6
2026-06-24,2026-06-27,Lamwo,ecmwf_ifs025,0.9
2026-06-24,2026-06-28,Lamwo,ecmwf_ifs025,3.6
2026-06-24,2026-06-29,Lamwo,ecmwf_ifs025,1.2
2026-06-24,2026-06-30,Lamwo,ecmwf_ifs025,2.1
2026-06-24,2026-06-25,Lamwo,ecmwf_aifs025_single,2.1
2026-06-24,2026-06-26,Lamwo,ecmwf_aifs025_single,1.4
2026-06-24,2026-06-27,Lamwo,ecmwf_aifs025_single,4.7
2026-06-24,2026-06-28,Lamwo,ecmwf_aifs025_single,2.4
2026-06-24,2026-06-29,Lamwo,ecmwf_aifs025_single,2.2
2026-06-24,2026-06-30,Lamwo,ecmwf_aifs025_single,1.0
2026-06-24,2026-06-25,Lamwo,gfs_seamless,3.4
2026-06-24,2026-06-26,Lamwo,gfs_seamless,0.8
2026-06-24,2026-06-27,Lamwo,gfs_seamless,0.0
2026-06-24,2026-06-28,Lamwo,gfs_seamless,8.9
2026-06-24,2026-06-29,Lamwo,gfs_seamless,3.7
2026-06-24,2026-06-30,Lamwo,gfs_seamless,1.8
2026-06-24,2026-06-25,Lamwo,icon_seamless,0.2
2026-06-24,2026-06-26,Lamwo,icon_seamless,7.1
2026-06-24,2026-06-27,Lamwo,icon_seamless,2.5
2026-06-24,2026-06-28,Lamwo,icon_seamless,3.9
2026-06-24,2026-06-29,Lamwo,icon_seamless,5.1
2026-06-24,2026-06-30,Lamwo,icon_seamless,3.3
2026-06-24,2026-06-25,Lamwo,ukmo_seamless,0.1
2026-06-24,2026-06-26,Lamwo,ukmo_seamless,0.0
2026-06-24,2026-06-27,Lamwo,ukmo_seamless,0.9
2026-06-24,2026-06-28,Lamwo,ukmo_seamless,0.0
2026-06-24,2026-06-29,Lamwo,ukmo_seamless,1.5
2026-06-24,2026-06-30,Lamwo,ukmo_seamless,0.2
2026-06-24,2026-06-25,Lamwo,meteofrance_seamless,0.5
2026-06-24,2026-06-26,Lamwo,meteofrance_seamless,4.1
2026-06-24,2026-06-27,Lamwo,meteofrance_seamless,3.9
2026-06-24,2026-06-25,Lamwo,jma_seamless,1.4
2026-06-24,2026-06-26,Lamwo,jma_seamless,1.6
2026-06-24,2026-06-27,Lamwo,jma_seamless,0.5
2026-06-24,2026-06-28,Lamwo,jma_seamless,0.5
2026-06-24,2026-06-29,Lamwo,jma_seamless,0.0
2026-06-24,2026-06-30,Lamwo,jma_seamless,2.3
2026-06-24,2026-06-25,Lamwo,gem_seamless,1.8
2026-06-24,2026-06-26,Lamwo,gem_seamless,21.9
2026-06-24,2026-06-27,Lamwo,gem_seamless,0.0
2026-06-24,2026-06-28,Lamwo,gem_seamless,4.5
2026-06-24,2026-06-29,Lamwo,gem_seamless,0.3
2026-06-24,2026-06-30,Lamwo,gem_seamless,1.8
2026-06-24,2026-06-25,Lamwo,knmi_seamless,0.7
2026-06-24,2026-06-26,Lamwo,knmi_seamless,4.3
2026-06-24,2026-06-27,Lamwo,knmi_seamless,1.2
2026-06-24,2026-06-28,Lamwo,knmi_seamless,4.8
2026-06-24,2026-06-29,Lamwo,knmi_seamless,0.3
2026-06-24,2026-06-30,Lamwo,knmi_seamless,2.5
2026-06-24,2026-06-25,Amolatar,ecmwf_ifs025,4.3
2026-06-24,2026-06-26,Amolatar,ecmwf_ifs025,0.2
2026-06-24,2026-06-27,Amolatar,ecmwf_ifs025,0.1
2026-06-24,2026-06-28,Amolatar,ecmwf_ifs025,0.0
2026-06-24,2026-06-29,Amolatar,ecmwf_ifs025,3.2
2026-06-24,2026-06-30,Amolatar,ecmwf_ifs025,0.8
2026-06-24,2026-06-25,Amolatar,ecmwf_aifs025_single,5.5
2026-06-24,2026-06-26,Amolatar,ecmwf_aifs025_single,0.6
2026-06-24,2026-06-27,Amolatar,ecmwf_aifs025_single,0.9
2026-06-24,2026-06-28,Amolatar,ecmwf_aifs025_single,0.8
2026-06-24,2026-06-29,Amolatar,ecmwf_aifs025_single,0.9
2026-06-24,2026-06-30,Amolatar,ecmwf_aifs025_single,1.0
2026-06-24,2026-06-25,Amolatar,gfs_seamless,0.2
2026-06-24,2026-06-26,Amolatar,gfs_seamless,0.0
2026-06-24,2026-06-27,Amolatar,gfs_seamless,0.0
2026-06-24,2026-06-28,Amolatar,gfs_seamless,2.0
2026-06-24,2026-06-29,Amolatar,gfs_seamless,0.3
2026-06-24,2026-06-30,Amolatar,gfs_seamless,0.9
2026-06-24,2026-06-25,Amolatar,icon_seamless,11.2
2026-06-24,2026-06-26,Amolatar,icon_seamless,0.0
2026-06-24,2026-06-27,Amolatar,icon_seamless,0.0
2026-06-24,2026-06-28,Amolatar,icon_seamless,0.6
2026-06-24,2026-06-29,Amolatar,icon_seamless,0.0
2026-06-24,2026-06-30,Amolatar,icon_seamless,0.4
2026-06-24,2026-06-25,Amolatar,ukmo_seamless,1.1
2026-06-24,2026-06-26,Amolatar,ukmo_seamless,0.0
2026-06-24,2026-06-27,Amolatar,ukmo_seamless,0.0
2026-06-24,2026-06-28,Amolatar,ukmo_seamless,0.0
2026-06-24,2026-06-29,Amolatar,ukmo_seamless,1.8
2026-06-24,2026-06-30,Amolatar,ukmo_seamless,0.0
2026-06-24,2026-06-25,Amolatar,meteofrance_seamless,10.3
2026-06-24,2026-06-26,Amolatar,meteofrance_seamless,0.0
2026-06-24,2026-06-27,Amolatar,meteofrance_seamless,0.0
2026-06-24,2026-06-25,Amolatar,jma_seamless,3.9
2026-06-24,2026-06-26,Amolatar,jma_seamless,0.3
2026-06-24,2026-06-27,Amolatar,jma_seamless,0.0
2026-06-24,2026-06-28,Amolatar,jma_seamless,0.0
2026-06-24,2026-06-29,Amolatar,jma_seamless,0.0
2026-06-24,2026-06-30,Amolatar,jma_seamless,0.0
2026-06-24,2026-06-25,Amolatar,gem_seamless,0.0
2026-06-24,2026-06-26,Amolatar,gem_seamless,0.0
2026-06-24,2026-06-27,Amolatar,gem_seamless,0.0
2026-06-24,2026-06-28,Amolatar,gem_seamless,0.0
2026-06-24,2026-06-29,Amolatar,gem_seamless,0.0
2026-06-24,2026-06-30,Amolatar,gem_seamless,0.4
2026-06-24,2026-06-25,Amolatar,knmi_seamless,2.2
2026-06-24,2026-06-26,Amolatar,knmi_seamless,0.1
2026-06-24,2026-06-27,Amolatar,knmi_seamless,0.2
2026-06-24,2026-06-28,Amolatar,knmi_seamless,0.0
2026-06-24,2026-06-29,Amolatar,knmi_seamless,0.9
2026-06-24,2026-06-30,Amolatar,knmi_seamless,1.8
2026-06-24,2026-06-25,Kalaki,ecmwf_ifs025,14.2
2026-06-24,2026-06-26,Kalaki,ecmwf_ifs025,0.3
2026-06-24,2026-06-27,Kalaki,ecmwf_ifs025,0.0
2026-06-24,2026-06-28,Kalaki,ecmwf_ifs025,0.4
2026-06-24,2026-06-29,Kalaki,ecmwf_ifs025,0.3
2026-06-24,2026-06-30,Kalaki,ecmwf_ifs025,0.6
2026-06-24,2026-06-25,Kalaki,ecmwf_aifs025_single,4.2
2026-06-24,2026-06-26,Kalaki,ecmwf_aifs025_single,1.2
2026-06-24,2026-06-27,Kalaki,ecmwf_aifs025_single,2.3
2026-06-24,2026-06-28,Kalaki,ecmwf_aifs025_single,2.1
2026-06-24,2026-06-29,Kalaki,ecmwf_aifs025_single,1.6
2026-06-24,2026-06-30,Kalaki,ecmwf_aifs025_single,1.1
2026-06-24,2026-06-25,Kalaki,gfs_seamless,0.0
2026-06-24,2026-06-26,Kalaki,gfs_seamless,0.6
2026-06-24,2026-06-27,Kalaki,gfs_seamless,0.2
2026-06-24,2026-06-28,Kalaki,gfs_seamless,2.4
2026-06-24,2026-06-29,Kalaki,gfs_seamless,7.5
2026-06-24,2026-06-30,Kalaki,gfs_seamless,1.2
2026-06-24,2026-06-25,Kalaki,icon_seamless,3.4
2026-06-24,2026-06-26,Kalaki,icon_seamless,0.0
2026-06-24,2026-06-27,Kalaki,icon_seamless,0.0
2026-06-24,2026-06-28,Kalaki,icon_seamless,0.6
2026-06-24,2026-06-29,Kalaki,icon_seamless,0.0
2026-06-24,2026-06-30,Kalaki,icon_seamless,1.4
2026-06-24,2026-06-25,Kalaki,ukmo_seamless,1.4
2026-06-24,2026-06-26,Kalaki,ukmo_seamless,0.1
2026-06-24,2026-06-27,Kalaki,ukmo_seamless,0.0
2026-06-24,2026-06-28,Kalaki,ukmo_seamless,0.9
2026-06-24,2026-06-29,Kalaki,ukmo_seamless,2.1
2026-06-24,2026-06-30,Kalaki,ukmo_seamless,0.0
2026-06-24,2026-06-25,Kalaki,meteofrance_seamless,17.6
2026-06-24,2026-06-26,Kalaki,meteofrance_seamless,0.0
2026-06-24,2026-06-27,Kalaki,meteofrance_seamless,0.0
2026-06-24,2026-06-25,Kalaki,jma_seamless,10.0
2026-06-24,2026-06-26,Kalaki,jma_seamless,0.4
2026-06-24,2026-06-27,Kalaki,jma_seamless,0.0
2026-06-24,2026-06-28,Kalaki,jma_seamless,0.0
2026-06-24,2026-06-29,Kalaki,jma_seamless,0.0
2026-06-24,2026-06-30,Kalaki,jma_seamless,2.3
2026-06-24,2026-06-25,Kalaki,gem_seamless,1.6
2026-06-24,2026-06-26,Kalaki,gem_seamless,1.5
2026-06-24,2026-06-27,Kalaki,gem_seamless,2.4
2026-06-24,2026-06-28,Kalaki,gem_seamless,0.0
2026-06-24,2026-06-29,Kalaki,gem_seamless,1.5
2026-06-24,2026-06-30,Kalaki,gem_seamless,8.7
2026-06-24,2026-06-25,Kalaki,knmi_seamless,4.2
2026-06-24,2026-06-26,Kalaki,knmi_seamless,0.1
2026-06-24,2026-06-27,Kalaki,knmi_seamless,0.0
2026-06-24,2026-06-28,Kalaki,knmi_seamless,0.3
2026-06-24,2026-06-29,Kalaki,knmi_seamless,0.9
2026-06-24,2026-06-30,Kalaki,knmi_seamless,0.8
2026-06-24,2026-06-25,Amuria,ecmwf_ifs025,14.2
2026-06-24,2026-06-26,Amuria,ecmwf_ifs025,0.3
2026-06-24,2026-06-27,Amuria,ecmwf_ifs025,0.0
2026-06-24,2026-06-28,Amuria,ecmwf_ifs025,0.4
2026-06-24,2026-06-29,Amuria,ecmwf_ifs025,0.3
2026-06-24,2026-06-30,Amuria,ecmwf_ifs025,0.6
2026-06-24,2026-06-25,Amuria,ecmwf_aifs025_single,4.2
2026-06-24,2026-06-26,Amuria,ecmwf_aifs025_single,1.2
2026-06-24,2026-06-27,Amuria,ecmwf_aifs025_single,2.3
2026-06-24,2026-06-28,Amuria,ecmwf_aifs025_single,2.1
2026-06-24,2026-06-29,Amuria,ecmwf_aifs025_single,1.6
2026-06-24,2026-06-30,Amuria,ecmwf_aifs025_single,1.1
2026-06-24,2026-06-25,Amuria,gfs_seamless,0.4
2026-06-24,2026-06-26,Amuria,gfs_seamless,0.5
2026-06-24,2026-06-27,Amuria,gfs_seamless,0.0
2026-06-24,2026-06-28,Amuria,gfs_seamless,2.8
2026-06-24,2026-06-29,Amuria,gfs_seamless,5.2
2026-06-24,2026-06-30,Amuria,gfs_seamless,1.5
2026-06-24,2026-06-25,Amuria,icon_seamless,1.2
2026-06-24,2026-06-26,Amuria,icon_seamless,0.0
2026-06-24,2026-06-27,Amuria,icon_seamless,0.0
2026-06-24,2026-06-28,Amuria,icon_seamless,4.2
2026-06-24,2026-06-29,Amuria,icon_seamless,0.0
2026-06-24,2026-06-30,Amuria,icon_seamless,0.0
2026-06-24,2026-06-25,Amuria,ukmo_seamless,1.9
2026-06-24,2026-06-26,Amuria,ukmo_seamless,0.2
2026-06-24,2026-06-27,Amuria,ukmo_seamless,0.0
2026-06-24,2026-06-28,Amuria,ukmo_seamless,0.0
2026-06-24,2026-06-29,Amuria,ukmo_seamless,1.5
2026-06-24,2026-06-30,Amuria,ukmo_seamless,0.0
2026-06-24,2026-06-25,Amuria,meteofrance_seamless,17.6
2026-06-24,2026-06-26,Amuria,meteofrance_seamless,0.0
2026-06-24,2026-06-27,Amuria,meteofrance_seamless,0.0
2026-06-24,2026-06-25,Amuria,jma_seamless,10.0
2026-06-24,2026-06-26,Amuria,jma_seamless,0.4
2026-06-24,2026-06-27,Amuria,jma_seamless,0.0
2026-06-24,2026-06-28,Amuria,jma_seamless,0.0
2026-06-24,2026-06-29,Amuria,jma_seamless,0.0
2026-06-24,2026-06-30,Amuria,jma_seamless,2.3
2026-06-24,2026-06-25,Amuria,gem_seamless,1.7
2026-06-24,2026-06-26,Amuria,gem_seamless,3.2
2026-06-24,2026-06-27,Amuria,gem_seamless,2.2
2026-06-24,2026-06-28,Amuria,gem_seamless,0.0
2026-06-24,2026-06-29,Amuria,gem_seamless,0.6
2026-06-24,2026-06-30,Amuria,gem_seamless,7.4
2026-06-24,2026-06-25,Amuria,knmi_seamless,14.7
2026-06-24,2026-06-26,Amuria,knmi_seamless,0.3
2026-06-24,2026-06-27,Amuria,knmi_seamless,0.0
2026-06-24,2026-06-28,Amuria,knmi_seamless,0.6
2026-06-24,2026-06-29,Amuria,knmi_seamless,0.0
2026-06-24,2026-06-30,Amuria,knmi_seamless,0.6
2026-06-24,2026-06-25,Kaberamaido,ecmwf_ifs025,6.9
2026-06-24,2026-06-26,Kaberamaido,ecmwf_ifs025,0.0
2026-06-24,2026-06-27,Kaberamaido,ecmwf_ifs025,0.0
2026-06-24,2026-06-28,Kaberamaido,ecmwf_ifs025,0.0
2026-06-24,2026-06-29,Kaberamaido,ecmwf_ifs025,4.1
2026-06-24,2026-06-30,Kaberamaido,ecmwf_ifs025,0.6
2026-06-24,2026-06-25,Kaberamaido,ecmwf_aifs025_single,6.0
2026-06-24,2026-06-26,Kaberamaido,ecmwf_aifs025_single,0.5
2026-06-24,2026-06-27,Kaberamaido,ecmwf_aifs025_single,1.0
2026-06-24,2026-06-28,Kaberamaido,ecmwf_aifs025_single,1.0
2026-06-24,2026-06-29,Kaberamaido,ecmwf_aifs025_single,1.0
2026-06-24,2026-06-30,Kaberamaido,ecmwf_aifs025_single,1.2
2026-06-24,2026-06-25,Kaberamaido,gfs_seamless,0.0
2026-06-24,2026-06-26,Kaberamaido,gfs_seamless,0.0
2026-06-24,2026-06-27,Kaberamaido,gfs_seamless,0.0
2026-06-24,2026-06-28,Kaberamaido,gfs_seamless,2.2
2026-06-24,2026-06-29,Kaberamaido,gfs_seamless,0.7
2026-06-24,2026-06-30,Kaberamaido,gfs_seamless,0.3
2026-06-24,2026-06-25,Kaberamaido,icon_seamless,6.4
2026-06-24,2026-06-26,Kaberamaido,icon_seamless,0.0
2026-06-24,2026-06-27,Kaberamaido,icon_seamless,0.0
2026-06-24,2026-06-28,Kaberamaido,icon_seamless,0.3
2026-06-24,2026-06-29,Kaberamaido,icon_seamless,0.0
2026-06-24,2026-06-30,Kaberamaido,icon_seamless,1.4
2026-06-24,2026-06-25,Kaberamaido,ukmo_seamless,1.6
2026-06-24,2026-06-26,Kaberamaido,ukmo_seamless,0.0
2026-06-24,2026-06-27,Kaberamaido,ukmo_seamless,0.0
2026-06-24,2026-06-28,Kaberamaido,ukmo_seamless,2.1
2026-06-24,2026-06-29,Kaberamaido,ukmo_seamless,2.1
2026-06-24,2026-06-30,Kaberamaido,ukmo_seamless,0.0
2026-06-24,2026-06-25,Kaberamaido,meteofrance_seamless,19.4
2026-06-24,2026-06-26,Kaberamaido,meteofrance_seamless,0.0
2026-06-24,2026-06-27,Kaberamaido,meteofrance_seamless,0.0
2026-06-24,2026-06-25,Kaberamaido,jma_seamless,3.9
2026-06-24,2026-06-26,Kaberamaido,jma_seamless,0.3
2026-06-24,2026-06-27,Kaberamaido,jma_seamless,0.0
2026-06-24,2026-06-28,Kaberamaido,jma_seamless,0.0
2026-06-24,2026-06-29,Kaberamaido,jma_seamless,0.0
2026-06-24,2026-06-30,Kaberamaido,jma_seamless,0.0
2026-06-24,2026-06-25,Kaberamaido,gem_seamless,1.2
2026-06-24,2026-06-26,Kaberamaido,gem_seamless,0.0
2026-06-24,2026-06-27,Kaberamaido,gem_seamless,0.0
2026-06-24,2026-06-28,Kaberamaido,gem_seamless,0.0
2026-06-24,2026-06-29,Kaberamaido,gem_seamless,0.0
2026-06-24,2026-06-30,Kaberamaido,gem_seamless,2.9
2026-06-24,2026-06-25,Kaberamaido,knmi_seamless,6.7
2026-06-24,2026-06-26,Kaberamaido,knmi_seamless,0.1
2026-06-24,2026-06-27,Kaberamaido,knmi_seamless,0.0
2026-06-24,2026-06-28,Kaberamaido,knmi_seamless,0.0
2026-06-24,2026-06-29,Kaberamaido,knmi_seamless,1.5
2026-06-24,2026-06-30,Kaberamaido,knmi_seamless,0.4
2026-06-24,2026-06-25,Kagadi,ecmwf_ifs025,2.3
2026-06-24,2026-06-26,Kagadi,ecmwf_ifs025,1.3
2026-06-24,2026-06-27,Kagadi,ecmwf_ifs025,0.9
2026-06-24,2026-06-28,Kagadi,ecmwf_ifs025,0.3
2026-06-24,2026-06-29,Kagadi,ecmwf_ifs025,0.7
2026-06-24,2026-06-30,Kagadi,ecmwf_ifs025,1.0
2026-06-24,2026-06-25,Kagadi,ecmwf_aifs025_single,2.1
2026-06-24,2026-06-26,Kagadi,ecmwf_aifs025_single,0.8
2026-06-24,2026-06-27,Kagadi,ecmwf_aifs025_single,0.7
2026-06-24,2026-06-28,Kagadi,ecmwf_aifs025_single,0.1
2026-06-24,2026-06-29,Kagadi,ecmwf_aifs025_single,0.2
2026-06-24,2026-06-30,Kagadi,ecmwf_aifs025_single,0.6
2026-06-24,2026-06-25,Kagadi,gfs_seamless,1.5
2026-06-24,2026-06-26,Kagadi,gfs_seamless,0.0
2026-06-24,2026-06-27,Kagadi,gfs_seamless,0.3
2026-06-24,2026-06-28,Kagadi,gfs_seamless,4.0
2026-06-24,2026-06-29,Kagadi,gfs_seamless,0.0
2026-06-24,2026-06-30,Kagadi,gfs_seamless,0.0
2026-06-24,2026-06-25,Kagadi,icon_seamless,1.7
2026-06-24,2026-06-26,Kagadi,icon_seamless,1.6
2026-06-24,2026-06-27,Kagadi,icon_seamless,0.0
2026-06-24,2026-06-28,Kagadi,icon_seamless,0.6
2026-06-24,2026-06-29,Kagadi,icon_seamless,0.0
2026-06-24,2026-06-30,Kagadi,icon_seamless,0.4
2026-06-24,2026-06-25,Kagadi,ukmo_seamless,2.3
2026-06-24,2026-06-26,Kagadi,ukmo_seamless,0.0
2026-06-24,2026-06-27,Kagadi,ukmo_seamless,0.0
2026-06-24,2026-06-28,Kagadi,ukmo_seamless,0.2
2026-06-24,2026-06-29,Kagadi,ukmo_seamless,0.1
2026-06-24,2026-06-30,Kagadi,ukmo_seamless,0.0
2026-06-24,2026-06-25,Kagadi,meteofrance_seamless,1.5
2026-06-24,2026-06-26,Kagadi,meteofrance_seamless,0.0
2026-06-24,2026-06-27,Kagadi,meteofrance_seamless,0.0
2026-06-24,2026-06-25,Kagadi,jma_seamless,0.0
2026-06-24,2026-06-26,Kagadi,jma_seamless,0.0
2026-06-24,2026-06-27,Kagadi,jma_seamless,0.0
2026-06-24,2026-06-28,Kagadi,jma_seamless,0.0
2026-06-24,2026-06-29,Kagadi,jma_seamless,0.0
2026-06-24,2026-06-30,Kagadi,jma_seamless,0.0
2026-06-24,2026-06-25,Kagadi,gem_seamless,1.2
2026-06-24,2026-06-26,Kagadi,gem_seamless,7.1
2026-06-24,2026-06-27,Kagadi,gem_seamless,0.0
2026-06-24,2026-06-28,Kagadi,gem_seamless,0.0
2026-06-24,2026-06-29,Kagadi,gem_seamless,0.0
2026-06-24,2026-06-30,Kagadi,gem_seamless,0.0
2026-06-24,2026-06-25,Kagadi,knmi_seamless,1.3
2026-06-24,2026-06-26,Kagadi,knmi_seamless,1.5
2026-06-24,2026-06-27,Kagadi,knmi_seamless,0.8
2026-06-24,2026-06-28,Kagadi,knmi_seamless,0.0
2026-06-24,2026-06-29,Kagadi,knmi_seamless,0.3
2026-06-24,2026-06-30,Kagadi,knmi_seamless,1.8
2026-06-24,2026-06-25,Dokolo,ecmwf_ifs025,7.1
2026-06-24,2026-06-26,Dokolo,ecmwf_ifs025,0.1
2026-06-24,2026-06-27,Dokolo,ecmwf_ifs025,0.2
2026-06-24,2026-06-28,Dokolo,ecmwf_ifs025,0.1
2026-06-24,2026-06-29,Dokolo,ecmwf_ifs025,0.7
2026-06-24,2026-06-30,Dokolo,ecmwf_ifs025,0.8
2026-06-24,2026-06-25,Dokolo,ecmwf_aifs025_single,5.0
2026-06-24,2026-06-26,Dokolo,ecmwf_aifs025_single,0.7
2026-06-24,2026-06-27,Dokolo,ecmwf_aifs025_single,1.3
2026-06-24,2026-06-28,Dokolo,ecmwf_aifs025_single,1.2
2026-06-24,2026-06-29,Dokolo,ecmwf_aifs025_single,1.1
2026-06-24,2026-06-30,Dokolo,ecmwf_aifs025_single,1.2
2026-06-24,2026-06-25,Dokolo,gfs_seamless,0.0
2026-06-24,2026-06-26,Dokolo,gfs_seamless,0.0
2026-06-24,2026-06-27,Dokolo,gfs_seamless,0.0
2026-06-24,2026-06-28,Dokolo,gfs_seamless,1.2
2026-06-24,2026-06-29,Dokolo,gfs_seamless,0.9
2026-06-24,2026-06-30,Dokolo,gfs_seamless,0.9
2026-06-24,2026-06-25,Dokolo,icon_seamless,3.3
2026-06-24,2026-06-26,Dokolo,icon_seamless,0.8
2026-06-24,2026-06-27,Dokolo,icon_seamless,0.0
2026-06-24,2026-06-28,Dokolo,icon_seamless,6.3
2026-06-24,2026-06-29,Dokolo,icon_seamless,0.0
2026-06-24,2026-06-30,Dokolo,icon_seamless,0.0
2026-06-24,2026-06-25,Dokolo,ukmo_seamless,1.4
2026-06-24,2026-06-26,Dokolo,ukmo_seamless,0.0
2026-06-24,2026-06-27,Dokolo,ukmo_seamless,0.0
2026-06-24,2026-06-28,Dokolo,ukmo_seamless,1.1
2026-06-24,2026-06-29,Dokolo,ukmo_seamless,2.5
2026-06-24,2026-06-30,Dokolo,ukmo_seamless,0.0
2026-06-24,2026-06-25,Dokolo,meteofrance_seamless,7.4
2026-06-24,2026-06-26,Dokolo,meteofrance_seamless,0.0
2026-06-24,2026-06-27,Dokolo,meteofrance_seamless,0.0
2026-06-24,2026-06-25,Dokolo,jma_seamless,4.4
2026-06-24,2026-06-26,Dokolo,jma_seamless,0.0
2026-06-24,2026-06-27,Dokolo,jma_seamless,0.3
2026-06-24,2026-06-28,Dokolo,jma_seamless,-0.3
2026-06-24,2026-06-29,Dokolo,jma_seamless,0.0
2026-06-24,2026-06-30,Dokolo,jma_seamless,0.3
2026-06-24,2026-06-25,Dokolo,gem_seamless,1.1
2026-06-24,2026-06-26,Dokolo,gem_seamless,0.0
2026-06-24,2026-06-27,Dokolo,gem_seamless,0.0
2026-06-24,2026-06-28,Dokolo,gem_seamless,0.0
2026-06-24,2026-06-29,Dokolo,gem_seamless,0.0
2026-06-24,2026-06-30,Dokolo,gem_seamless,2.0
2026-06-24,2026-06-25,Dokolo,knmi_seamless,9.5
2026-06-24,2026-06-26,Dokolo,knmi_seamless,0.0
2026-06-24,2026-06-27,Dokolo,knmi_seamless,0.0
2026-06-24,2026-06-28,Dokolo,knmi_seamless,0.0
2026-06-24,2026-06-29,Dokolo,knmi_seamless,1.5
2026-06-24,2026-06-30,Dokolo,knmi_seamless,0.2
2026-06-24,2026-06-25,Kwania,ecmwf_ifs025,5.2
2026-06-24,2026-06-26,Kwania,ecmwf_ifs025,0.1
2026-06-24,2026-06-27,Kwania,ecmwf_ifs025,0.4
2026-06-24,2026-06-28,Kwania,ecmwf_ifs025,0.0
2026-06-24,2026-06-29,Kwania,ecmwf_ifs025,1.0
2026-06-24,2026-06-30,Kwania,ecmwf_ifs025,0.2
2026-06-24,2026-06-25,Kwania,ecmwf_aifs025_single,4.3
2026-06-24,2026-06-26,Kwania,ecmwf_aifs025_single,0.6
2026-06-24,2026-06-27,Kwania,ecmwf_aifs025_single,1.1
2026-06-24,2026-06-28,Kwania,ecmwf_aifs025_single,0.8
2026-06-24,2026-06-29,Kwania,ecmwf_aifs025_single,1.0
2026-06-24,2026-06-30,Kwania,ecmwf_aifs025_single,1.2
2026-06-24,2026-06-25,Kwania,gfs_seamless,0.0
2026-06-24,2026-06-26,Kwania,gfs_seamless,0.1
2026-06-24,2026-06-27,Kwania,gfs_seamless,0.3
2026-06-24,2026-06-28,Kwania,gfs_seamless,3.6
2026-06-24,2026-06-29,Kwania,gfs_seamless,0.3
2026-06-24,2026-06-30,Kwania,gfs_seamless,0.3
2026-06-24,2026-06-25,Kwania,icon_seamless,7.4
2026-06-24,2026-06-26,Kwania,icon_seamless,0.4
2026-06-24,2026-06-27,Kwania,icon_seamless,0.0
2026-06-24,2026-06-28,Kwania,icon_seamless,0.6
2026-06-24,2026-06-29,Kwania,icon_seamless,0.0
2026-06-24,2026-06-30,Kwania,icon_seamless,0.0
2026-06-24,2026-06-25,Kwania,ukmo_seamless,2.8
2026-06-24,2026-06-26,Kwania,ukmo_seamless,0.0
2026-06-24,2026-06-27,Kwania,ukmo_seamless,0.0
2026-06-24,2026-06-28,Kwania,ukmo_seamless,1.2
2026-06-24,2026-06-29,Kwania,ukmo_seamless,0.6
2026-06-24,2026-06-30,Kwania,ukmo_seamless,0.0
2026-06-24,2026-06-25,Kwania,meteofrance_seamless,5.8
2026-06-24,2026-06-26,Kwania,meteofrance_seamless,0.0
2026-06-24,2026-06-27,Kwania,meteofrance_seamless,0.0
2026-06-24,2026-06-25,Kwania,jma_seamless,4.4
2026-06-24,2026-06-26,Kwania,jma_seamless,0.0
2026-06-24,2026-06-27,Kwania,jma_seamless,0.3
2026-06-24,2026-06-28,Kwania,jma_seamless,-0.3
2026-06-24,2026-06-29,Kwania,jma_seamless,0.0
2026-06-24,2026-06-30,Kwania,jma_seamless,0.3
2026-06-24,2026-06-25,Kwania,gem_seamless,1.3
2026-06-24,2026-06-26,Kwania,gem_seamless,0.0
2026-06-24,2026-06-27,Kwania,gem_seamless,0.0
2026-06-24,2026-06-28,Kwania,gem_seamless,0.0
2026-06-24,2026-06-29,Kwania,gem_seamless,0.0
2026-06-24,2026-06-30,Kwania,gem_seamless,1.5
2026-06-24,2026-06-25,Kwania,knmi_seamless,5.9
2026-06-24,2026-06-26,Kwania,knmi_seamless,0.1
2026-06-24,2026-06-27,Kwania,knmi_seamless,0.5
2026-06-24,2026-06-28,Kwania,knmi_seamless,0.0
2026-06-24,2026-06-29,Kwania,knmi_seamless,0.3
2026-06-24,2026-06-30,Kwania,knmi_seamless,3.2
2026-06-24,2026-06-25,Kyenjojo,ecmwf_ifs025,1.2
2026-06-24,2026-06-26,Kyenjojo,ecmwf_ifs025,0.0
2026-06-24,2026-06-27,Kyenjojo,ecmwf_ifs025,0.1
2026-06-24,2026-06-28,Kyenjojo,ecmwf_ifs025,0.0
2026-06-24,2026-06-29,Kyenjojo,ecmwf_ifs025,0.0
2026-06-24,2026-06-30,Kyenjojo,ecmwf_ifs025,0.2
2026-06-24,2026-06-25,Kyenjojo,ecmwf_aifs025_single,1.5
2026-06-24,2026-06-26,Kyenjojo,ecmwf_aifs025_single,0.5
2026-06-24,2026-06-27,Kyenjojo,ecmwf_aifs025_single,0.3
2026-06-24,2026-06-28,Kyenjojo,ecmwf_aifs025_single,0.1
2026-06-24,2026-06-29,Kyenjojo,ecmwf_aifs025_single,0.1
2026-06-24,2026-06-30,Kyenjojo,ecmwf_aifs025_single,0.4
2026-06-24,2026-06-25,Kyenjojo,gfs_seamless,1.4
2026-06-24,2026-06-26,Kyenjojo,gfs_seamless,0.8
2026-06-24,2026-06-27,Kyenjojo,gfs_seamless,2.2
2026-06-24,2026-06-28,Kyenjojo,gfs_seamless,0.4
2026-06-24,2026-06-29,Kyenjojo,gfs_seamless,0.0
2026-06-24,2026-06-30,Kyenjojo,gfs_seamless,0.0
2026-06-24,2026-06-25,Kyenjojo,icon_seamless,0.0
2026-06-24,2026-06-26,Kyenjojo,icon_seamless,0.0
2026-06-24,2026-06-27,Kyenjojo,icon_seamless,0.0
2026-06-24,2026-06-28,Kyenjojo,icon_seamless,0.0
2026-06-24,2026-06-29,Kyenjojo,icon_seamless,0.0
2026-06-24,2026-06-30,Kyenjojo,icon_seamless,0.0
2026-06-24,2026-06-25,Kyenjojo,ukmo_seamless,5.1
2026-06-24,2026-06-26,Kyenjojo,ukmo_seamless,0.0
2026-06-24,2026-06-27,Kyenjojo,ukmo_seamless,0.0
2026-06-24,2026-06-28,Kyenjojo,ukmo_seamless,0.2
2026-06-24,2026-06-29,Kyenjojo,ukmo_seamless,0.4
2026-06-24,2026-06-30,Kyenjojo,ukmo_seamless,0.0
2026-06-24,2026-06-25,Kyenjojo,meteofrance_seamless,0.0
2026-06-24,2026-06-26,Kyenjojo,meteofrance_seamless,0.0
2026-06-24,2026-06-27,Kyenjojo,meteofrance_seamless,0.0
2026-06-24,2026-06-25,Kyenjojo,jma_seamless,0.1
2026-06-24,2026-06-26,Kyenjojo,jma_seamless,0.4
2026-06-24,2026-06-27,Kyenjojo,jma_seamless,0.0
2026-06-24,2026-06-28,Kyenjojo,jma_seamless,0.0
2026-06-24,2026-06-29,Kyenjojo,jma_seamless,0.0
2026-06-24,2026-06-30,Kyenjojo,jma_seamless,0.0
2026-06-24,2026-06-25,Kyenjojo,gem_seamless,2.1
2026-06-24,2026-06-26,Kyenjojo,gem_seamless,6.2
2026-06-24,2026-06-27,Kyenjojo,gem_seamless,0.0
2026-06-24,2026-06-28,Kyenjojo,gem_seamless,0.0
2026-06-24,2026-06-29,Kyenjojo,gem_seamless,0.0
2026-06-24,2026-06-30,Kyenjojo,gem_seamless,0.0
2026-06-24,2026-06-25,Kyenjojo,knmi_seamless,1.1
2026-06-24,2026-06-26,Kyenjojo,knmi_seamless,0.9
2026-06-24,2026-06-27,Kyenjojo,knmi_seamless,0.8
2026-06-24,2026-06-28,Kyenjojo,knmi_seamless,0.0
2026-06-24,2026-06-29,Kyenjojo,knmi_seamless,0.0
2026-06-24,2026-06-30,Kyenjojo,knmi_seamless,0.0
2026-06-25,2026-06-26,Agago,ecmwf_ifs025,1.7
2026-06-25,2026-06-27,Agago,ecmwf_ifs025,1.1
2026-06-25,2026-06-28,Agago,ecmwf_ifs025,0.1
2026-06-25,2026-06-29,Agago,ecmwf_ifs025,0.1
2026-06-25,2026-06-30,Agago,ecmwf_ifs025,0.2
2026-06-25,2026-07-01,Agago,ecmwf_ifs025,0.4
2026-06-25,2026-06-26,Agago,ecmwf_aifs025_single,0.3
2026-06-25,2026-06-27,Agago,ecmwf_aifs025_single,2.8
2026-06-25,2026-06-28,Agago,ecmwf_aifs025_single,1.7
2026-06-25,2026-06-29,Agago,ecmwf_aifs025_single,1.3
2026-06-25,2026-06-30,Agago,ecmwf_aifs025_single,0.5
2026-06-25,2026-07-01,Agago,ecmwf_aifs025_single,1.5
2026-06-25,2026-06-26,Agago,gfs_seamless,0.0
2026-06-25,2026-06-27,Agago,gfs_seamless,2.7
2026-06-25,2026-06-28,Agago,gfs_seamless,0.2
2026-06-25,2026-06-29,Agago,gfs_seamless,6.2
2026-06-25,2026-06-30,Agago,gfs_seamless,0.3
2026-06-25,2026-07-01,Agago,gfs_seamless,0.0
2026-06-25,2026-06-26,Agago,icon_seamless,1.6
2026-06-25,2026-06-27,Agago,icon_seamless,1.2
2026-06-25,2026-06-28,Agago,icon_seamless,0.0
2026-06-25,2026-06-29,Agago,icon_seamless,0.0
2026-06-25,2026-06-30,Agago,icon_seamless,0.6
2026-06-25,2026-07-01,Agago,icon_seamless,10.2
2026-06-25,2026-06-26,Agago,ukmo_seamless,0.1
2026-06-25,2026-06-27,Agago,ukmo_seamless,0.1
2026-06-25,2026-06-28,Agago,ukmo_seamless,0.3
2026-06-25,2026-06-29,Agago,ukmo_seamless,0.3
2026-06-25,2026-06-30,Agago,ukmo_seamless,0.3
2026-06-25,2026-07-01,Agago,ukmo_seamless,0.0
2026-06-25,2026-06-26,Agago,meteofrance_seamless,0.0
2026-06-25,2026-06-27,Agago,meteofrance_seamless,0.0
2026-06-25,2026-06-28,Agago,meteofrance_seamless,0.3
2026-06-25,2026-06-26,Agago,jma_seamless,3.6
2026-06-25,2026-06-27,Agago,jma_seamless,0.1
2026-06-25,2026-06-28,Agago,jma_seamless,0.8
2026-06-25,2026-06-29,Agago,jma_seamless,0.0
2026-06-25,2026-06-30,Agago,jma_seamless,3.9
2026-06-25,2026-07-01,Agago,jma_seamless,2.7
2026-06-25,2026-06-26,Agago,gem_seamless,0.8
2026-06-25,2026-06-27,Agago,gem_seamless,0.5
2026-06-25,2026-06-28,Agago,gem_seamless,0.0
2026-06-25,2026-06-29,Agago,gem_seamless,0.6
2026-06-25,2026-06-30,Agago,gem_seamless,1.5
2026-06-25,2026-07-01,Agago,gem_seamless,1.9
2026-06-25,2026-06-26,Agago,knmi_seamless,1.4
2026-06-25,2026-06-27,Agago,knmi_seamless,1.2
2026-06-25,2026-06-28,Agago,knmi_seamless,0.1
2026-06-25,2026-06-29,Agago,knmi_seamless,0.3
2026-06-25,2026-06-30,Agago,knmi_seamless,0.2
2026-06-25,2026-07-01,Agago,knmi_seamless,0.3
2026-06-25,2026-06-26,Otuke,ecmwf_ifs025,1.5
2026-06-25,2026-06-27,Otuke,ecmwf_ifs025,0.2
2026-06-25,2026-06-28,Otuke,ecmwf_ifs025,0.0
2026-06-25,2026-06-29,Otuke,ecmwf_ifs025,0.2
2026-06-25,2026-06-30,Otuke,ecmwf_ifs025,0.2
2026-06-25,2026-07-01,Otuke,ecmwf_ifs025,0.7
2026-06-25,2026-06-26,Otuke,ecmwf_aifs025_single,0.3
2026-06-25,2026-06-27,Otuke,ecmwf_aifs025_single,2.0
2026-06-25,2026-06-28,Otuke,ecmwf_aifs025_single,1.4
2026-06-25,2026-06-29,Otuke,ecmwf_aifs025_single,1.0
2026-06-25,2026-06-30,Otuke,ecmwf_aifs025_single,0.5
2026-06-25,2026-07-01,Otuke,ecmwf_aifs025_single,1.5
2026-06-25,2026-06-26,Otuke,gfs_seamless,0.0
2026-06-25,2026-06-27,Otuke,gfs_seamless,0.0
2026-06-25,2026-06-28,Otuke,gfs_seamless,0.4
2026-06-25,2026-06-29,Otuke,gfs_seamless,4.2
2026-06-25,2026-06-30,Otuke,gfs_seamless,1.0
2026-06-25,2026-07-01,Otuke,gfs_seamless,0.7
2026-06-25,2026-06-26,Otuke,icon_seamless,0.0
2026-06-25,2026-06-27,Otuke,icon_seamless,0.0
2026-06-25,2026-06-28,Otuke,icon_seamless,0.0
2026-06-25,2026-06-29,Otuke,icon_seamless,0.0
2026-06-25,2026-06-30,Otuke,icon_seamless,0.0
2026-06-25,2026-07-01,Otuke,icon_seamless,0.6
2026-06-25,2026-06-26,Otuke,ukmo_seamless,0.1
2026-06-25,2026-06-27,Otuke,ukmo_seamless,0.0
2026-06-25,2026-06-28,Otuke,ukmo_seamless,0.0
2026-06-25,2026-06-29,Otuke,ukmo_seamless,0.3
2026-06-25,2026-06-30,Otuke,ukmo_seamless,0.0
2026-06-25,2026-07-01,Otuke,ukmo_seamless,0.0
2026-06-25,2026-06-26,Otuke,meteofrance_seamless,0.0
2026-06-25,2026-06-27,Otuke,meteofrance_seamless,0.0
2026-06-25,2026-06-28,Otuke,meteofrance_seamless,0.0
2026-06-25,2026-06-26,Otuke,jma_seamless,0.8
2026-06-25,2026-06-27,Otuke,jma_seamless,0.0
2026-06-25,2026-06-28,Otuke,jma_seamless,0.0
2026-06-25,2026-06-29,Otuke,jma_seamless,0.0
2026-06-25,2026-06-30,Otuke,jma_seamless,0.0
2026-06-25,2026-07-01,Otuke,jma_seamless,0.2
2026-06-25,2026-06-26,Otuke,gem_seamless,2.9
2026-06-25,2026-06-27,Otuke,gem_seamless,0.8
2026-06-25,2026-06-28,Otuke,gem_seamless,0.1
2026-06-25,2026-06-29,Otuke,gem_seamless,0.0
2026-06-25,2026-06-30,Otuke,gem_seamless,1.6
2026-06-25,2026-07-01,Otuke,gem_seamless,3.9
2026-06-25,2026-06-26,Otuke,knmi_seamless,1.9
2026-06-25,2026-06-27,Otuke,knmi_seamless,0.5
2026-06-25,2026-06-28,Otuke,knmi_seamless,0.0
2026-06-25,2026-06-29,Otuke,knmi_seamless,0.0
2026-06-25,2026-06-30,Otuke,knmi_seamless,0.3
2026-06-25,2026-07-01,Otuke,knmi_seamless,0.6
2026-06-25,2026-06-26,Kitgum,ecmwf_ifs025,0.9
2026-06-25,2026-06-27,Kitgum,ecmwf_ifs025,4.5
2026-06-25,2026-06-28,Kitgum,ecmwf_ifs025,0.8
2026-06-25,2026-06-29,Kitgum,ecmwf_ifs025,1.4
2026-06-25,2026-06-30,Kitgum,ecmwf_ifs025,0.2
2026-06-25,2026-07-01,Kitgum,ecmwf_ifs025,1.8
2026-06-25,2026-06-26,Kitgum,ecmwf_aifs025_single,0.6
2026-06-25,2026-06-27,Kitgum,ecmwf_aifs025_single,4.3
2026-06-25,2026-06-28,Kitgum,ecmwf_aifs025_single,1.6
2026-06-25,2026-06-29,Kitgum,ecmwf_aifs025_single,1.6
2026-06-25,2026-06-30,Kitgum,ecmwf_aifs025_single,0.4
2026-06-25,2026-07-01,Kitgum,ecmwf_aifs025_single,1.6
2026-06-25,2026-06-26,Kitgum,gfs_seamless,0.7
2026-06-25,2026-06-27,Kitgum,gfs_seamless,3.6
2026-06-25,2026-06-28,Kitgum,gfs_seamless,0.3
2026-06-25,2026-06-29,Kitgum,gfs_seamless,4.0
2026-06-25,2026-06-30,Kitgum,gfs_seamless,0.0
2026-06-25,2026-07-01,Kitgum,gfs_seamless,0.0
2026-06-25,2026-06-26,Kitgum,icon_seamless,0.6
2026-06-25,2026-06-27,Kitgum,icon_seamless,1.7
2026-06-25,2026-06-28,Kitgum,icon_seamless,0.0
2026-06-25,2026-06-29,Kitgum,icon_seamless,0.0
2026-06-25,2026-06-30,Kitgum,icon_seamless,0.2
2026-06-25,2026-07-01,Kitgum,icon_seamless,12.6
2026-06-25,2026-06-26,Kitgum,ukmo_seamless,0.1
2026-06-25,2026-06-27,Kitgum,ukmo_seamless,0.6
2026-06-25,2026-06-28,Kitgum,ukmo_seamless,0.6
2026-06-25,2026-06-29,Kitgum,ukmo_seamless,0.0
2026-06-25,2026-06-30,Kitgum,ukmo_seamless,0.0
2026-06-25,2026-07-01,Kitgum,ukmo_seamless,0.0
2026-06-25,2026-06-26,Kitgum,meteofrance_seamless,0.8
2026-06-25,2026-06-27,Kitgum,meteofrance_seamless,0.0
2026-06-25,2026-06-28,Kitgum,meteofrance_seamless,0.3
2026-06-25,2026-06-26,Kitgum,jma_seamless,2.5
2026-06-25,2026-06-27,Kitgum,jma_seamless,0.1
2026-06-25,2026-06-28,Kitgum,jma_seamless,2.1
2026-06-25,2026-06-29,Kitgum,jma_seamless,0.0
2026-06-25,2026-06-30,Kitgum,jma_seamless,0.7
2026-06-25,2026-07-01,Kitgum,jma_seamless,0.9
2026-06-25,2026-06-26,Kitgum,gem_seamless,0.6
2026-06-25,2026-06-27,Kitgum,gem_seamless,0.1
2026-06-25,2026-06-28,Kitgum,gem_seamless,1.1
2026-06-25,2026-06-29,Kitgum,gem_seamless,0.4
2026-06-25,2026-06-30,Kitgum,gem_seamless,2.1
2026-06-25,2026-07-01,Kitgum,gem_seamless,0.9
2026-06-25,2026-06-26,Kitgum,knmi_seamless,2.9
2026-06-25,2026-06-27,Kitgum,knmi_seamless,4.7
2026-06-25,2026-06-28,Kitgum,knmi_seamless,0.5
2026-06-25,2026-06-29,Kitgum,knmi_seamless,0.7
2026-06-25,2026-06-30,Kitgum,knmi_seamless,0.2
2026-06-25,2026-07-01,Kitgum,knmi_seamless,2.1
2026-06-25,2026-06-26,Pader,ecmwf_ifs025,0.7
2026-06-25,2026-06-27,Pader,ecmwf_ifs025,0.5
2026-06-25,2026-06-28,Pader,ecmwf_ifs025,0.6
2026-06-25,2026-06-29,Pader,ecmwf_ifs025,6.3
2026-06-25,2026-06-30,Pader,ecmwf_ifs025,0.3
2026-06-25,2026-07-01,Pader,ecmwf_ifs025,2.1
2026-06-25,2026-06-26,Pader,ecmwf_aifs025_single,0.4
2026-06-25,2026-06-27,Pader,ecmwf_aifs025_single,3.2
2026-06-25,2026-06-28,Pader,ecmwf_aifs025_single,1.4
2026-06-25,2026-06-29,Pader,ecmwf_aifs025_single,1.2
2026-06-25,2026-06-30,Pader,ecmwf_aifs025_single,0.5
2026-06-25,2026-07-01,Pader,ecmwf_aifs025_single,1.9
2026-06-25,2026-06-26,Pader,gfs_seamless,0.0
2026-06-25,2026-06-27,Pader,gfs_seamless,2.6
2026-06-25,2026-06-28,Pader,gfs_seamless,0.4
2026-06-25,2026-06-29,Pader,gfs_seamless,1.4
2026-06-25,2026-06-30,Pader,gfs_seamless,0.3
2026-06-25,2026-07-01,Pader,gfs_seamless,1.5
2026-06-25,2026-06-26,Pader,icon_seamless,0.0
2026-06-25,2026-06-27,Pader,icon_seamless,1.6
2026-06-25,2026-06-28,Pader,icon_seamless,0.0
2026-06-25,2026-06-29,Pader,icon_seamless,0.0
2026-06-25,2026-06-30,Pader,icon_seamless,1.8
2026-06-25,2026-07-01,Pader,icon_seamless,7.3
2026-06-25,2026-06-26,Pader,ukmo_seamless,0.0
2026-06-25,2026-06-27,Pader,ukmo_seamless,0.4
2026-06-25,2026-06-28,Pader,ukmo_seamless,0.3
2026-06-25,2026-06-29,Pader,ukmo_seamless,0.0
2026-06-25,2026-06-30,Pader,ukmo_seamless,0.0
2026-06-25,2026-07-01,Pader,ukmo_seamless,0.0
2026-06-25,2026-06-26,Pader,meteofrance_seamless,0.4
2026-06-25,2026-06-27,Pader,meteofrance_seamless,1.2
2026-06-25,2026-06-28,Pader,meteofrance_seamless,1.5
2026-06-25,2026-06-26,Pader,jma_seamless,3.2
2026-06-25,2026-06-27,Pader,jma_seamless,0.0
2026-06-25,2026-06-28,Pader,jma_seamless,0.3
2026-06-25,2026-06-29,Pader,jma_seamless,0.0
2026-06-25,2026-06-30,Pader,jma_seamless,1.4
2026-06-25,2026-07-01,Pader,jma_seamless,1.0
2026-06-25,2026-06-26,Pader,gem_seamless,0.5
2026-06-25,2026-06-27,Pader,gem_seamless,0.0
2026-06-25,2026-06-28,Pader,gem_seamless,0.3
2026-06-25,2026-06-29,Pader,gem_seamless,0.0
2026-06-25,2026-06-30,Pader,gem_seamless,2.9
2026-06-25,2026-07-01,Pader,gem_seamless,2.2
2026-06-25,2026-06-26,Pader,knmi_seamless,0.2
2026-06-25,2026-06-27,Pader,knmi_seamless,0.2
2026-06-25,2026-06-28,Pader,knmi_seamless,0.8
2026-06-25,2026-06-29,Pader,knmi_seamless,1.0
2026-06-25,2026-06-30,Pader,knmi_seamless,0.3
2026-06-25,2026-07-01,Pader,knmi_seamless,1.4
2026-06-25,2026-06-26,Alebtong,ecmwf_ifs025,0.3
2026-06-25,2026-06-27,Alebtong,ecmwf_ifs025,0.1
2026-06-25,2026-06-28,Alebtong,ecmwf_ifs025,0.0
2026-06-25,2026-06-29,Alebtong,ecmwf_ifs025,0.7
2026-06-25,2026-06-30,Alebtong,ecmwf_ifs025,0.5
2026-06-25,2026-07-01,Alebtong,ecmwf_ifs025,0.6
2026-06-25,2026-06-26,Alebtong,ecmwf_aifs025_single,0.3
2026-06-25,2026-06-27,Alebtong,ecmwf_aifs025_single,1.1
2026-06-25,2026-06-28,Alebtong,ecmwf_aifs025_single,1.1
2026-06-25,2026-06-29,Alebtong,ecmwf_aifs025_single,0.6
2026-06-25,2026-06-30,Alebtong,ecmwf_aifs025_single,0.8
2026-06-25,2026-07-01,Alebtong,ecmwf_aifs025_single,1.9
2026-06-25,2026-06-26,Alebtong,gfs_seamless,0.0
2026-06-25,2026-06-27,Alebtong,gfs_seamless,0.0
2026-06-25,2026-06-28,Alebtong,gfs_seamless,0.2
2026-06-25,2026-06-29,Alebtong,gfs_seamless,0.4
2026-06-25,2026-06-30,Alebtong,gfs_seamless,0.4
2026-06-25,2026-07-01,Alebtong,gfs_seamless,2.3
2026-06-25,2026-06-26,Alebtong,icon_seamless,0.1
2026-06-25,2026-06-27,Alebtong,icon_seamless,0.0
2026-06-25,2026-06-28,Alebtong,icon_seamless,0.0
2026-06-25,2026-06-29,Alebtong,icon_seamless,0.0
2026-06-25,2026-06-30,Alebtong,icon_seamless,1.5
2026-06-25,2026-07-01,Alebtong,icon_seamless,0.9
2026-06-25,2026-06-26,Alebtong,ukmo_seamless,0.0
2026-06-25,2026-06-27,Alebtong,ukmo_seamless,0.2
2026-06-25,2026-06-28,Alebtong,ukmo_seamless,0.0
2026-06-25,2026-06-29,Alebtong,ukmo_seamless,0.0
2026-06-25,2026-06-30,Alebtong,ukmo_seamless,0.3
2026-06-25,2026-07-01,Alebtong,ukmo_seamless,0.0
2026-06-25,2026-06-26,Alebtong,meteofrance_seamless,0.0
2026-06-25,2026-06-27,Alebtong,meteofrance_seamless,0.0
2026-06-25,2026-06-28,Alebtong,meteofrance_seamless,0.0
2026-06-25,2026-06-26,Alebtong,jma_seamless,0.0
2026-06-25,2026-06-27,Alebtong,jma_seamless,0.0
2026-06-25,2026-06-28,Alebtong,jma_seamless,0.0
2026-06-25,2026-06-29,Alebtong,jma_seamless,0.0
2026-06-25,2026-06-30,Alebtong,jma_seamless,0.0
2026-06-25,2026-07-01,Alebtong,jma_seamless,0.7
2026-06-25,2026-06-26,Alebtong,gem_seamless,5.6
2026-06-25,2026-06-27,Alebtong,gem_seamless,0.2
2026-06-25,2026-06-28,Alebtong,gem_seamless,0.0
2026-06-25,2026-06-29,Alebtong,gem_seamless,0.0
2026-06-25,2026-06-30,Alebtong,gem_seamless,1.6
2026-06-25,2026-07-01,Alebtong,gem_seamless,3.6
2026-06-25,2026-06-26,Alebtong,knmi_seamless,0.0
2026-06-25,2026-06-27,Alebtong,knmi_seamless,0.1
2026-06-25,2026-06-28,Alebtong,knmi_seamless,0.0
2026-06-25,2026-06-29,Alebtong,knmi_seamless,1.2
2026-06-25,2026-06-30,Alebtong,knmi_seamless,0.6
2026-06-25,2026-07-01,Alebtong,knmi_seamless,0.5
2026-06-25,2026-06-26,Lira,ecmwf_ifs025,0.1
2026-06-25,2026-06-27,Lira,ecmwf_ifs025,0.0
2026-06-25,2026-06-28,Lira,ecmwf_ifs025,0.0
2026-06-25,2026-06-29,Lira,ecmwf_ifs025,1.7
2026-06-25,2026-06-30,Lira,ecmwf_ifs025,0.3
2026-06-25,2026-07-01,Lira,ecmwf_ifs025,0.4
2026-06-25,2026-06-26,Lira,ecmwf_aifs025_single,0.2
2026-06-25,2026-06-27,Lira,ecmwf_aifs025_single,1.3
2026-06-25,2026-06-28,Lira,ecmwf_aifs025_single,1.0
2026-06-25,2026-06-29,Lira,ecmwf_aifs025_single,0.7
2026-06-25,2026-06-30,Lira,ecmwf_aifs025_single,0.7
2026-06-25,2026-07-01,Lira,ecmwf_aifs025_single,2.1
2026-06-25,2026-06-26,Lira,gfs_seamless,0.0
2026-06-25,2026-06-27,Lira,gfs_seamless,0.5
2026-06-25,2026-06-28,Lira,gfs_seamless,0.3
2026-06-25,2026-06-29,Lira,gfs_seamless,1.0
2026-06-25,2026-06-30,Lira,gfs_seamless,0.5
2026-06-25,2026-07-01,Lira,gfs_seamless,0.1
2026-06-25,2026-06-26,Lira,icon_seamless,0.0
2026-06-25,2026-06-27,Lira,icon_seamless,0.1
2026-06-25,2026-06-28,Lira,icon_seamless,0.0
2026-06-25,2026-06-29,Lira,icon_seamless,0.0
2026-06-25,2026-06-30,Lira,icon_seamless,4.2
2026-06-25,2026-07-01,Lira,icon_seamless,6.6
2026-06-25,2026-06-26,Lira,ukmo_seamless,0.0
2026-06-25,2026-06-27,Lira,ukmo_seamless,0.0
2026-06-25,2026-06-28,Lira,ukmo_seamless,0.0
2026-06-25,2026-06-29,Lira,ukmo_seamless,0.0
2026-06-25,2026-06-30,Lira,ukmo_seamless,0.0
2026-06-25,2026-07-01,Lira,ukmo_seamless,0.0
2026-06-25,2026-06-26,Lira,meteofrance_seamless,0.0
2026-06-25,2026-06-27,Lira,meteofrance_seamless,0.0
2026-06-25,2026-06-28,Lira,meteofrance_seamless,0.0
2026-06-25,2026-06-26,Lira,jma_seamless,0.0
2026-06-25,2026-06-27,Lira,jma_seamless,0.0
2026-06-25,2026-06-28,Lira,jma_seamless,0.0
2026-06-25,2026-06-29,Lira,jma_seamless,0.0
2026-06-25,2026-06-30,Lira,jma_seamless,0.0
2026-06-25,2026-07-01,Lira,jma_seamless,0.7
2026-06-25,2026-06-26,Lira,gem_seamless,4.2
2026-06-25,2026-06-27,Lira,gem_seamless,0.0
2026-06-25,2026-06-28,Lira,gem_seamless,0.2
2026-06-25,2026-06-29,Lira,gem_seamless,0.0
2026-06-25,2026-06-30,Lira,gem_seamless,2.5
2026-06-25,2026-07-01,Lira,gem_seamless,2.1
2026-06-25,2026-06-26,Lira,knmi_seamless,0.0
2026-06-25,2026-06-27,Lira,knmi_seamless,0.0
2026-06-25,2026-06-28,Lira,knmi_seamless,0.0
2026-06-25,2026-06-29,Lira,knmi_seamless,1.2
2026-06-25,2026-06-30,Lira,knmi_seamless,0.6
2026-06-25,2026-07-01,Lira,knmi_seamless,0.2
2026-06-25,2026-06-26,Kole,ecmwf_ifs025,0.2
2026-06-25,2026-06-27,Kole,ecmwf_ifs025,0.2
2026-06-25,2026-06-28,Kole,ecmwf_ifs025,0.0
2026-06-25,2026-06-29,Kole,ecmwf_ifs025,0.1
2026-06-25,2026-06-30,Kole,ecmwf_ifs025,0.0
2026-06-25,2026-07-01,Kole,ecmwf_ifs025,0.3
2026-06-25,2026-06-26,Kole,ecmwf_aifs025_single,0.3
2026-06-25,2026-06-27,Kole,ecmwf_aifs025_single,0.5
2026-06-25,2026-06-28,Kole,ecmwf_aifs025_single,0.5
2026-06-25,2026-06-29,Kole,ecmwf_aifs025_single,0.4
2026-06-25,2026-06-30,Kole,ecmwf_aifs025_single,0.9
2026-06-25,2026-07-01,Kole,ecmwf_aifs025_single,2.2
2026-06-25,2026-06-26,Kole,gfs_seamless,0.0
2026-06-25,2026-06-27,Kole,gfs_seamless,0.1
2026-06-25,2026-06-28,Kole,gfs_seamless,0.0
2026-06-25,2026-06-29,Kole,gfs_seamless,2.2
2026-06-25,2026-06-30,Kole,gfs_seamless,0.0
2026-06-25,2026-07-01,Kole,gfs_seamless,0.3
2026-06-25,2026-06-26,Kole,icon_seamless,0.0
2026-06-25,2026-06-27,Kole,icon_seamless,0.0
2026-06-25,2026-06-28,Kole,icon_seamless,0.0
2026-06-25,2026-06-29,Kole,icon_seamless,0.0
2026-06-25,2026-06-30,Kole,icon_seamless,4.5
2026-06-25,2026-07-01,Kole,icon_seamless,4.5
2026-06-25,2026-06-26,Kole,ukmo_seamless,0.0
2026-06-25,2026-06-27,Kole,ukmo_seamless,0.0
2026-06-25,2026-06-28,Kole,ukmo_seamless,0.0
2026-06-25,2026-06-29,Kole,ukmo_seamless,0.0
2026-06-25,2026-06-30,Kole,ukmo_seamless,0.0
2026-06-25,2026-07-01,Kole,ukmo_seamless,0.6
2026-06-25,2026-06-26,Kole,meteofrance_seamless,0.0
2026-06-25,2026-06-27,Kole,meteofrance_seamless,0.0
2026-06-25,2026-06-28,Kole,meteofrance_seamless,0.0
2026-06-25,2026-06-26,Kole,jma_seamless,0.1
2026-06-25,2026-06-27,Kole,jma_seamless,0.0
2026-06-25,2026-06-28,Kole,jma_seamless,0.0
2026-06-25,2026-06-29,Kole,jma_seamless,0.0
2026-06-25,2026-06-30,Kole,jma_seamless,0.0
2026-06-25,2026-07-01,Kole,jma_seamless,1.0
2026-06-25,2026-06-26,Kole,gem_seamless,2.9
2026-06-25,2026-06-27,Kole,gem_seamless,0.0
2026-06-25,2026-06-28,Kole,gem_seamless,0.1
2026-06-25,2026-06-29,Kole,gem_seamless,0.0
2026-06-25,2026-06-30,Kole,gem_seamless,2.4
2026-06-25,2026-07-01,Kole,gem_seamless,3.6
2026-06-25,2026-06-26,Kole,knmi_seamless,0.4
2026-06-25,2026-06-27,Kole,knmi_seamless,0.3
2026-06-25,2026-06-28,Kole,knmi_seamless,0.0
2026-06-25,2026-06-29,Kole,knmi_seamless,0.4
2026-06-25,2026-06-30,Kole,knmi_seamless,0.0
2026-06-25,2026-07-01,Kole,knmi_seamless,0.8
2026-06-25,2026-06-26,Oyam,ecmwf_ifs025,0.5
2026-06-25,2026-06-27,Oyam,ecmwf_ifs025,0.2
2026-06-25,2026-06-28,Oyam,ecmwf_ifs025,0.0
2026-06-25,2026-06-29,Oyam,ecmwf_ifs025,0.2
2026-06-25,2026-06-30,Oyam,ecmwf_ifs025,0.0
2026-06-25,2026-07-01,Oyam,ecmwf_ifs025,0.5
2026-06-25,2026-06-26,Oyam,ecmwf_aifs025_single,0.3
2026-06-25,2026-06-27,Oyam,ecmwf_aifs025_single,0.7
2026-06-25,2026-06-28,Oyam,ecmwf_aifs025_single,0.5
2026-06-25,2026-06-29,Oyam,ecmwf_aifs025_single,0.5
2026-06-25,2026-06-30,Oyam,ecmwf_aifs025_single,1.1
2026-06-25,2026-07-01,Oyam,ecmwf_aifs025_single,2.5
2026-06-25,2026-06-26,Oyam,gfs_seamless,0.0
2026-06-25,2026-06-27,Oyam,gfs_seamless,0.0
2026-06-25,2026-06-28,Oyam,gfs_seamless,0.7
2026-06-25,2026-06-29,Oyam,gfs_seamless,1.3
2026-06-25,2026-06-30,Oyam,gfs_seamless,0.5
2026-06-25,2026-07-01,Oyam,gfs_seamless,0.4
2026-06-25,2026-06-26,Oyam,icon_seamless,0.0
2026-06-25,2026-06-27,Oyam,icon_seamless,2.1
2026-06-25,2026-06-28,Oyam,icon_seamless,0.0
2026-06-25,2026-06-29,Oyam,icon_seamless,0.0
2026-06-25,2026-06-30,Oyam,icon_seamless,4.2
2026-06-25,2026-07-01,Oyam,icon_seamless,5.1
2026-06-25,2026-06-26,Oyam,ukmo_seamless,0.1
2026-06-25,2026-06-27,Oyam,ukmo_seamless,0.3
2026-06-25,2026-06-28,Oyam,ukmo_seamless,0.0
2026-06-25,2026-06-29,Oyam,ukmo_seamless,0.0
2026-06-25,2026-06-30,Oyam,ukmo_seamless,0.0
2026-06-25,2026-07-01,Oyam,ukmo_seamless,0.0
2026-06-25,2026-06-26,Oyam,meteofrance_seamless,0.0
2026-06-25,2026-06-27,Oyam,meteofrance_seamless,0.0
2026-06-25,2026-06-28,Oyam,meteofrance_seamless,0.0
2026-06-25,2026-06-26,Oyam,jma_seamless,0.1
2026-06-25,2026-06-27,Oyam,jma_seamless,0.0
2026-06-25,2026-06-28,Oyam,jma_seamless,0.0
2026-06-25,2026-06-29,Oyam,jma_seamless,0.0
2026-06-25,2026-06-30,Oyam,jma_seamless,0.0
2026-06-25,2026-07-01,Oyam,jma_seamless,1.0
2026-06-25,2026-06-26,Oyam,gem_seamless,1.5
2026-06-25,2026-06-27,Oyam,gem_seamless,0.0
2026-06-25,2026-06-28,Oyam,gem_seamless,0.0
2026-06-25,2026-06-29,Oyam,gem_seamless,0.3
2026-06-25,2026-06-30,Oyam,gem_seamless,2.0
2026-06-25,2026-07-01,Oyam,gem_seamless,4.5
2026-06-25,2026-06-26,Oyam,knmi_seamless,1.1
2026-06-25,2026-06-27,Oyam,knmi_seamless,0.1
2026-06-25,2026-06-28,Oyam,knmi_seamless,0.0
2026-06-25,2026-06-29,Oyam,knmi_seamless,0.0
2026-06-25,2026-06-30,Oyam,knmi_seamless,0.0
2026-06-25,2026-07-01,Oyam,knmi_seamless,0.6
2026-06-25,2026-06-26,Apac,ecmwf_ifs025,1.2
2026-06-25,2026-06-27,Apac,ecmwf_ifs025,0.2
2026-06-25,2026-06-28,Apac,ecmwf_ifs025,0.1
2026-06-25,2026-06-29,Apac,ecmwf_ifs025,0.0
2026-06-25,2026-06-30,Apac,ecmwf_ifs025,0.0
2026-06-25,2026-07-01,Apac,ecmwf_ifs025,1.1
2026-06-25,2026-06-26,Apac,ecmwf_aifs025_single,0.3
2026-06-25,2026-06-27,Apac,ecmwf_aifs025_single,0.5
2026-06-25,2026-06-28,Apac,ecmwf_aifs025_single,0.4
2026-06-25,2026-06-29,Apac,ecmwf_aifs025_single,0.4
2026-06-25,2026-06-30,Apac,ecmwf_aifs025_single,1.0
2026-06-25,2026-07-01,Apac,ecmwf_aifs025_single,2.3
2026-06-25,2026-06-26,Apac,gfs_seamless,0.0
2026-06-25,2026-06-27,Apac,gfs_seamless,0.7
2026-06-25,2026-06-28,Apac,gfs_seamless,0.4
2026-06-25,2026-06-29,Apac,gfs_seamless,0.1
2026-06-25,2026-06-30,Apac,gfs_seamless,0.0
2026-06-25,2026-07-01,Apac,gfs_seamless,0.3
2026-06-25,2026-06-26,Apac,icon_seamless,0.1
2026-06-25,2026-06-27,Apac,icon_seamless,0.1
2026-06-25,2026-06-28,Apac,icon_seamless,0.0
2026-06-25,2026-06-29,Apac,icon_seamless,0.0
2026-06-25,2026-06-30,Apac,icon_seamless,0.0
2026-06-25,2026-07-01,Apac,icon_seamless,9.0
2026-06-25,2026-06-26,Apac,ukmo_seamless,0.0
2026-06-25,2026-06-27,Apac,ukmo_seamless,0.0
2026-06-25,2026-06-28,Apac,ukmo_seamless,0.0
2026-06-25,2026-06-29,Apac,ukmo_seamless,0.3
2026-06-25,2026-06-30,Apac,ukmo_seamless,0.0
2026-06-25,2026-07-01,Apac,ukmo_seamless,0.0
2026-06-25,2026-06-26,Apac,meteofrance_seamless,0.0
2026-06-25,2026-06-27,Apac,meteofrance_seamless,0.0
2026-06-25,2026-06-28,Apac,meteofrance_seamless,0.0
2026-06-25,2026-06-26,Apac,jma_seamless,0.1
2026-06-25,2026-06-27,Apac,jma_seamless,0.0
2026-06-25,2026-06-28,Apac,jma_seamless,0.0
2026-06-25,2026-06-29,Apac,jma_seamless,0.0
2026-06-25,2026-06-30,Apac,jma_seamless,0.0
2026-06-25,2026-07-01,Apac,jma_seamless,0.5
2026-06-25,2026-06-26,Apac,gem_seamless,0.5
2026-06-25,2026-06-27,Apac,gem_seamless,0.0
2026-06-25,2026-06-28,Apac,gem_seamless,0.0
2026-06-25,2026-06-29,Apac,gem_seamless,0.0
2026-06-25,2026-06-30,Apac,gem_seamless,0.5
2026-06-25,2026-07-01,Apac,gem_seamless,0.6
2026-06-25,2026-06-26,Apac,knmi_seamless,0.8
2026-06-25,2026-06-27,Apac,knmi_seamless,0.1
2026-06-25,2026-06-28,Apac,knmi_seamless,0.0
2026-06-25,2026-06-29,Apac,knmi_seamless,0.0
2026-06-25,2026-06-30,Apac,knmi_seamless,0.2
2026-06-25,2026-07-01,Apac,knmi_seamless,1.2
2026-06-25,2026-06-26,Gulu,ecmwf_ifs025,0.3
2026-06-25,2026-06-27,Gulu,ecmwf_ifs025,0.1
2026-06-25,2026-06-28,Gulu,ecmwf_ifs025,0.3
2026-06-25,2026-06-29,Gulu,ecmwf_ifs025,0.4
2026-06-25,2026-06-30,Gulu,ecmwf_ifs025,0.7
2026-06-25,2026-07-01,Gulu,ecmwf_ifs025,0.5
2026-06-25,2026-06-26,Gulu,ecmwf_aifs025_single,0.3
2026-06-25,2026-06-27,Gulu,ecmwf_aifs025_single,2.0
2026-06-25,2026-06-28,Gulu,ecmwf_aifs025_single,0.8
2026-06-25,2026-06-29,Gulu,ecmwf_aifs025_single,0.7
2026-06-25,2026-06-30,Gulu,ecmwf_aifs025_single,0.8
2026-06-25,2026-07-01,Gulu,ecmwf_aifs025_single,2.7
2026-06-25,2026-06-26,Gulu,gfs_seamless,0.0
2026-06-25,2026-06-27,Gulu,gfs_seamless,0.9
2026-06-25,2026-06-28,Gulu,gfs_seamless,0.1
2026-06-25,2026-06-29,Gulu,gfs_seamless,1.7
2026-06-25,2026-06-30,Gulu,gfs_seamless,0.3
2026-06-25,2026-07-01,Gulu,gfs_seamless,2.2
2026-06-25,2026-06-26,Gulu,icon_seamless,0.3
2026-06-25,2026-06-27,Gulu,icon_seamless,3.0
2026-06-25,2026-06-28,Gulu,icon_seamless,0.0
2026-06-25,2026-06-29,Gulu,icon_seamless,0.3
2026-06-25,2026-06-30,Gulu,icon_seamless,6.0
2026-06-25,2026-07-01,Gulu,icon_seamless,9.7
2026-06-25,2026-06-26,Gulu,ukmo_seamless,0.1
2026-06-25,2026-06-27,Gulu,ukmo_seamless,0.2
2026-06-25,2026-06-28,Gulu,ukmo_seamless,0.0
2026-06-25,2026-06-29,Gulu,ukmo_seamless,0.3
2026-06-25,2026-06-30,Gulu,ukmo_seamless,0.0
2026-06-25,2026-07-01,Gulu,ukmo_seamless,0.9
2026-06-25,2026-06-26,Gulu,meteofrance_seamless,0.0
2026-06-25,2026-06-27,Gulu,meteofrance_seamless,2.0
2026-06-25,2026-06-28,Gulu,meteofrance_seamless,13.5
2026-06-25,2026-06-26,Gulu,jma_seamless,0.6
2026-06-25,2026-06-27,Gulu,jma_seamless,0.0
2026-06-25,2026-06-28,Gulu,jma_seamless,0.3
2026-06-25,2026-06-29,Gulu,jma_seamless,0.1
2026-06-25,2026-06-30,Gulu,jma_seamless,1.4
2026-06-25,2026-07-01,Gulu,jma_seamless,1.3
2026-06-25,2026-06-26,Gulu,gem_seamless,8.4
2026-06-25,2026-06-27,Gulu,gem_seamless,0.3
2026-06-25,2026-06-28,Gulu,gem_seamless,0.0
2026-06-25,2026-06-29,Gulu,gem_seamless,0.7
2026-06-25,2026-06-30,Gulu,gem_seamless,2.5
2026-06-25,2026-07-01,Gulu,gem_seamless,7.0
2026-06-25,2026-06-26,Gulu,knmi_seamless,0.2
2026-06-25,2026-06-27,Gulu,knmi_seamless,0.1
2026-06-25,2026-06-28,Gulu,knmi_seamless,0.1
2026-06-25,2026-06-29,Gulu,knmi_seamless,0.3
2026-06-25,2026-06-30,Gulu,knmi_seamless,0.9
2026-06-25,2026-07-01,Gulu,knmi_seamless,1.3
2026-06-25,2026-06-26,Omoro,ecmwf_ifs025,0.4
2026-06-25,2026-06-27,Omoro,ecmwf_ifs025,0.0
2026-06-25,2026-06-28,Omoro,ecmwf_ifs025,0.0
2026-06-25,2026-06-29,Omoro,ecmwf_ifs025,0.6
2026-06-25,2026-06-30,Omoro,ecmwf_ifs025,0.2
2026-06-25,2026-07-01,Omoro,ecmwf_ifs025,0.7
2026-06-25,2026-06-26,Omoro,ecmwf_aifs025_single,0.3
2026-06-25,2026-06-27,Omoro,ecmwf_aifs025_single,1.6
2026-06-25,2026-06-28,Omoro,ecmwf_aifs025_single,0.9
2026-06-25,2026-06-29,Omoro,ecmwf_aifs025_single,0.7
2026-06-25,2026-06-30,Omoro,ecmwf_aifs025_single,0.8
2026-06-25,2026-07-01,Omoro,ecmwf_aifs025_single,2.4
2026-06-25,2026-06-26,Omoro,gfs_seamless,0.0
2026-06-25,2026-06-27,Omoro,gfs_seamless,0.4
2026-06-25,2026-06-28,Omoro,gfs_seamless,0.0
2026-06-25,2026-06-29,Omoro,gfs_seamless,2.8
2026-06-25,2026-06-30,Omoro,gfs_seamless,0.5
2026-06-25,2026-07-01,Omoro,gfs_seamless,2.8
2026-06-25,2026-06-26,Omoro,icon_seamless,0.0
2026-06-25,2026-06-27,Omoro,icon_seamless,3.3
2026-06-25,2026-06-28,Omoro,icon_seamless,0.0
2026-06-25,2026-06-29,Omoro,icon_seamless,0.0
2026-06-25,2026-06-30,Omoro,icon_seamless,7.2
2026-06-25,2026-07-01,Omoro,icon_seamless,10.8
2026-06-25,2026-06-26,Omoro,ukmo_seamless,0.1
2026-06-25,2026-06-27,Omoro,ukmo_seamless,0.0
2026-06-25,2026-06-28,Omoro,ukmo_seamless,0.0
2026-06-25,2026-06-29,Omoro,ukmo_seamless,0.0
2026-06-25,2026-06-30,Omoro,ukmo_seamless,0.3
2026-06-25,2026-07-01,Omoro,ukmo_seamless,0.3
2026-06-25,2026-06-26,Omoro,meteofrance_seamless,0.0
2026-06-25,2026-06-27,Omoro,meteofrance_seamless,0.5
2026-06-25,2026-06-28,Omoro,meteofrance_seamless,0.0
2026-06-25,2026-06-26,Omoro,jma_seamless,0.1
2026-06-25,2026-06-27,Omoro,jma_seamless,0.0
2026-06-25,2026-06-28,Omoro,jma_seamless,0.0
2026-06-25,2026-06-29,Omoro,jma_seamless,0.0
2026-06-25,2026-06-30,Omoro,jma_seamless,0.0
2026-06-25,2026-07-01,Omoro,jma_seamless,1.0
2026-06-25,2026-06-26,Omoro,gem_seamless,4.9
2026-06-25,2026-06-27,Omoro,gem_seamless,0.0
2026-06-25,2026-06-28,Omoro,gem_seamless,0.4
2026-06-25,2026-06-29,Omoro,gem_seamless,0.0
2026-06-25,2026-06-30,Omoro,gem_seamless,2.2
2026-06-25,2026-07-01,Omoro,gem_seamless,2.6
2026-06-25,2026-06-26,Omoro,knmi_seamless,0.6
2026-06-25,2026-06-27,Omoro,knmi_seamless,0.0
2026-06-25,2026-06-28,Omoro,knmi_seamless,0.0
2026-06-25,2026-06-29,Omoro,knmi_seamless,0.3
2026-06-25,2026-06-30,Omoro,knmi_seamless,0.0
2026-06-25,2026-07-01,Omoro,knmi_seamless,1.1
2026-06-25,2026-06-26,Nwoya,ecmwf_ifs025,0.7
2026-06-25,2026-06-27,Nwoya,ecmwf_ifs025,0.0
2026-06-25,2026-06-28,Nwoya,ecmwf_ifs025,0.0
2026-06-25,2026-06-29,Nwoya,ecmwf_ifs025,0.1
2026-06-25,2026-06-30,Nwoya,ecmwf_ifs025,0.2
2026-06-25,2026-07-01,Nwoya,ecmwf_ifs025,0.1
2026-06-25,2026-06-26,Nwoya,ecmwf_aifs025_single,0.4
2026-06-25,2026-06-27,Nwoya,ecmwf_aifs025_single,0.8
2026-06-25,2026-06-28,Nwoya,ecmwf_aifs025_single,0.2
2026-06-25,2026-06-29,Nwoya,ecmwf_aifs025_single,0.5
2026-06-25,2026-06-30,Nwoya,ecmwf_aifs025_single,1.3
2026-06-25,2026-07-01,Nwoya,ecmwf_aifs025_single,3.2
2026-06-25,2026-06-26,Nwoya,gfs_seamless,0.0
2026-06-25,2026-06-27,Nwoya,gfs_seamless,0.2
2026-06-25,2026-06-28,Nwoya,gfs_seamless,1.4
2026-06-25,2026-06-29,Nwoya,gfs_seamless,0.0
2026-06-25,2026-06-30,Nwoya,gfs_seamless,5.1
2026-06-25,2026-07-01,Nwoya,gfs_seamless,0.3
2026-06-25,2026-06-26,Nwoya,icon_seamless,0.0
2026-06-25,2026-06-27,Nwoya,icon_seamless,2.5
2026-06-25,2026-06-28,Nwoya,icon_seamless,0.0
2026-06-25,2026-06-29,Nwoya,icon_seamless,0.3
2026-06-25,2026-06-30,Nwoya,icon_seamless,5.4
2026-06-25,2026-07-01,Nwoya,icon_seamless,11.7
2026-06-25,2026-06-26,Nwoya,ukmo_seamless,0.0
2026-06-25,2026-06-27,Nwoya,ukmo_seamless,0.0
2026-06-25,2026-06-28,Nwoya,ukmo_seamless,0.0
2026-06-25,2026-06-29,Nwoya,ukmo_seamless,0.6
2026-06-25,2026-06-30,Nwoya,ukmo_seamless,0.0
2026-06-25,2026-07-01,Nwoya,ukmo_seamless,1.2
2026-06-25,2026-06-26,Nwoya,meteofrance_seamless,0.0
2026-06-25,2026-06-27,Nwoya,meteofrance_seamless,0.0
2026-06-25,2026-06-28,Nwoya,meteofrance_seamless,9.3
2026-06-25,2026-06-26,Nwoya,jma_seamless,-0.1
2026-06-25,2026-06-27,Nwoya,jma_seamless,0.0
2026-06-25,2026-06-28,Nwoya,jma_seamless,0.1
2026-06-25,2026-06-29,Nwoya,jma_seamless,0.0
2026-06-25,2026-06-30,Nwoya,jma_seamless,0.7
2026-06-25,2026-07-01,Nwoya,jma_seamless,2.9
2026-06-25,2026-06-26,Nwoya,gem_seamless,1.1
2026-06-25,2026-06-27,Nwoya,gem_seamless,0.8
2026-06-25,2026-06-28,Nwoya,gem_seamless,0.0
2026-06-25,2026-06-29,Nwoya,gem_seamless,1.2
2026-06-25,2026-06-30,Nwoya,gem_seamless,0.9
2026-06-25,2026-07-01,Nwoya,gem_seamless,1.8
2026-06-25,2026-06-26,Nwoya,knmi_seamless,0.4
2026-06-25,2026-06-27,Nwoya,knmi_seamless,0.0
2026-06-25,2026-06-28,Nwoya,knmi_seamless,0.0
2026-06-25,2026-06-29,Nwoya,knmi_seamless,0.0
2026-06-25,2026-06-30,Nwoya,knmi_seamless,0.3
2026-06-25,2026-07-01,Nwoya,knmi_seamless,1.2
2026-06-25,2026-06-26,Amuru,ecmwf_ifs025,1.7
2026-06-25,2026-06-27,Amuru,ecmwf_ifs025,0.1
2026-06-25,2026-06-28,Amuru,ecmwf_ifs025,0.1
2026-06-25,2026-06-29,Amuru,ecmwf_ifs025,0.2
2026-06-25,2026-06-30,Amuru,ecmwf_ifs025,1.1
2026-06-25,2026-07-01,Amuru,ecmwf_ifs025,2.3
2026-06-25,2026-06-26,Amuru,ecmwf_aifs025_single,0.4
2026-06-25,2026-06-27,Amuru,ecmwf_aifs025_single,1.3
2026-06-25,2026-06-28,Amuru,ecmwf_aifs025_single,0.4
2026-06-25,2026-06-29,Amuru,ecmwf_aifs025_single,0.6
2026-06-25,2026-06-30,Amuru,ecmwf_aifs025_single,1.2
2026-06-25,2026-07-01,Amuru,ecmwf_aifs025_single,3.6
2026-06-25,2026-06-26,Amuru,gfs_seamless,0.0
2026-06-25,2026-06-27,Amuru,gfs_seamless,0.3
2026-06-25,2026-06-28,Amuru,gfs_seamless,1.5
2026-06-25,2026-06-29,Amuru,gfs_seamless,1.0
2026-06-25,2026-06-30,Amuru,gfs_seamless,2.4
2026-06-25,2026-07-01,Amuru,gfs_seamless,1.2
2026-06-25,2026-06-26,Amuru,icon_seamless,0.9
2026-06-25,2026-06-27,Amuru,icon_seamless,4.3
2026-06-25,2026-06-28,Amuru,icon_seamless,0.0
2026-06-25,2026-06-29,Amuru,icon_seamless,0.9
2026-06-25,2026-06-30,Amuru,icon_seamless,3.9
2026-06-25,2026-07-01,Amuru,icon_seamless,11.4
2026-06-25,2026-06-26,Amuru,ukmo_seamless,0.0
2026-06-25,2026-06-27,Amuru,ukmo_seamless,0.3
2026-06-25,2026-06-28,Amuru,ukmo_seamless,0.0
2026-06-25,2026-06-29,Amuru,ukmo_seamless,0.3
2026-06-25,2026-06-30,Amuru,ukmo_seamless,0.0
2026-06-25,2026-07-01,Amuru,ukmo_seamless,1.8
2026-06-25,2026-06-26,Amuru,meteofrance_seamless,0.1
2026-06-25,2026-06-27,Amuru,meteofrance_seamless,0.0
2026-06-25,2026-06-28,Amuru,meteofrance_seamless,13.2
2026-06-25,2026-06-26,Amuru,jma_seamless,0.2
2026-06-25,2026-06-27,Amuru,jma_seamless,0.1
2026-06-25,2026-06-28,Amuru,jma_seamless,0.7
2026-06-25,2026-06-29,Amuru,jma_seamless,1.5
2026-06-25,2026-06-30,Amuru,jma_seamless,4.0
2026-06-25,2026-07-01,Amuru,jma_seamless,4.3
2026-06-25,2026-06-26,Amuru,gem_seamless,2.5
2026-06-25,2026-06-27,Amuru,gem_seamless,0.7
2026-06-25,2026-06-28,Amuru,gem_seamless,2.4
2026-06-25,2026-06-29,Amuru,gem_seamless,0.3
2026-06-25,2026-06-30,Amuru,gem_seamless,4.7
2026-06-25,2026-07-01,Amuru,gem_seamless,2.8
2026-06-25,2026-06-26,Amuru,knmi_seamless,2.3
2026-06-25,2026-06-27,Amuru,knmi_seamless,0.0
2026-06-25,2026-06-28,Amuru,knmi_seamless,0.0
2026-06-25,2026-06-29,Amuru,knmi_seamless,0.3
2026-06-25,2026-06-30,Amuru,knmi_seamless,0.9
2026-06-25,2026-07-01,Amuru,knmi_seamless,2.2
2026-06-25,2026-06-26,Lamwo,ecmwf_ifs025,0.7
2026-06-25,2026-06-27,Lamwo,ecmwf_ifs025,11.6
2026-06-25,2026-06-28,Lamwo,ecmwf_ifs025,0.3
2026-06-25,2026-06-29,Lamwo,ecmwf_ifs025,0.6
2026-06-25,2026-06-30,Lamwo,ecmwf_ifs025,0.5
2026-06-25,2026-07-01,Lamwo,ecmwf_ifs025,3.3
2026-06-25,2026-06-26,Lamwo,ecmwf_aifs025_single,0.7
2026-06-25,2026-06-27,Lamwo,ecmwf_aifs025_single,4.7
2026-06-25,2026-06-28,Lamwo,ecmwf_aifs025_single,1.7
2026-06-25,2026-06-29,Lamwo,ecmwf_aifs025_single,1.5
2026-06-25,2026-06-30,Lamwo,ecmwf_aifs025_single,0.9
2026-06-25,2026-07-01,Lamwo,ecmwf_aifs025_single,2.5
2026-06-25,2026-06-26,Lamwo,gfs_seamless,1.8
2026-06-25,2026-06-27,Lamwo,gfs_seamless,1.9
2026-06-25,2026-06-28,Lamwo,gfs_seamless,1.9
2026-06-25,2026-06-29,Lamwo,gfs_seamless,4.7
2026-06-25,2026-06-30,Lamwo,gfs_seamless,0.8
2026-06-25,2026-07-01,Lamwo,gfs_seamless,1.3
2026-06-25,2026-06-26,Lamwo,icon_seamless,0.8
2026-06-25,2026-06-27,Lamwo,icon_seamless,2.8
2026-06-25,2026-06-28,Lamwo,icon_seamless,4.5
2026-06-25,2026-06-29,Lamwo,icon_seamless,0.3
2026-06-25,2026-06-30,Lamwo,icon_seamless,0.9
2026-06-25,2026-07-01,Lamwo,icon_seamless,6.9
2026-06-25,2026-06-26,Lamwo,ukmo_seamless,0.3
2026-06-25,2026-06-27,Lamwo,ukmo_seamless,1.4
2026-06-25,2026-06-28,Lamwo,ukmo_seamless,0.3
2026-06-25,2026-06-29,Lamwo,ukmo_seamless,0.0
2026-06-25,2026-06-30,Lamwo,ukmo_seamless,0.0
2026-06-25,2026-07-01,Lamwo,ukmo_seamless,1.5
2026-06-25,2026-06-26,Lamwo,meteofrance_seamless,0.4
2026-06-25,2026-06-27,Lamwo,meteofrance_seamless,0.1
2026-06-25,2026-06-28,Lamwo,meteofrance_seamless,3.0
2026-06-25,2026-06-26,Lamwo,jma_seamless,2.5
2026-06-25,2026-06-27,Lamwo,jma_seamless,0.0
2026-06-25,2026-06-28,Lamwo,jma_seamless,9.5
2026-06-25,2026-06-29,Lamwo,jma_seamless,0.7
2026-06-25,2026-06-30,Lamwo,jma_seamless,6.4
2026-06-25,2026-07-01,Lamwo,jma_seamless,8.8
2026-06-25,2026-06-26,Lamwo,gem_seamless,5.4
2026-06-25,2026-06-27,Lamwo,gem_seamless,1.3
2026-06-25,2026-06-28,Lamwo,gem_seamless,0.0
2026-06-25,2026-06-29,Lamwo,gem_seamless,0.3
2026-06-25,2026-06-30,Lamwo,gem_seamless,0.3
2026-06-25,2026-07-01,Lamwo,gem_seamless,0.0
2026-06-25,2026-06-26,Lamwo,knmi_seamless,1.6
2026-06-25,2026-06-27,Lamwo,knmi_seamless,12.9
2026-06-25,2026-06-28,Lamwo,knmi_seamless,0.1
2026-06-25,2026-06-29,Lamwo,knmi_seamless,0.3
2026-06-25,2026-06-30,Lamwo,knmi_seamless,0.3
2026-06-25,2026-07-01,Lamwo,knmi_seamless,2.3
2026-06-25,2026-06-26,Amolatar,ecmwf_ifs025,0.1
2026-06-25,2026-06-27,Amolatar,ecmwf_ifs025,0.2
2026-06-25,2026-06-28,Amolatar,ecmwf_ifs025,0.0
2026-06-25,2026-06-29,Amolatar,ecmwf_ifs025,0.1
2026-06-25,2026-06-30,Amolatar,ecmwf_ifs025,0.2
2026-06-25,2026-07-01,Amolatar,ecmwf_ifs025,1.4
2026-06-25,2026-06-26,Amolatar,ecmwf_aifs025_single,0.1
2026-06-25,2026-06-27,Amolatar,ecmwf_aifs025_single,0.3
2026-06-25,2026-06-28,Amolatar,ecmwf_aifs025_single,0.4
2026-06-25,2026-06-29,Amolatar,ecmwf_aifs025_single,0.2
2026-06-25,2026-06-30,Amolatar,ecmwf_aifs025_single,0.9
2026-06-25,2026-07-01,Amolatar,ecmwf_aifs025_single,1.7
2026-06-25,2026-06-26,Amolatar,gfs_seamless,0.0
2026-06-25,2026-06-27,Amolatar,gfs_seamless,0.0
2026-06-25,2026-06-28,Amolatar,gfs_seamless,0.0
2026-06-25,2026-06-29,Amolatar,gfs_seamless,1.0
2026-06-25,2026-06-30,Amolatar,gfs_seamless,0.4
2026-06-25,2026-07-01,Amolatar,gfs_seamless,0.9
2026-06-25,2026-06-26,Amolatar,icon_seamless,0.0
2026-06-25,2026-06-27,Amolatar,icon_seamless,0.0
2026-06-25,2026-06-28,Amolatar,icon_seamless,0.0
2026-06-25,2026-06-29,Amolatar,icon_seamless,0.0
2026-06-25,2026-06-30,Amolatar,icon_seamless,0.0
2026-06-25,2026-07-01,Amolatar,icon_seamless,0.6
2026-06-25,2026-06-26,Amolatar,ukmo_seamless,0.0
2026-06-25,2026-06-27,Amolatar,ukmo_seamless,0.1
2026-06-25,2026-06-28,Amolatar,ukmo_seamless,0.0
2026-06-25,2026-06-29,Amolatar,ukmo_seamless,0.3
2026-06-25,2026-06-30,Amolatar,ukmo_seamless,0.0
2026-06-25,2026-07-01,Amolatar,ukmo_seamless,0.6
2026-06-25,2026-06-26,Amolatar,meteofrance_seamless,0.0
2026-06-25,2026-06-27,Amolatar,meteofrance_seamless,0.0
2026-06-25,2026-06-28,Amolatar,meteofrance_seamless,0.0
2026-06-25,2026-06-26,Amolatar,jma_seamless,0.0
2026-06-25,2026-06-27,Amolatar,jma_seamless,0.0
2026-06-25,2026-06-28,Amolatar,jma_seamless,0.0
2026-06-25,2026-06-29,Amolatar,jma_seamless,0.0
2026-06-25,2026-06-30,Amolatar,jma_seamless,0.0
2026-06-25,2026-07-01,Amolatar,jma_seamless,0.2
2026-06-25,2026-06-26,Amolatar,gem_seamless,0.0
2026-06-25,2026-06-27,Amolatar,gem_seamless,0.0
2026-06-25,2026-06-28,Amolatar,gem_seamless,0.0
2026-06-25,2026-06-29,Amolatar,gem_seamless,0.0
2026-06-25,2026-06-30,Amolatar,gem_seamless,0.0
2026-06-25,2026-07-01,Amolatar,gem_seamless,0.0
2026-06-25,2026-06-26,Amolatar,knmi_seamless,0.0
2026-06-25,2026-06-27,Amolatar,knmi_seamless,0.1
2026-06-25,2026-06-28,Amolatar,knmi_seamless,0.0
2026-06-25,2026-06-29,Amolatar,knmi_seamless,0.0
2026-06-25,2026-06-30,Amolatar,knmi_seamless,0.5
2026-06-25,2026-07-01,Amolatar,knmi_seamless,0.3
2026-06-25,2026-06-26,Kalaki,ecmwf_ifs025,0.1
2026-06-25,2026-06-27,Kalaki,ecmwf_ifs025,0.2
2026-06-25,2026-06-28,Kalaki,ecmwf_ifs025,0.0
2026-06-25,2026-06-29,Kalaki,ecmwf_ifs025,0.9
2026-06-25,2026-06-30,Kalaki,ecmwf_ifs025,0.9
2026-06-25,2026-07-01,Kalaki,ecmwf_ifs025,1.5
2026-06-25,2026-06-26,Kalaki,ecmwf_aifs025_single,0.2
2026-06-25,2026-06-27,Kalaki,ecmwf_aifs025_single,1.1
2026-06-25,2026-06-28,Kalaki,ecmwf_aifs025_single,1.4
2026-06-25,2026-06-29,Kalaki,ecmwf_aifs025_single,0.9
2026-06-25,2026-06-30,Kalaki,ecmwf_aifs025_single,1.0
2026-06-25,2026-07-01,Kalaki,ecmwf_aifs025_single,1.8
2026-06-25,2026-06-26,Kalaki,gfs_seamless,0.0
2026-06-25,2026-06-27,Kalaki,gfs_seamless,0.2
2026-06-25,2026-06-28,Kalaki,gfs_seamless,0.1
2026-06-25,2026-06-29,Kalaki,gfs_seamless,0.7
2026-06-25,2026-06-30,Kalaki,gfs_seamless,0.2
2026-06-25,2026-07-01,Kalaki,gfs_seamless,1.1
2026-06-25,2026-06-26,Kalaki,icon_seamless,0.0
2026-06-25,2026-06-27,Kalaki,icon_seamless,0.0
2026-06-25,2026-06-28,Kalaki,icon_seamless,0.0
2026-06-25,2026-06-29,Kalaki,icon_seamless,0.0
2026-06-25,2026-06-30,Kalaki,icon_seamless,0.3
2026-06-25,2026-07-01,Kalaki,icon_seamless,8.6
2026-06-25,2026-06-26,Kalaki,ukmo_seamless,0.1
2026-06-25,2026-06-27,Kalaki,ukmo_seamless,0.0
2026-06-25,2026-06-28,Kalaki,ukmo_seamless,0.0
2026-06-25,2026-06-29,Kalaki,ukmo_seamless,0.3
2026-06-25,2026-06-30,Kalaki,ukmo_seamless,0.0
2026-06-25,2026-07-01,Kalaki,ukmo_seamless,0.0
2026-06-25,2026-06-26,Kalaki,meteofrance_seamless,0.0
2026-06-25,2026-06-27,Kalaki,meteofrance_seamless,0.0
2026-06-25,2026-06-28,Kalaki,meteofrance_seamless,0.0
2026-06-25,2026-06-26,Kalaki,jma_seamless,0.1
2026-06-25,2026-06-27,Kalaki,jma_seamless,0.0
2026-06-25,2026-06-28,Kalaki,jma_seamless,0.0
2026-06-25,2026-06-29,Kalaki,jma_seamless,0.0
2026-06-25,2026-06-30,Kalaki,jma_seamless,0.1
2026-06-25,2026-07-01,Kalaki,jma_seamless,2.2
2026-06-25,2026-06-26,Kalaki,gem_seamless,0.4
2026-06-25,2026-06-27,Kalaki,gem_seamless,0.1
2026-06-25,2026-06-28,Kalaki,gem_seamless,0.0
2026-06-25,2026-06-29,Kalaki,gem_seamless,2.1
2026-06-25,2026-06-30,Kalaki,gem_seamless,3.3
2026-06-25,2026-07-01,Kalaki,gem_seamless,3.9
2026-06-25,2026-06-26,Kalaki,knmi_seamless,0.0
2026-06-25,2026-06-27,Kalaki,knmi_seamless,0.0
2026-06-25,2026-06-28,Kalaki,knmi_seamless,0.0
2026-06-25,2026-06-29,Kalaki,knmi_seamless,0.3
2026-06-25,2026-06-30,Kalaki,knmi_seamless,0.3
2026-06-25,2026-07-01,Kalaki,knmi_seamless,2.0
2026-06-25,2026-06-26,Amuria,ecmwf_ifs025,0.1
2026-06-25,2026-06-27,Amuria,ecmwf_ifs025,0.2
2026-06-25,2026-06-28,Amuria,ecmwf_ifs025,0.0
2026-06-25,2026-06-29,Amuria,ecmwf_ifs025,0.9
2026-06-25,2026-06-30,Amuria,ecmwf_ifs025,0.9
2026-06-25,2026-07-01,Amuria,ecmwf_ifs025,1.5
2026-06-25,2026-06-26,Amuria,ecmwf_aifs025_single,0.2
2026-06-25,2026-06-27,Amuria,ecmwf_aifs025_single,1.1
2026-06-25,2026-06-28,Amuria,ecmwf_aifs025_single,1.4
2026-06-25,2026-06-29,Amuria,ecmwf_aifs025_single,0.9
2026-06-25,2026-06-30,Amuria,ecmwf_aifs025_single,1.0
2026-06-25,2026-07-01,Amuria,ecmwf_aifs025_single,1.8
2026-06-25,2026-06-26,Amuria,gfs_seamless,0.0
2026-06-25,2026-06-27,Amuria,gfs_seamless,0.1
2026-06-25,2026-06-28,Amuria,gfs_seamless,0.4
2026-06-25,2026-06-29,Amuria,gfs_seamless,0.3
2026-06-25,2026-06-30,Amuria,gfs_seamless,0.0
2026-06-25,2026-07-01,Amuria,gfs_seamless,2.0
2026-06-25,2026-06-26,Amuria,icon_seamless,0.0
2026-06-25,2026-06-27,Amuria,icon_seamless,0.0
2026-06-25,2026-06-28,Amuria,icon_seamless,0.0
2026-06-25,2026-06-29,Amuria,icon_seamless,0.0
2026-06-25,2026-06-30,Amuria,icon_seamless,0.0
2026-06-25,2026-07-01,Amuria,icon_seamless,5.2
2026-06-25,2026-06-26,Amuria,ukmo_seamless,0.0
2026-06-25,2026-06-27,Amuria,ukmo_seamless,0.0
2026-06-25,2026-06-28,Amuria,ukmo_seamless,0.0
2026-06-25,2026-06-29,Amuria,ukmo_seamless,0.3
2026-06-25,2026-06-30,Amuria,ukmo_seamless,0.0
2026-06-25,2026-07-01,Amuria,ukmo_seamless,0.0
2026-06-25,2026-06-26,Amuria,meteofrance_seamless,0.0
2026-06-25,2026-06-27,Amuria,meteofrance_seamless,0.0
2026-06-25,2026-06-28,Amuria,meteofrance_seamless,0.0
2026-06-25,2026-06-26,Amuria,jma_seamless,0.1
2026-06-25,2026-06-27,Amuria,jma_seamless,0.0
2026-06-25,2026-06-28,Amuria,jma_seamless,0.0
2026-06-25,2026-06-29,Amuria,jma_seamless,0.0
2026-06-25,2026-06-30,Amuria,jma_seamless,0.1
2026-06-25,2026-07-01,Amuria,jma_seamless,2.2
2026-06-25,2026-06-26,Amuria,gem_seamless,0.3
2026-06-25,2026-06-27,Amuria,gem_seamless,0.0
2026-06-25,2026-06-28,Amuria,gem_seamless,0.5
2026-06-25,2026-06-29,Amuria,gem_seamless,1.0
2026-06-25,2026-06-30,Amuria,gem_seamless,5.0
2026-06-25,2026-07-01,Amuria,gem_seamless,2.0
2026-06-25,2026-06-26,Amuria,knmi_seamless,0.0
2026-06-25,2026-06-27,Amuria,knmi_seamless,0.0
2026-06-25,2026-06-28,Amuria,knmi_seamless,0.0
2026-06-25,2026-06-29,Amuria,knmi_seamless,0.7
2026-06-25,2026-06-30,Amuria,knmi_seamless,0.3
2026-06-25,2026-07-01,Amuria,knmi_seamless,0.5
2026-06-25,2026-06-26,Kaberamaido,ecmwf_ifs025,0.0
2026-06-25,2026-06-27,Kaberamaido,ecmwf_ifs025,0.3
2026-06-25,2026-06-28,Kaberamaido,ecmwf_ifs025,0.2
2026-06-25,2026-06-29,Kaberamaido,ecmwf_ifs025,0.0
2026-06-25,2026-06-30,Kaberamaido,ecmwf_ifs025,0.1
2026-06-25,2026-07-01,Kaberamaido,ecmwf_ifs025,1.0
2026-06-25,2026-06-26,Kaberamaido,ecmwf_aifs025_single,0.2
2026-06-25,2026-06-27,Kaberamaido,ecmwf_aifs025_single,0.5
2026-06-25,2026-06-28,Kaberamaido,ecmwf_aifs025_single,0.6
2026-06-25,2026-06-29,Kaberamaido,ecmwf_aifs025_single,0.4
2026-06-25,2026-06-30,Kaberamaido,ecmwf_aifs025_single,0.9
2026-06-25,2026-07-01,Kaberamaido,ecmwf_aifs025_single,2.0
2026-06-25,2026-06-26,Kaberamaido,gfs_seamless,0.0
2026-06-25,2026-06-27,Kaberamaido,gfs_seamless,0.0
2026-06-25,2026-06-28,Kaberamaido,gfs_seamless,0.0
2026-06-25,2026-06-29,Kaberamaido,gfs_seamless,0.3
2026-06-25,2026-06-30,Kaberamaido,gfs_seamless,0.0
2026-06-25,2026-07-01,Kaberamaido,gfs_seamless,0.6
2026-06-25,2026-06-26,Kaberamaido,icon_seamless,0.0
2026-06-25,2026-06-27,Kaberamaido,icon_seamless,0.0
2026-06-25,2026-06-28,Kaberamaido,icon_seamless,0.0
2026-06-25,2026-06-29,Kaberamaido,icon_seamless,0.0
2026-06-25,2026-06-30,Kaberamaido,icon_seamless,0.0
2026-06-25,2026-07-01,Kaberamaido,icon_seamless,1.5
2026-06-25,2026-06-26,Kaberamaido,ukmo_seamless,0.0
2026-06-25,2026-06-27,Kaberamaido,ukmo_seamless,0.0
2026-06-25,2026-06-28,Kaberamaido,ukmo_seamless,0.0
2026-06-25,2026-06-29,Kaberamaido,ukmo_seamless,0.6
2026-06-25,2026-06-30,Kaberamaido,ukmo_seamless,0.0
2026-06-25,2026-07-01,Kaberamaido,ukmo_seamless,0.0
2026-06-25,2026-06-26,Kaberamaido,meteofrance_seamless,0.0
2026-06-25,2026-06-27,Kaberamaido,meteofrance_seamless,0.0
2026-06-25,2026-06-28,Kaberamaido,meteofrance_seamless,0.0
2026-06-25,2026-06-26,Kaberamaido,jma_seamless,0.0
2026-06-25,2026-06-27,Kaberamaido,jma_seamless,0.0
2026-06-25,2026-06-28,Kaberamaido,jma_seamless,0.0
2026-06-25,2026-06-29,Kaberamaido,jma_seamless,0.0
2026-06-25,2026-06-30,Kaberamaido,jma_seamless,0.0
2026-06-25,2026-07-01,Kaberamaido,jma_seamless,0.2
2026-06-25,2026-06-26,Kaberamaido,gem_seamless,0.0
2026-06-25,2026-06-27,Kaberamaido,gem_seamless,0.0
2026-06-25,2026-06-28,Kaberamaido,gem_seamless,0.0
2026-06-25,2026-06-29,Kaberamaido,gem_seamless,0.0
2026-06-25,2026-06-30,Kaberamaido,gem_seamless,0.0
2026-06-25,2026-07-01,Kaberamaido,gem_seamless,1.5
2026-06-25,2026-06-26,Kaberamaido,knmi_seamless,0.0
2026-06-25,2026-06-27,Kaberamaido,knmi_seamless,0.7
2026-06-25,2026-06-28,Kaberamaido,knmi_seamless,0.0
2026-06-25,2026-06-29,Kaberamaido,knmi_seamless,0.0
2026-06-25,2026-06-30,Kaberamaido,knmi_seamless,0.3
2026-06-25,2026-07-01,Kaberamaido,knmi_seamless,2.1
2026-06-25,2026-06-26,Kagadi,ecmwf_ifs025,0.7
2026-06-25,2026-06-27,Kagadi,ecmwf_ifs025,0.5
2026-06-25,2026-06-28,Kagadi,ecmwf_ifs025,0.1
2026-06-25,2026-06-29,Kagadi,ecmwf_ifs025,0.6
2026-06-25,2026-06-30,Kagadi,ecmwf_ifs025,0.3
2026-06-25,2026-07-01,Kagadi,ecmwf_ifs025,1.2
2026-06-25,2026-06-26,Kagadi,ecmwf_aifs025_single,0.2
2026-06-25,2026-06-27,Kagadi,ecmwf_aifs025_single,0.4
2026-06-25,2026-06-28,Kagadi,ecmwf_aifs025_single,0.0
2026-06-25,2026-06-29,Kagadi,ecmwf_aifs025_single,0.1
2026-06-25,2026-06-30,Kagadi,ecmwf_aifs025_single,0.5
2026-06-25,2026-07-01,Kagadi,ecmwf_aifs025_single,1.1
2026-06-25,2026-06-26,Kagadi,gfs_seamless,0.0
2026-06-25,2026-06-27,Kagadi,gfs_seamless,0.0
2026-06-25,2026-06-28,Kagadi,gfs_seamless,0.0
2026-06-25,2026-06-29,Kagadi,gfs_seamless,0.0
2026-06-25,2026-06-30,Kagadi,gfs_seamless,0.1
2026-06-25,2026-07-01,Kagadi,gfs_seamless,0.0
2026-06-25,2026-06-26,Kagadi,icon_seamless,1.0
2026-06-25,2026-06-27,Kagadi,icon_seamless,0.0
2026-06-25,2026-06-28,Kagadi,icon_seamless,0.5
2026-06-25,2026-06-29,Kagadi,icon_seamless,0.3
2026-06-25,2026-06-30,Kagadi,icon_seamless,1.3
2026-06-25,2026-07-01,Kagadi,icon_seamless,0.5
2026-06-25,2026-06-26,Kagadi,ukmo_seamless,0.1
2026-06-25,2026-06-27,Kagadi,ukmo_seamless,0.1
2026-06-25,2026-06-28,Kagadi,ukmo_seamless,0.0
2026-06-25,2026-06-29,Kagadi,ukmo_seamless,0.0
2026-06-25,2026-06-30,Kagadi,ukmo_seamless,0.2
2026-06-25,2026-07-01,Kagadi,ukmo_seamless,0.1
2026-06-25,2026-06-26,Kagadi,meteofrance_seamless,0.0
2026-06-25,2026-06-27,Kagadi,meteofrance_seamless,0.0
2026-06-25,2026-06-28,Kagadi,meteofrance_seamless,0.0
2026-06-25,2026-06-26,Kagadi,jma_seamless,0.0
2026-06-25,2026-06-27,Kagadi,jma_seamless,0.0
2026-06-25,2026-06-28,Kagadi,jma_seamless,0.0
2026-06-25,2026-06-29,Kagadi,jma_seamless,0.0
2026-06-25,2026-06-30,Kagadi,jma_seamless,0.0
2026-06-25,2026-07-01,Kagadi,jma_seamless,0.0
2026-06-25,2026-06-26,Kagadi,gem_seamless,0.0
2026-06-25,2026-06-27,Kagadi,gem_seamless,0.0
2026-06-25,2026-06-28,Kagadi,gem_seamless,0.0
2026-06-25,2026-06-29,Kagadi,gem_seamless,0.0
2026-06-25,2026-06-30,Kagadi,gem_seamless,0.0
2026-06-25,2026-07-01,Kagadi,gem_seamless,4.8
2026-06-25,2026-06-26,Kagadi,knmi_seamless,0.6
2026-06-25,2026-06-27,Kagadi,knmi_seamless,0.3
2026-06-25,2026-06-28,Kagadi,knmi_seamless,0.0
2026-06-25,2026-06-29,Kagadi,knmi_seamless,0.3
2026-06-25,2026-06-30,Kagadi,knmi_seamless,0.3
2026-06-25,2026-07-01,Kagadi,knmi_seamless,1.2
2026-06-25,2026-06-26,Dokolo,ecmwf_ifs025,0.1
2026-06-25,2026-06-27,Dokolo,ecmwf_ifs025,0.2
2026-06-25,2026-06-28,Dokolo,ecmwf_ifs025,0.0
2026-06-25,2026-06-29,Dokolo,ecmwf_ifs025,0.1
2026-06-25,2026-06-30,Dokolo,ecmwf_ifs025,0.0
2026-06-25,2026-07-01,Dokolo,ecmwf_ifs025,0.1
2026-06-25,2026-06-26,Dokolo,ecmwf_aifs025_single,0.3
2026-06-25,2026-06-27,Dokolo,ecmwf_aifs025_single,0.6
2026-06-25,2026-06-28,Dokolo,ecmwf_aifs025_single,0.6
2026-06-25,2026-06-29,Dokolo,ecmwf_aifs025_single,0.3
2026-06-25,2026-06-30,Dokolo,ecmwf_aifs025_single,0.8
2026-06-25,2026-07-01,Dokolo,ecmwf_aifs025_single,2.1
2026-06-25,2026-06-26,Dokolo,gfs_seamless,0.0
2026-06-25,2026-06-27,Dokolo,gfs_seamless,0.0
2026-06-25,2026-06-28,Dokolo,gfs_seamless,0.2
2026-06-25,2026-06-29,Dokolo,gfs_seamless,0.8
2026-06-25,2026-06-30,Dokolo,gfs_seamless,0.0
2026-06-25,2026-07-01,Dokolo,gfs_seamless,0.6
2026-06-25,2026-06-26,Dokolo,icon_seamless,0.0
2026-06-25,2026-06-27,Dokolo,icon_seamless,0.0
2026-06-25,2026-06-28,Dokolo,icon_seamless,0.0
2026-06-25,2026-06-29,Dokolo,icon_seamless,0.0
2026-06-25,2026-06-30,Dokolo,icon_seamless,0.0
2026-06-25,2026-07-01,Dokolo,icon_seamless,14.4
2026-06-25,2026-06-26,Dokolo,ukmo_seamless,0.0
2026-06-25,2026-06-27,Dokolo,ukmo_seamless,0.1
2026-06-25,2026-06-28,Dokolo,ukmo_seamless,0.0
2026-06-25,2026-06-29,Dokolo,ukmo_seamless,0.3
2026-06-25,2026-06-30,Dokolo,ukmo_seamless,0.0
2026-06-25,2026-07-01,Dokolo,ukmo_seamless,0.0
2026-06-25,2026-06-26,Dokolo,meteofrance_seamless,0.0
2026-06-25,2026-06-27,Dokolo,meteofrance_seamless,0.0
2026-06-25,2026-06-28,Dokolo,meteofrance_seamless,0.0
2026-06-25,2026-06-26,Dokolo,jma_seamless,0.0
2026-06-25,2026-06-27,Dokolo,jma_seamless,0.0
2026-06-25,2026-06-28,Dokolo,jma_seamless,0.0
2026-06-25,2026-06-29,Dokolo,jma_seamless,0.0
2026-06-25,2026-06-30,Dokolo,jma_seamless,0.0
2026-06-25,2026-07-01,Dokolo,jma_seamless,0.8
2026-06-25,2026-06-26,Dokolo,gem_seamless,0.0
2026-06-25,2026-06-27,Dokolo,gem_seamless,0.0
2026-06-25,2026-06-28,Dokolo,gem_seamless,0.0
2026-06-25,2026-06-29,Dokolo,gem_seamless,0.0
2026-06-25,2026-06-30,Dokolo,gem_seamless,0.2
2026-06-25,2026-07-01,Dokolo,gem_seamless,1.3
2026-06-25,2026-06-26,Dokolo,knmi_seamless,0.0
2026-06-25,2026-06-27,Dokolo,knmi_seamless,0.2
2026-06-25,2026-06-28,Dokolo,knmi_seamless,0.0
2026-06-25,2026-06-29,Dokolo,knmi_seamless,0.0
2026-06-25,2026-06-30,Dokolo,knmi_seamless,0.0
2026-06-25,2026-07-01,Dokolo,knmi_seamless,1.0
2026-06-25,2026-06-26,Kwania,ecmwf_ifs025,0.1
2026-06-25,2026-06-27,Kwania,ecmwf_ifs025,0.3
2026-06-25,2026-06-28,Kwania,ecmwf_ifs025,0.0
2026-06-25,2026-06-29,Kwania,ecmwf_ifs025,0.1
2026-06-25,2026-06-30,Kwania,ecmwf_ifs025,0.0
2026-06-25,2026-07-01,Kwania,ecmwf_ifs025,0.2
2026-06-25,2026-06-26,Kwania,ecmwf_aifs025_single,0.2
2026-06-25,2026-06-27,Kwania,ecmwf_aifs025_single,0.4
2026-06-25,2026-06-28,Kwania,ecmwf_aifs025_single,0.4
2026-06-25,2026-06-29,Kwania,ecmwf_aifs025_single,0.3
2026-06-25,2026-06-30,Kwania,ecmwf_aifs025_single,0.9
2026-06-25,2026-07-01,Kwania,ecmwf_aifs025_single,2.0
2026-06-25,2026-06-26,Kwania,gfs_seamless,0.0
2026-06-25,2026-06-27,Kwania,gfs_seamless,0.0
2026-06-25,2026-06-28,Kwania,gfs_seamless,0.0
2026-06-25,2026-06-29,Kwania,gfs_seamless,1.2
2026-06-25,2026-06-30,Kwania,gfs_seamless,0.9
2026-06-25,2026-07-01,Kwania,gfs_seamless,0.7
2026-06-25,2026-06-26,Kwania,icon_seamless,0.0
2026-06-25,2026-06-27,Kwania,icon_seamless,0.0
2026-06-25,2026-06-28,Kwania,icon_seamless,0.0
2026-06-25,2026-06-29,Kwania,icon_seamless,0.0
2026-06-25,2026-06-30,Kwania,icon_seamless,0.0
2026-06-25,2026-07-01,Kwania,icon_seamless,14.1
2026-06-25,2026-06-26,Kwania,ukmo_seamless,0.0
2026-06-25,2026-06-27,Kwania,ukmo_seamless,0.0
2026-06-25,2026-06-28,Kwania,ukmo_seamless,0.0
2026-06-25,2026-06-29,Kwania,ukmo_seamless,0.6
2026-06-25,2026-06-30,Kwania,ukmo_seamless,0.0
2026-06-25,2026-07-01,Kwania,ukmo_seamless,0.0
2026-06-25,2026-06-26,Kwania,meteofrance_seamless,0.0
2026-06-25,2026-06-27,Kwania,meteofrance_seamless,0.0
2026-06-25,2026-06-28,Kwania,meteofrance_seamless,0.0
2026-06-25,2026-06-26,Kwania,jma_seamless,0.0
2026-06-25,2026-06-27,Kwania,jma_seamless,0.0
2026-06-25,2026-06-28,Kwania,jma_seamless,0.0
2026-06-25,2026-06-29,Kwania,jma_seamless,0.0
2026-06-25,2026-06-30,Kwania,jma_seamless,0.0
2026-06-25,2026-07-01,Kwania,jma_seamless,0.8
2026-06-25,2026-06-26,Kwania,gem_seamless,0.0
2026-06-25,2026-06-27,Kwania,gem_seamless,0.0
2026-06-25,2026-06-28,Kwania,gem_seamless,0.0
2026-06-25,2026-06-29,Kwania,gem_seamless,0.0
2026-06-25,2026-06-30,Kwania,gem_seamless,0.5
2026-06-25,2026-07-01,Kwania,gem_seamless,0.8
2026-06-25,2026-06-26,Kwania,knmi_seamless,0.4
2026-06-25,2026-06-27,Kwania,knmi_seamless,0.4
2026-06-25,2026-06-28,Kwania,knmi_seamless,0.0
2026-06-25,2026-06-29,Kwania,knmi_seamless,0.0
2026-06-25,2026-06-30,Kwania,knmi_seamless,0.3
2026-06-25,2026-07-01,Kwania,knmi_seamless,0.6
2026-06-25,2026-06-26,Kyenjojo,ecmwf_ifs025,0.0
2026-06-25,2026-06-27,Kyenjojo,ecmwf_ifs025,0.0
2026-06-25,2026-06-28,Kyenjojo,ecmwf_ifs025,0.0
2026-06-25,2026-06-29,Kyenjojo,ecmwf_ifs025,0.0
2026-06-25,2026-06-30,Kyenjojo,ecmwf_ifs025,0.2
2026-06-25,2026-07-01,Kyenjojo,ecmwf_ifs025,1.0
2026-06-25,2026-06-26,Kyenjojo,ecmwf_aifs025_single,0.0
2026-06-25,2026-06-27,Kyenjojo,ecmwf_aifs025_single,0.0
2026-06-25,2026-06-28,Kyenjojo,ecmwf_aifs025_single,0.0
2026-06-25,2026-06-29,Kyenjojo,ecmwf_aifs025_single,0.0
2026-06-25,2026-06-30,Kyenjojo,ecmwf_aifs025_single,0.3
2026-06-25,2026-07-01,Kyenjojo,ecmwf_aifs025_single,0.7
2026-06-25,2026-06-26,Kyenjojo,gfs_seamless,0.4
2026-06-25,2026-06-27,Kyenjojo,gfs_seamless,0.1
2026-06-25,2026-06-28,Kyenjojo,gfs_seamless,0.9
2026-06-25,2026-06-29,Kyenjojo,gfs_seamless,0.2
2026-06-25,2026-06-30,Kyenjojo,gfs_seamless,0.2
2026-06-25,2026-07-01,Kyenjojo,gfs_seamless,0.0
2026-06-25,2026-06-26,Kyenjojo,icon_seamless,0.0
2026-06-25,2026-06-27,Kyenjojo,icon_seamless,0.0
2026-06-25,2026-06-28,Kyenjojo,icon_seamless,0.0
2026-06-25,2026-06-29,Kyenjojo,icon_seamless,0.0
2026-06-25,2026-06-30,Kyenjojo,icon_seamless,0.3
2026-06-25,2026-07-01,Kyenjojo,icon_seamless,0.0
2026-06-25,2026-06-26,Kyenjojo,ukmo_seamless,0.0
2026-06-25,2026-06-27,Kyenjojo,ukmo_seamless,0.1
2026-06-25,2026-06-28,Kyenjojo,ukmo_seamless,0.6
2026-06-25,2026-06-29,Kyenjojo,ukmo_seamless,0.5
2026-06-25,2026-06-30,Kyenjojo,ukmo_seamless,0.4
2026-06-25,2026-07-01,Kyenjojo,ukmo_seamless,0.0
2026-06-25,2026-06-26,Kyenjojo,meteofrance_seamless,0.0
2026-06-25,2026-06-27,Kyenjojo,meteofrance_seamless,0.0
2026-06-25,2026-06-28,Kyenjojo,meteofrance_seamless,0.0
2026-06-25,2026-06-26,Kyenjojo,jma_seamless,0.0
2026-06-25,2026-06-27,Kyenjojo,jma_seamless,0.0
2026-06-25,2026-06-28,Kyenjojo,jma_seamless,0.0
2026-06-25,2026-06-29,Kyenjojo,jma_seamless,0.0
2026-06-25,2026-06-30,Kyenjojo,jma_seamless,0.0
2026-06-25,2026-07-01,Kyenjojo,jma_seamless,0.0
2026-06-25,2026-06-26,Kyenjojo,gem_seamless,0.0
2026-06-25,2026-06-27,Kyenjojo,gem_seamless,0.1
2026-06-25,2026-06-28,Kyenjojo,gem_seamless,0.0
2026-06-25,2026-06-29,Kyenjojo,gem_seamless,0.0
2026-06-25,2026-06-30,Kyenjojo,gem_seamless,0.0
2026-06-25,2026-07-01,Kyenjojo,gem_seamless,3.4
2026-06-25,2026-06-26,Kyenjojo,knmi_seamless,0.0
2026-06-25,2026-06-27,Kyenjojo,knmi_seamless,0.3
2026-06-25,2026-06-28,Kyenjojo,knmi_seamless,0.0
2026-06-25,2026-06-29,Kyenjojo,knmi_seamless,0.0
2026-06-25,2026-06-30,Kyenjojo,knmi_seamless,0.0
2026-06-25,2026-07-01,Kyenjojo,knmi_seamless,0.6
2026-06-26,2026-06-28,Agago,ecmwf_ifs025,0.5
2026-06-26,2026-06-29,Agago,ecmwf_ifs025,0.1
2026-06-26,2026-06-30,Agago,ecmwf_ifs025,0.2
2026-06-26,2026-07-01,Agago,ecmwf_ifs025,3.0
2026-06-26,2026-07-02,Agago,ecmwf_ifs025,16.4
2026-06-26,2026-07-03,Agago,ecmwf_ifs025,3.0
2026-06-26,2026-06-28,Agago,ecmwf_aifs025_single,1.1
2026-06-26,2026-06-29,Agago,ecmwf_aifs025_single,0.1
2026-06-26,2026-06-30,Agago,ecmwf_aifs025_single,0.5
2026-06-26,2026-07-01,Agago,ecmwf_aifs025_single,1.8
2026-06-26,2026-07-02,Agago,ecmwf_aifs025_single,4.3
2026-06-26,2026-07-03,Agago,ecmwf_aifs025_single,3.8
2026-06-26,2026-06-28,Agago,gfs_seamless,0.6
2026-06-26,2026-06-29,Agago,gfs_seamless,2.2
2026-06-26,2026-06-30,Agago,gfs_seamless,1.0
2026-06-26,2026-07-01,Agago,gfs_seamless,1.3
2026-06-26,2026-07-02,Agago,gfs_seamless,1.7
2026-06-26,2026-07-03,Agago,gfs_seamless,0.9
2026-06-26,2026-06-28,Agago,icon_seamless,0.0
2026-06-26,2026-06-29,Agago,icon_seamless,0.0
2026-06-26,2026-06-30,Agago,icon_seamless,0.0
2026-06-26,2026-07-01,Agago,icon_seamless,7.5
2026-06-26,2026-07-02,Agago,icon_seamless,4.8
2026-06-26,2026-07-03,Agago,icon_seamless,0.3
2026-06-26,2026-06-28,Agago,ukmo_seamless,1.8
2026-06-26,2026-06-29,Agago,ukmo_seamless,0.0
2026-06-26,2026-06-30,Agago,ukmo_seamless,0.3
2026-06-26,2026-07-01,Agago,ukmo_seamless,0.0
2026-06-26,2026-07-02,Agago,ukmo_seamless,0.2
2026-06-26,2026-06-28,Agago,meteofrance_seamless,0.0
2026-06-26,2026-06-29,Agago,meteofrance_seamless,0.0
2026-06-26,2026-06-28,Agago,jma_seamless,0.0
2026-06-26,2026-06-29,Agago,jma_seamless,0.0
2026-06-26,2026-06-30,Agago,jma_seamless,0.0
2026-06-26,2026-07-01,Agago,jma_seamless,0.1
2026-06-26,2026-07-02,Agago,jma_seamless,4.0
2026-06-26,2026-07-03,Agago,jma_seamless,7.6
2026-06-26,2026-06-28,Agago,gem_seamless,0.0
2026-06-26,2026-06-29,Agago,gem_seamless,2.2
2026-06-26,2026-06-30,Agago,gem_seamless,2.5
2026-06-26,2026-07-01,Agago,gem_seamless,3.8
2026-06-26,2026-07-02,Agago,gem_seamless,7.5
2026-06-26,2026-07-03,Agago,gem_seamless,0.0
2026-06-26,2026-06-28,Agago,knmi_seamless,0.2
2026-06-26,2026-06-29,Agago,knmi_seamless,0.0
2026-06-26,2026-06-30,Agago,knmi_seamless,0.2
2026-06-26,2026-07-01,Agago,knmi_seamless,4.4
2026-06-26,2026-07-02,Agago,knmi_seamless,18.4
2026-06-26,2026-07-03,Agago,knmi_seamless,1.0
2026-06-26,2026-06-28,Otuke,ecmwf_ifs025,2.8
2026-06-26,2026-06-29,Otuke,ecmwf_ifs025,0.4
2026-06-26,2026-06-30,Otuke,ecmwf_ifs025,0.0
2026-06-26,2026-07-01,Otuke,ecmwf_ifs025,2.1
2026-06-26,2026-07-02,Otuke,ecmwf_ifs025,5.1
2026-06-26,2026-07-03,Otuke,ecmwf_ifs025,6.4
2026-06-26,2026-06-28,Otuke,ecmwf_aifs025_single,0.9
2026-06-26,2026-06-29,Otuke,ecmwf_aifs025_single,0.0
2026-06-26,2026-06-30,Otuke,ecmwf_aifs025_single,0.3
2026-06-26,2026-07-01,Otuke,ecmwf_aifs025_single,1.9
2026-06-26,2026-07-02,Otuke,ecmwf_aifs025_single,4.7
2026-06-26,2026-07-03,Otuke,ecmwf_aifs025_single,3.3
2026-06-26,2026-06-28,Otuke,gfs_seamless,0.3
2026-06-26,2026-06-29,Otuke,gfs_seamless,1.4
2026-06-26,2026-06-30,Otuke,gfs_seamless,0.5
2026-06-26,2026-07-01,Otuke,gfs_seamless,0.5
2026-06-26,2026-07-02,Otuke,gfs_seamless,5.1
2026-06-26,2026-07-03,Otuke,gfs_seamless,1.0
2026-06-26,2026-06-28,Otuke,icon_seamless,0.0
2026-06-26,2026-06-29,Otuke,icon_seamless,0.0
2026-06-26,2026-06-30,Otuke,icon_seamless,0.0
2026-06-26,2026-07-01,Otuke,icon_seamless,1.1
2026-06-26,2026-07-02,Otuke,icon_seamless,9.4
2026-06-26,2026-07-03,Otuke,icon_seamless,1.5
2026-06-26,2026-06-28,Otuke,ukmo_seamless,0.7
2026-06-26,2026-06-29,Otuke,ukmo_seamless,0.0
2026-06-26,2026-06-30,Otuke,ukmo_seamless,0.0
2026-06-26,2026-07-01,Otuke,ukmo_seamless,0.0
2026-06-26,2026-07-02,Otuke,ukmo_seamless,0.0
2026-06-26,2026-06-28,Otuke,meteofrance_seamless,0.0
2026-06-26,2026-06-29,Otuke,meteofrance_seamless,0.0
2026-06-26,2026-06-28,Otuke,jma_seamless,0.0
2026-06-26,2026-06-29,Otuke,jma_seamless,0.0
2026-06-26,2026-06-30,Otuke,jma_seamless,0.1
2026-06-26,2026-07-01,Otuke,jma_seamless,1.9
2026-06-26,2026-07-02,Otuke,jma_seamless,0.5
2026-06-26,2026-07-03,Otuke,jma_seamless,1.5
2026-06-26,2026-06-28,Otuke,gem_seamless,0.0
2026-06-26,2026-06-29,Otuke,gem_seamless,2.5
2026-06-26,2026-06-30,Otuke,gem_seamless,1.4
2026-06-26,2026-07-01,Otuke,gem_seamless,3.7
2026-06-26,2026-07-02,Otuke,gem_seamless,4.8
2026-06-26,2026-07-03,Otuke,gem_seamless,0.0
2026-06-26,2026-06-28,Otuke,knmi_seamless,0.0
2026-06-26,2026-06-29,Otuke,knmi_seamless,0.3
2026-06-26,2026-06-30,Otuke,knmi_seamless,0.0
2026-06-26,2026-07-01,Otuke,knmi_seamless,2.0
2026-06-26,2026-07-02,Otuke,knmi_seamless,7.1
2026-06-26,2026-07-03,Otuke,knmi_seamless,3.8
2026-06-26,2026-06-28,Kitgum,ecmwf_ifs025,1.1
2026-06-26,2026-06-29,Kitgum,ecmwf_ifs025,0.6
2026-06-26,2026-06-30,Kitgum,ecmwf_ifs025,0.0
2026-06-26,2026-07-01,Kitgum,ecmwf_ifs025,1.9
2026-06-26,2026-07-02,Kitgum,ecmwf_ifs025,7.3
2026-06-26,2026-07-03,Kitgum,ecmwf_ifs025,3.0
2026-06-26,2026-06-28,Kitgum,ecmwf_aifs025_single,1.7
2026-06-26,2026-06-29,Kitgum,ecmwf_aifs025_single,0.1
2026-06-26,2026-06-30,Kitgum,ecmwf_aifs025_single,0.5
2026-06-26,2026-07-01,Kitgum,ecmwf_aifs025_single,2.1
2026-06-26,2026-07-02,Kitgum,ecmwf_aifs025_single,4.2
2026-06-26,2026-07-03,Kitgum,ecmwf_aifs025_single,3.9
2026-06-26,2026-06-28,Kitgum,gfs_seamless,1.5
2026-06-26,2026-06-29,Kitgum,gfs_seamless,6.6
2026-06-26,2026-06-30,Kitgum,gfs_seamless,7.4
2026-06-26,2026-07-01,Kitgum,gfs_seamless,0.3
2026-06-26,2026-07-02,Kitgum,gfs_seamless,9.6
2026-06-26,2026-07-03,Kitgum,gfs_seamless,0.0
2026-06-26,2026-06-28,Kitgum,icon_seamless,0.4
2026-06-26,2026-06-29,Kitgum,icon_seamless,1.0
2026-06-26,2026-06-30,Kitgum,icon_seamless,0.0
2026-06-26,2026-07-01,Kitgum,icon_seamless,5.0
2026-06-26,2026-07-02,Kitgum,icon_seamless,6.8
2026-06-26,2026-07-03,Kitgum,icon_seamless,1.1
2026-06-26,2026-06-28,Kitgum,ukmo_seamless,1.2
2026-06-26,2026-06-29,Kitgum,ukmo_seamless,0.0
2026-06-26,2026-06-30,Kitgum,ukmo_seamless,0.0
2026-06-26,2026-07-01,Kitgum,ukmo_seamless,0.3
2026-06-26,2026-07-02,Kitgum,ukmo_seamless,0.6
2026-06-26,2026-06-28,Kitgum,meteofrance_seamless,1.1
2026-06-26,2026-06-29,Kitgum,meteofrance_seamless,0.0
2026-06-26,2026-06-28,Kitgum,jma_seamless,0.1
2026-06-26,2026-06-29,Kitgum,jma_seamless,0.1
2026-06-26,2026-06-30,Kitgum,jma_seamless,0.0
2026-06-26,2026-07-01,Kitgum,jma_seamless,0.1
2026-06-26,2026-07-02,Kitgum,jma_seamless,4.5
2026-06-26,2026-07-03,Kitgum,jma_seamless,3.4
2026-06-26,2026-06-28,Kitgum,gem_seamless,0.0
2026-06-26,2026-06-29,Kitgum,gem_seamless,0.3
2026-06-26,2026-06-30,Kitgum,gem_seamless,0.8
2026-06-26,2026-07-01,Kitgum,gem_seamless,2.1
2026-06-26,2026-07-02,Kitgum,gem_seamless,15.4
2026-06-26,2026-07-03,Kitgum,gem_seamless,1.2
2026-06-26,2026-06-28,Kitgum,knmi_seamless,2.2
2026-06-26,2026-06-29,Kitgum,knmi_seamless,1.5
2026-06-26,2026-06-30,Kitgum,knmi_seamless,0.4
2026-06-26,2026-07-01,Kitgum,knmi_seamless,1.9
2026-06-26,2026-07-02,Kitgum,knmi_seamless,6.1
2026-06-26,2026-07-03,Kitgum,knmi_seamless,1.2
2026-06-26,2026-06-28,Pader,ecmwf_ifs025,2.8
2026-06-26,2026-06-29,Pader,ecmwf_ifs025,0.1
2026-06-26,2026-06-30,Pader,ecmwf_ifs025,0.1
2026-06-26,2026-07-01,Pader,ecmwf_ifs025,2.2
2026-06-26,2026-07-02,Pader,ecmwf_ifs025,8.1
2026-06-26,2026-07-03,Pader,ecmwf_ifs025,4.2
2026-06-26,2026-06-28,Pader,ecmwf_aifs025_single,1.3
2026-06-26,2026-06-29,Pader,ecmwf_aifs025_single,0.1
2026-06-26,2026-06-30,Pader,ecmwf_aifs025_single,0.4
2026-06-26,2026-07-01,Pader,ecmwf_aifs025_single,2.2
2026-06-26,2026-07-02,Pader,ecmwf_aifs025_single,4.6
2026-06-26,2026-07-03,Pader,ecmwf_aifs025_single,3.8
2026-06-26,2026-06-28,Pader,gfs_seamless,1.6
2026-06-26,2026-06-29,Pader,gfs_seamless,3.7
2026-06-26,2026-06-30,Pader,gfs_seamless,0.4
2026-06-26,2026-07-01,Pader,gfs_seamless,1.1
2026-06-26,2026-07-02,Pader,gfs_seamless,2.9
2026-06-26,2026-07-03,Pader,gfs_seamless,1.8
2026-06-26,2026-06-28,Pader,icon_seamless,0.0
2026-06-26,2026-06-29,Pader,icon_seamless,0.9
2026-06-26,2026-06-30,Pader,icon_seamless,0.3
2026-06-26,2026-07-01,Pader,icon_seamless,6.3
2026-06-26,2026-07-02,Pader,icon_seamless,4.8
2026-06-26,2026-07-03,Pader,icon_seamless,0.0
2026-06-26,2026-06-28,Pader,ukmo_seamless,0.8
2026-06-26,2026-06-29,Pader,ukmo_seamless,0.0
2026-06-26,2026-06-30,Pader,ukmo_seamless,0.0
2026-06-26,2026-07-01,Pader,ukmo_seamless,0.0
2026-06-26,2026-07-02,Pader,ukmo_seamless,0.0
2026-06-26,2026-06-28,Pader,meteofrance_seamless,0.1
2026-06-26,2026-06-29,Pader,meteofrance_seamless,0.0
2026-06-26,2026-06-28,Pader,jma_seamless,0.0
2026-06-26,2026-06-29,Pader,jma_seamless,0.0
2026-06-26,2026-06-30,Pader,jma_seamless,0.5
2026-06-26,2026-07-01,Pader,jma_seamless,3.9
2026-06-26,2026-07-02,Pader,jma_seamless,3.7
2026-06-26,2026-07-03,Pader,jma_seamless,3.3
2026-06-26,2026-06-28,Pader,gem_seamless,0.3
2026-06-26,2026-06-29,Pader,gem_seamless,0.8
2026-06-26,2026-06-30,Pader,gem_seamless,2.0
2026-06-26,2026-07-01,Pader,gem_seamless,3.8
2026-06-26,2026-07-02,Pader,gem_seamless,2.6
2026-06-26,2026-07-03,Pader,gem_seamless,0.0
2026-06-26,2026-06-28,Pader,knmi_seamless,0.7
2026-06-26,2026-06-29,Pader,knmi_seamless,0.3
2026-06-26,2026-06-30,Pader,knmi_seamless,0.0
2026-06-26,2026-07-01,Pader,knmi_seamless,5.5
2026-06-26,2026-07-02,Pader,knmi_seamless,6.0
2026-06-26,2026-07-03,Pader,knmi_seamless,3.8
2026-06-26,2026-06-28,Alebtong,ecmwf_ifs025,4.8
2026-06-26,2026-06-29,Alebtong,ecmwf_ifs025,0.1
2026-06-26,2026-06-30,Alebtong,ecmwf_ifs025,0.2
2026-06-26,2026-07-01,Alebtong,ecmwf_ifs025,1.9
2026-06-26,2026-07-02,Alebtong,ecmwf_ifs025,4.0
2026-06-26,2026-07-03,Alebtong,ecmwf_ifs025,9.6
2026-06-26,2026-06-28,Alebtong,ecmwf_aifs025_single,0.8
2026-06-26,2026-06-29,Alebtong,ecmwf_aifs025_single,0.0
2026-06-26,2026-06-30,Alebtong,ecmwf_aifs025_single,0.3
2026-06-26,2026-07-01,Alebtong,ecmwf_aifs025_single,2.1
2026-06-26,2026-07-02,Alebtong,ecmwf_aifs025_single,5.1
2026-06-26,2026-07-03,Alebtong,ecmwf_aifs025_single,2.9
2026-06-26,2026-06-28,Alebtong,gfs_seamless,0.1
2026-06-26,2026-06-29,Alebtong,gfs_seamless,2.6
2026-06-26,2026-06-30,Alebtong,gfs_seamless,1.3
2026-06-26,2026-07-01,Alebtong,gfs_seamless,0.9
2026-06-26,2026-07-02,Alebtong,gfs_seamless,2.1
2026-06-26,2026-07-03,Alebtong,gfs_seamless,1.8
2026-06-26,2026-06-28,Alebtong,icon_seamless,0.0
2026-06-26,2026-06-29,Alebtong,icon_seamless,0.0
2026-06-26,2026-06-30,Alebtong,icon_seamless,0.5
2026-06-26,2026-07-01,Alebtong,icon_seamless,1.6
2026-06-26,2026-07-02,Alebtong,icon_seamless,10.8
2026-06-26,2026-07-03,Alebtong,icon_seamless,1.2
2026-06-26,2026-06-28,Alebtong,ukmo_seamless,0.0
2026-06-26,2026-06-29,Alebtong,ukmo_seamless,0.0
2026-06-26,2026-06-30,Alebtong,ukmo_seamless,0.3
2026-06-26,2026-07-01,Alebtong,ukmo_seamless,0.3
2026-06-26,2026-07-02,Alebtong,ukmo_seamless,0.6
2026-06-26,2026-06-28,Alebtong,meteofrance_seamless,0.0
2026-06-26,2026-06-29,Alebtong,meteofrance_seamless,0.0
2026-06-26,2026-06-28,Alebtong,jma_seamless,0.0
2026-06-26,2026-06-29,Alebtong,jma_seamless,0.0
2026-06-26,2026-06-30,Alebtong,jma_seamless,0.0
2026-06-26,2026-07-01,Alebtong,jma_seamless,3.9
2026-06-26,2026-07-02,Alebtong,jma_seamless,1.2
2026-06-26,2026-07-03,Alebtong,jma_seamless,0.5
2026-06-26,2026-06-28,Alebtong,gem_seamless,0.0
2026-06-26,2026-06-29,Alebtong,gem_seamless,0.7
2026-06-26,2026-06-30,Alebtong,gem_seamless,1.3
2026-06-26,2026-07-01,Alebtong,gem_seamless,2.0
2026-06-26,2026-07-02,Alebtong,gem_seamless,2.1
2026-06-26,2026-07-03,Alebtong,gem_seamless,0.0
2026-06-26,2026-06-28,Alebtong,knmi_seamless,11.0
2026-06-26,2026-06-29,Alebtong,knmi_seamless,0.8
2026-06-26,2026-06-30,Alebtong,knmi_seamless,0.2
2026-06-26,2026-07-01,Alebtong,knmi_seamless,1.9
2026-06-26,2026-07-02,Alebtong,knmi_seamless,6.8
2026-06-26,2026-07-03,Alebtong,knmi_seamless,3.4
2026-06-26,2026-06-28,Lira,ecmwf_ifs025,1.7
2026-06-26,2026-06-29,Lira,ecmwf_ifs025,0.3
2026-06-26,2026-06-30,Lira,ecmwf_ifs025,0.0
2026-06-26,2026-07-01,Lira,ecmwf_ifs025,2.8
2026-06-26,2026-07-02,Lira,ecmwf_ifs025,5.6
2026-06-26,2026-07-03,Lira,ecmwf_ifs025,7.0
2026-06-26,2026-06-28,Lira,ecmwf_aifs025_single,0.8
2026-06-26,2026-06-29,Lira,ecmwf_aifs025_single,0.0
2026-06-26,2026-06-30,Lira,ecmwf_aifs025_single,0.3
2026-06-26,2026-07-01,Lira,ecmwf_aifs025_single,2.3
2026-06-26,2026-07-02,Lira,ecmwf_aifs025_single,5.3
2026-06-26,2026-07-03,Lira,ecmwf_aifs025_single,2.9
2026-06-26,2026-06-28,Lira,gfs_seamless,0.1
2026-06-26,2026-06-29,Lira,gfs_seamless,1.0
2026-06-26,2026-06-30,Lira,gfs_seamless,1.6
2026-06-26,2026-07-01,Lira,gfs_seamless,1.0
2026-06-26,2026-07-02,Lira,gfs_seamless,3.4
2026-06-26,2026-07-03,Lira,gfs_seamless,1.4
2026-06-26,2026-06-28,Lira,icon_seamless,0.0
2026-06-26,2026-06-29,Lira,icon_seamless,0.0
2026-06-26,2026-06-30,Lira,icon_seamless,1.2
2026-06-26,2026-07-01,Lira,icon_seamless,7.5
2026-06-26,2026-07-02,Lira,icon_seamless,3.9
2026-06-26,2026-07-03,Lira,icon_seamless,3.9
2026-06-26,2026-06-28,Lira,ukmo_seamless,0.0
2026-06-26,2026-06-29,Lira,ukmo_seamless,0.0
2026-06-26,2026-06-30,Lira,ukmo_seamless,0.0
2026-06-26,2026-07-01,Lira,ukmo_seamless,0.0
2026-06-26,2026-07-02,Lira,ukmo_seamless,0.0
2026-06-26,2026-06-28,Lira,meteofrance_seamless,0.0
2026-06-26,2026-06-29,Lira,meteofrance_seamless,0.0
2026-06-26,2026-06-28,Lira,jma_seamless,0.0
2026-06-26,2026-06-29,Lira,jma_seamless,0.0
2026-06-26,2026-06-30,Lira,jma_seamless,0.0
2026-06-26,2026-07-01,Lira,jma_seamless,3.9
2026-06-26,2026-07-02,Lira,jma_seamless,1.2
2026-06-26,2026-07-03,Lira,jma_seamless,0.5
2026-06-26,2026-06-28,Lira,gem_seamless,0.0
2026-06-26,2026-06-29,Lira,gem_seamless,0.0
2026-06-26,2026-06-30,Lira,gem_seamless,3.3
2026-06-26,2026-07-01,Lira,gem_seamless,3.7
2026-06-26,2026-07-02,Lira,gem_seamless,3.2
2026-06-26,2026-07-03,Lira,gem_seamless,0.0
2026-06-26,2026-06-28,Lira,knmi_seamless,0.2
2026-06-26,2026-06-29,Lira,knmi_seamless,0.1
2026-06-26,2026-06-30,Lira,knmi_seamless,0.0
2026-06-26,2026-07-01,Lira,knmi_seamless,8.2
2026-06-26,2026-07-02,Lira,knmi_seamless,6.9
2026-06-26,2026-07-03,Lira,knmi_seamless,10.4
2026-06-26,2026-06-28,Kole,ecmwf_ifs025,0.1
2026-06-26,2026-06-29,Kole,ecmwf_ifs025,0.0
2026-06-26,2026-06-30,Kole,ecmwf_ifs025,0.2
2026-06-26,2026-07-01,Kole,ecmwf_ifs025,2.8
2026-06-26,2026-07-02,Kole,ecmwf_ifs025,5.8
2026-06-26,2026-07-03,Kole,ecmwf_ifs025,9.0
2026-06-26,2026-06-28,Kole,ecmwf_aifs025_single,0.5
2026-06-26,2026-06-29,Kole,ecmwf_aifs025_single,0.0
2026-06-26,2026-06-30,Kole,ecmwf_aifs025_single,0.4
2026-06-26,2026-07-01,Kole,ecmwf_aifs025_single,2.4
2026-06-26,2026-07-02,Kole,ecmwf_aifs025_single,6.0
2026-06-26,2026-07-03,Kole,ecmwf_aifs025_single,2.1
2026-06-26,2026-06-28,Kole,gfs_seamless,0.0
2026-06-26,2026-06-29,Kole,gfs_seamless,0.7
2026-06-26,2026-06-30,Kole,gfs_seamless,1.2
2026-06-26,2026-07-01,Kole,gfs_seamless,1.7
2026-06-26,2026-07-02,Kole,gfs_seamless,2.9
2026-06-26,2026-07-03,Kole,gfs_seamless,0.9
2026-06-26,2026-06-28,Kole,icon_seamless,0.0
2026-06-26,2026-06-29,Kole,icon_seamless,0.0
2026-06-26,2026-06-30,Kole,icon_seamless,1.2
2026-06-26,2026-07-01,Kole,icon_seamless,7.8
2026-06-26,2026-07-02,Kole,icon_seamless,3.0
2026-06-26,2026-07-03,Kole,icon_seamless,1.5
2026-06-26,2026-06-28,Kole,ukmo_seamless,0.0
2026-06-26,2026-06-29,Kole,ukmo_seamless,0.0
2026-06-26,2026-06-30,Kole,ukmo_seamless,0.0
2026-06-26,2026-07-01,Kole,ukmo_seamless,0.0
2026-06-26,2026-07-02,Kole,ukmo_seamless,0.6
2026-06-26,2026-06-28,Kole,meteofrance_seamless,0.0
2026-06-26,2026-06-29,Kole,meteofrance_seamless,0.0
2026-06-26,2026-06-28,Kole,jma_seamless,0.0
2026-06-26,2026-06-29,Kole,jma_seamless,0.0
2026-06-26,2026-06-30,Kole,jma_seamless,0.0
2026-06-26,2026-07-01,Kole,jma_seamless,3.2
2026-06-26,2026-07-02,Kole,jma_seamless,3.0
2026-06-26,2026-07-03,Kole,jma_seamless,1.5
2026-06-26,2026-06-28,Kole,gem_seamless,0.0
2026-06-26,2026-06-29,Kole,gem_seamless,0.0
2026-06-26,2026-06-30,Kole,gem_seamless,1.7
2026-06-26,2026-07-01,Kole,gem_seamless,4.1
2026-06-26,2026-07-02,Kole,gem_seamless,3.8
2026-06-26,2026-07-03,Kole,gem_seamless,0.0
2026-06-26,2026-06-28,Kole,knmi_seamless,0.1
2026-06-26,2026-06-29,Kole,knmi_seamless,0.0
2026-06-26,2026-06-30,Kole,knmi_seamless,0.0
2026-06-26,2026-07-01,Kole,knmi_seamless,8.9
2026-06-26,2026-07-02,Kole,knmi_seamless,6.9
2026-06-26,2026-07-03,Kole,knmi_seamless,9.4
2026-06-26,2026-06-28,Oyam,ecmwf_ifs025,0.5
2026-06-26,2026-06-29,Oyam,ecmwf_ifs025,0.0
2026-06-26,2026-06-30,Oyam,ecmwf_ifs025,0.2
2026-06-26,2026-07-01,Oyam,ecmwf_ifs025,4.1
2026-06-26,2026-07-02,Oyam,ecmwf_ifs025,10.0
2026-06-26,2026-07-03,Oyam,ecmwf_ifs025,9.4
2026-06-26,2026-06-28,Oyam,ecmwf_aifs025_single,0.5
2026-06-26,2026-06-29,Oyam,ecmwf_aifs025_single,0.0
2026-06-26,2026-06-30,Oyam,ecmwf_aifs025_single,0.4
2026-06-26,2026-07-01,Oyam,ecmwf_aifs025_single,2.7
2026-06-26,2026-07-02,Oyam,ecmwf_aifs025_single,5.9
2026-06-26,2026-07-03,Oyam,ecmwf_aifs025_single,2.2
2026-06-26,2026-06-28,Oyam,gfs_seamless,0.0
2026-06-26,2026-06-29,Oyam,gfs_seamless,1.0
2026-06-26,2026-06-30,Oyam,gfs_seamless,2.1
2026-06-26,2026-07-01,Oyam,gfs_seamless,2.5
2026-06-26,2026-07-02,Oyam,gfs_seamless,2.3
2026-06-26,2026-07-03,Oyam,gfs_seamless,0.6
2026-06-26,2026-06-28,Oyam,icon_seamless,0.0
2026-06-26,2026-06-29,Oyam,icon_seamless,0.1
2026-06-26,2026-06-30,Oyam,icon_seamless,1.5
2026-06-26,2026-07-01,Oyam,icon_seamless,6.9
2026-06-26,2026-07-02,Oyam,icon_seamless,0.3
2026-06-26,2026-07-03,Oyam,icon_seamless,0.3
2026-06-26,2026-06-28,Oyam,ukmo_seamless,0.0
2026-06-26,2026-06-29,Oyam,ukmo_seamless,0.0
2026-06-26,2026-06-30,Oyam,ukmo_seamless,0.0
2026-06-26,2026-07-01,Oyam,ukmo_seamless,0.0
2026-06-26,2026-07-02,Oyam,ukmo_seamless,0.0
2026-06-26,2026-06-28,Oyam,meteofrance_seamless,0.0
2026-06-26,2026-06-29,Oyam,meteofrance_seamless,0.0
2026-06-26,2026-06-28,Oyam,jma_seamless,0.0
2026-06-26,2026-06-29,Oyam,jma_seamless,0.0
2026-06-26,2026-06-30,Oyam,jma_seamless,0.0
2026-06-26,2026-07-01,Oyam,jma_seamless,3.2
2026-06-26,2026-07-02,Oyam,jma_seamless,3.0
2026-06-26,2026-07-03,Oyam,jma_seamless,1.5
2026-06-26,2026-06-28,Oyam,gem_seamless,0.0
2026-06-26,2026-06-29,Oyam,gem_seamless,0.0
2026-06-26,2026-06-30,Oyam,gem_seamless,0.4
2026-06-26,2026-07-01,Oyam,gem_seamless,3.9
2026-06-26,2026-07-02,Oyam,gem_seamless,4.1
2026-06-26,2026-07-03,Oyam,gem_seamless,0.0
2026-06-26,2026-06-28,Oyam,knmi_seamless,1.1
2026-06-26,2026-06-29,Oyam,knmi_seamless,0.0
2026-06-26,2026-06-30,Oyam,knmi_seamless,0.0
2026-06-26,2026-07-01,Oyam,knmi_seamless,6.4
2026-06-26,2026-07-02,Oyam,knmi_seamless,3.3
2026-06-26,2026-07-03,Oyam,knmi_seamless,4.4
2026-06-26,2026-06-28,Apac,ecmwf_ifs025,0.3
2026-06-26,2026-06-29,Apac,ecmwf_ifs025,0.0
2026-06-26,2026-06-30,Apac,ecmwf_ifs025,0.8
2026-06-26,2026-07-01,Apac,ecmwf_ifs025,4.1
2026-06-26,2026-07-02,Apac,ecmwf_ifs025,3.4
2026-06-26,2026-07-03,Apac,ecmwf_ifs025,3.6
2026-06-26,2026-06-28,Apac,ecmwf_aifs025_single,0.3
2026-06-26,2026-06-29,Apac,ecmwf_aifs025_single,0.0
2026-06-26,2026-06-30,Apac,ecmwf_aifs025_single,0.4
2026-06-26,2026-07-01,Apac,ecmwf_aifs025_single,2.2
2026-06-26,2026-07-02,Apac,ecmwf_aifs025_single,5.8
2026-06-26,2026-07-03,Apac,ecmwf_aifs025_single,1.8
2026-06-26,2026-06-28,Apac,gfs_seamless,0.0
2026-06-26,2026-06-29,Apac,gfs_seamless,2.7
2026-06-26,2026-06-30,Apac,gfs_seamless,3.3
2026-06-26,2026-07-01,Apac,gfs_seamless,2.3
2026-06-26,2026-07-02,Apac,gfs_seamless,4.1
2026-06-26,2026-07-03,Apac,gfs_seamless,1.0
2026-06-26,2026-06-28,Apac,icon_seamless,0.0
2026-06-26,2026-06-29,Apac,icon_seamless,0.0
2026-06-26,2026-06-30,Apac,icon_seamless,1.2
2026-06-26,2026-07-01,Apac,icon_seamless,11.5
2026-06-26,2026-07-02,Apac,icon_seamless,1.1
2026-06-26,2026-07-03,Apac,icon_seamless,0.0
2026-06-26,2026-06-28,Apac,ukmo_seamless,0.3
2026-06-26,2026-06-29,Apac,ukmo_seamless,0.0
2026-06-26,2026-06-30,Apac,ukmo_seamless,0.3
2026-06-26,2026-07-01,Apac,ukmo_seamless,0.0
2026-06-26,2026-07-02,Apac,ukmo_seamless,0.0
2026-06-26,2026-06-28,Apac,meteofrance_seamless,0.0
2026-06-26,2026-06-29,Apac,meteofrance_seamless,0.0
2026-06-26,2026-06-28,Apac,jma_seamless,0.0
2026-06-26,2026-06-29,Apac,jma_seamless,0.0
2026-06-26,2026-06-30,Apac,jma_seamless,0.0
2026-06-26,2026-07-01,Apac,jma_seamless,0.0
2026-06-26,2026-07-02,Apac,jma_seamless,0.5
2026-06-26,2026-07-03,Apac,jma_seamless,0.0
2026-06-26,2026-06-28,Apac,gem_seamless,0.0
2026-06-26,2026-06-29,Apac,gem_seamless,0.0
2026-06-26,2026-06-30,Apac,gem_seamless,0.8
2026-06-26,2026-07-01,Apac,gem_seamless,2.4
2026-06-26,2026-07-02,Apac,gem_seamless,1.3
2026-06-26,2026-07-03,Apac,gem_seamless,0.0
2026-06-26,2026-06-28,Apac,knmi_seamless,0.2
2026-06-26,2026-06-29,Apac,knmi_seamless,0.0
2026-06-26,2026-06-30,Apac,knmi_seamless,0.3
2026-06-26,2026-07-01,Apac,knmi_seamless,3.7
2026-06-26,2026-07-02,Apac,knmi_seamless,2.7
2026-06-26,2026-07-03,Apac,knmi_seamless,5.0
2026-06-26,2026-06-28,Gulu,ecmwf_ifs025,0.2
2026-06-26,2026-06-29,Gulu,ecmwf_ifs025,0.3
2026-06-26,2026-06-30,Gulu,ecmwf_ifs025,0.5
2026-06-26,2026-07-01,Gulu,ecmwf_ifs025,2.3
2026-06-26,2026-07-02,Gulu,ecmwf_ifs025,13.6
2026-06-26,2026-07-03,Gulu,ecmwf_ifs025,18.4
2026-06-26,2026-06-28,Gulu,ecmwf_aifs025_single,0.9
2026-06-26,2026-06-29,Gulu,ecmwf_aifs025_single,0.0
2026-06-26,2026-06-30,Gulu,ecmwf_aifs025_single,0.3
2026-06-26,2026-07-01,Gulu,ecmwf_aifs025_single,3.2
2026-06-26,2026-07-02,Gulu,ecmwf_aifs025_single,5.5
2026-06-26,2026-07-03,Gulu,ecmwf_aifs025_single,2.9
2026-06-26,2026-06-28,Gulu,gfs_seamless,0.0
2026-06-26,2026-06-29,Gulu,gfs_seamless,3.2
2026-06-26,2026-06-30,Gulu,gfs_seamless,1.7
2026-06-26,2026-07-01,Gulu,gfs_seamless,3.8
2026-06-26,2026-07-02,Gulu,gfs_seamless,0.7
2026-06-26,2026-07-03,Gulu,gfs_seamless,0.3
2026-06-26,2026-06-28,Gulu,icon_seamless,0.7
2026-06-26,2026-06-29,Gulu,icon_seamless,3.3
2026-06-26,2026-06-30,Gulu,icon_seamless,2.4
2026-06-26,2026-07-01,Gulu,icon_seamless,4.5
2026-06-26,2026-07-02,Gulu,icon_seamless,1.8
2026-06-26,2026-07-03,Gulu,icon_seamless,0.0
2026-06-26,2026-06-28,Gulu,ukmo_seamless,0.0
2026-06-26,2026-06-29,Gulu,ukmo_seamless,0.0
2026-06-26,2026-06-30,Gulu,ukmo_seamless,0.3
2026-06-26,2026-07-01,Gulu,ukmo_seamless,0.0
2026-06-26,2026-07-02,Gulu,ukmo_seamless,1.2
2026-06-26,2026-06-28,Gulu,meteofrance_seamless,0.0
2026-06-26,2026-06-29,Gulu,meteofrance_seamless,0.0
2026-06-26,2026-06-28,Gulu,jma_seamless,0.0
2026-06-26,2026-06-29,Gulu,jma_seamless,0.0
2026-06-26,2026-06-30,Gulu,jma_seamless,3.1
2026-06-26,2026-07-01,Gulu,jma_seamless,11.7
2026-06-26,2026-07-02,Gulu,jma_seamless,5.6
2026-06-26,2026-07-03,Gulu,jma_seamless,3.4
2026-06-26,2026-06-28,Gulu,gem_seamless,1.3
2026-06-26,2026-06-29,Gulu,gem_seamless,0.9
2026-06-26,2026-06-30,Gulu,gem_seamless,8.5
2026-06-26,2026-07-01,Gulu,gem_seamless,5.4
2026-06-26,2026-07-02,Gulu,gem_seamless,17.4
2026-06-26,2026-07-03,Gulu,gem_seamless,0.0
2026-06-26,2026-06-28,Gulu,knmi_seamless,0.0
2026-06-26,2026-06-29,Gulu,knmi_seamless,0.7
2026-06-26,2026-06-30,Gulu,knmi_seamless,0.3
2026-06-26,2026-07-01,Gulu,knmi_seamless,11.3
2026-06-26,2026-07-02,Gulu,knmi_seamless,7.5
2026-06-26,2026-07-03,Gulu,knmi_seamless,7.6
2026-06-26,2026-06-28,Omoro,ecmwf_ifs025,0.3
2026-06-26,2026-06-29,Omoro,ecmwf_ifs025,0.1
2026-06-26,2026-06-30,Omoro,ecmwf_ifs025,0.2
2026-06-26,2026-07-01,Omoro,ecmwf_ifs025,3.2
2026-06-26,2026-07-02,Omoro,ecmwf_ifs025,8.3
2026-06-26,2026-07-03,Omoro,ecmwf_ifs025,6.2
2026-06-26,2026-06-28,Omoro,ecmwf_aifs025_single,0.9
2026-06-26,2026-06-29,Omoro,ecmwf_aifs025_single,0.0
2026-06-26,2026-06-30,Omoro,ecmwf_aifs025_single,0.4
2026-06-26,2026-07-01,Omoro,ecmwf_aifs025_single,2.6
2026-06-26,2026-07-02,Omoro,ecmwf_aifs025_single,5.4
2026-06-26,2026-07-03,Omoro,ecmwf_aifs025_single,2.9
2026-06-26,2026-06-28,Omoro,gfs_seamless,0.0
2026-06-26,2026-06-29,Omoro,gfs_seamless,3.1
2026-06-26,2026-06-30,Omoro,gfs_seamless,2.5
2026-06-26,2026-07-01,Omoro,gfs_seamless,1.2
2026-06-26,2026-07-02,Omoro,gfs_seamless,4.0
2026-06-26,2026-07-03,Omoro,gfs_seamless,1.8
2026-06-26,2026-06-28,Omoro,icon_seamless,0.0
2026-06-26,2026-06-29,Omoro,icon_seamless,3.8
2026-06-26,2026-06-30,Omoro,icon_seamless,2.0
2026-06-26,2026-07-01,Omoro,icon_seamless,6.7
2026-06-26,2026-07-02,Omoro,icon_seamless,2.7
2026-06-26,2026-07-03,Omoro,icon_seamless,0.6
2026-06-26,2026-06-28,Omoro,ukmo_seamless,0.4
2026-06-26,2026-06-29,Omoro,ukmo_seamless,0.0
2026-06-26,2026-06-30,Omoro,ukmo_seamless,0.0
2026-06-26,2026-07-01,Omoro,ukmo_seamless,0.0
2026-06-26,2026-07-02,Omoro,ukmo_seamless,0.0
2026-06-26,2026-06-28,Omoro,meteofrance_seamless,0.0
2026-06-26,2026-06-29,Omoro,meteofrance_seamless,0.0
2026-06-26,2026-06-28,Omoro,jma_seamless,0.0
2026-06-26,2026-06-29,Omoro,jma_seamless,0.0
2026-06-26,2026-06-30,Omoro,jma_seamless,0.0
2026-06-26,2026-07-01,Omoro,jma_seamless,3.2
2026-06-26,2026-07-02,Omoro,jma_seamless,3.0
2026-06-26,2026-07-03,Omoro,jma_seamless,1.5
2026-06-26,2026-06-28,Omoro,gem_seamless,0.0
2026-06-26,2026-06-29,Omoro,gem_seamless,0.1
2026-06-26,2026-06-30,Omoro,gem_seamless,3.1
2026-06-26,2026-07-01,Omoro,gem_seamless,1.8
2026-06-26,2026-07-02,Omoro,gem_seamless,2.1
2026-06-26,2026-07-03,Omoro,gem_seamless,0.0
2026-06-26,2026-06-28,Omoro,knmi_seamless,0.4
2026-06-26,2026-06-29,Omoro,knmi_seamless,0.2
2026-06-26,2026-06-30,Omoro,knmi_seamless,0.3
2026-06-26,2026-07-01,Omoro,knmi_seamless,7.2
2026-06-26,2026-07-02,Omoro,knmi_seamless,5.2
2026-06-26,2026-07-03,Omoro,knmi_seamless,12.8
2026-06-26,2026-06-28,Nwoya,ecmwf_ifs025,0.1
2026-06-26,2026-06-29,Nwoya,ecmwf_ifs025,0.0
2026-06-26,2026-06-30,Nwoya,ecmwf_ifs025,0.1
2026-06-26,2026-07-01,Nwoya,ecmwf_ifs025,6.0
2026-06-26,2026-07-02,Nwoya,ecmwf_ifs025,12.2
2026-06-26,2026-07-03,Nwoya,ecmwf_ifs025,10.8
2026-06-26,2026-06-28,Nwoya,ecmwf_aifs025_single,0.3
2026-06-26,2026-06-29,Nwoya,ecmwf_aifs025_single,0.1
2026-06-26,2026-06-30,Nwoya,ecmwf_aifs025_single,0.5
2026-06-26,2026-07-01,Nwoya,ecmwf_aifs025_single,3.7
2026-06-26,2026-07-02,Nwoya,ecmwf_aifs025_single,5.8
2026-06-26,2026-07-03,Nwoya,ecmwf_aifs025_single,2.1
2026-06-26,2026-06-28,Nwoya,gfs_seamless,0.0
2026-06-26,2026-06-29,Nwoya,gfs_seamless,0.9
2026-06-26,2026-06-30,Nwoya,gfs_seamless,5.7
2026-06-26,2026-07-01,Nwoya,gfs_seamless,3.2
2026-06-26,2026-07-02,Nwoya,gfs_seamless,0.6
2026-06-26,2026-07-03,Nwoya,gfs_seamless,0.0
2026-06-26,2026-06-28,Nwoya,icon_seamless,0.1
2026-06-26,2026-06-29,Nwoya,icon_seamless,1.2
2026-06-26,2026-06-30,Nwoya,icon_seamless,7.5
2026-06-26,2026-07-01,Nwoya,icon_seamless,6.9
2026-06-26,2026-07-02,Nwoya,icon_seamless,0.0
2026-06-26,2026-07-03,Nwoya,icon_seamless,0.3
2026-06-26,2026-06-28,Nwoya,ukmo_seamless,0.2
2026-06-26,2026-06-29,Nwoya,ukmo_seamless,0.9
2026-06-26,2026-06-30,Nwoya,ukmo_seamless,0.0
2026-06-26,2026-07-01,Nwoya,ukmo_seamless,0.5
2026-06-26,2026-07-02,Nwoya,ukmo_seamless,0.7
2026-06-26,2026-06-28,Nwoya,meteofrance_seamless,0.4
2026-06-26,2026-06-29,Nwoya,meteofrance_seamless,0.0
2026-06-26,2026-06-28,Nwoya,jma_seamless,0.0
2026-06-26,2026-06-29,Nwoya,jma_seamless,0.0
2026-06-26,2026-06-30,Nwoya,jma_seamless,1.6
2026-06-26,2026-07-01,Nwoya,jma_seamless,1.9
2026-06-26,2026-07-02,Nwoya,jma_seamless,0.9
2026-06-26,2026-07-03,Nwoya,jma_seamless,1.8
2026-06-26,2026-06-28,Nwoya,gem_seamless,0.1
2026-06-26,2026-06-29,Nwoya,gem_seamless,0.0
2026-06-26,2026-06-30,Nwoya,gem_seamless,6.4
2026-06-26,2026-07-01,Nwoya,gem_seamless,9.2
2026-06-26,2026-07-02,Nwoya,gem_seamless,2.4
2026-06-26,2026-07-03,Nwoya,gem_seamless,0.0
2026-06-26,2026-06-28,Nwoya,knmi_seamless,0.1
2026-06-26,2026-06-29,Nwoya,knmi_seamless,0.0
2026-06-26,2026-06-30,Nwoya,knmi_seamless,0.3
2026-06-26,2026-07-01,Nwoya,knmi_seamless,6.6
2026-06-26,2026-07-02,Nwoya,knmi_seamless,11.0
2026-06-26,2026-07-03,Nwoya,knmi_seamless,6.4
2026-06-26,2026-06-28,Amuru,ecmwf_ifs025,0.3
2026-06-26,2026-06-29,Amuru,ecmwf_ifs025,1.3
2026-06-26,2026-06-30,Amuru,ecmwf_ifs025,0.5
2026-06-26,2026-07-01,Amuru,ecmwf_ifs025,2.1
2026-06-26,2026-07-02,Amuru,ecmwf_ifs025,15.3
2026-06-26,2026-07-03,Amuru,ecmwf_ifs025,10.6
2026-06-26,2026-06-28,Amuru,ecmwf_aifs025_single,0.5
2026-06-26,2026-06-29,Amuru,ecmwf_aifs025_single,0.1
2026-06-26,2026-06-30,Amuru,ecmwf_aifs025_single,0.5
2026-06-26,2026-07-01,Amuru,ecmwf_aifs025_single,4.2
2026-06-26,2026-07-02,Amuru,ecmwf_aifs025_single,5.6
2026-06-26,2026-07-03,Amuru,ecmwf_aifs025_single,2.3
2026-06-26,2026-06-28,Amuru,gfs_seamless,0.0
2026-06-26,2026-06-29,Amuru,gfs_seamless,3.1
2026-06-26,2026-06-30,Amuru,gfs_seamless,1.7
2026-06-26,2026-07-01,Amuru,gfs_seamless,1.3
2026-06-26,2026-07-02,Amuru,gfs_seamless,2.2
2026-06-26,2026-07-03,Amuru,gfs_seamless,0.3
2026-06-26,2026-06-28,Amuru,icon_seamless,1.3
2026-06-26,2026-06-29,Amuru,icon_seamless,1.1
2026-06-26,2026-06-30,Amuru,icon_seamless,5.4
2026-06-26,2026-07-01,Amuru,icon_seamless,9.3
2026-06-26,2026-07-02,Amuru,icon_seamless,0.3
2026-06-26,2026-07-03,Amuru,icon_seamless,0.9
2026-06-26,2026-06-28,Amuru,ukmo_seamless,0.2
2026-06-26,2026-06-29,Amuru,ukmo_seamless,0.4
2026-06-26,2026-06-30,Amuru,ukmo_seamless,0.0
2026-06-26,2026-07-01,Amuru,ukmo_seamless,0.0
2026-06-26,2026-07-02,Amuru,ukmo_seamless,2.4
2026-06-26,2026-06-28,Amuru,meteofrance_seamless,4.6
2026-06-26,2026-06-29,Amuru,meteofrance_seamless,0.0
2026-06-26,2026-06-28,Amuru,jma_seamless,0.0
2026-06-26,2026-06-29,Amuru,jma_seamless,0.7
2026-06-26,2026-06-30,Amuru,jma_seamless,3.0
2026-06-26,2026-07-01,Amuru,jma_seamless,5.8
2026-06-26,2026-07-02,Amuru,jma_seamless,2.6
2026-06-26,2026-07-03,Amuru,jma_seamless,6.3
2026-06-26,2026-06-28,Amuru,gem_seamless,3.3
2026-06-26,2026-06-29,Amuru,gem_seamless,0.9
2026-06-26,2026-06-30,Amuru,gem_seamless,5.3
2026-06-26,2026-07-01,Amuru,gem_seamless,42.4
2026-06-26,2026-07-02,Amuru,gem_seamless,5.7
2026-06-26,2026-07-03,Amuru,gem_seamless,0.0
2026-06-26,2026-06-28,Amuru,knmi_seamless,0.5
2026-06-26,2026-06-29,Amuru,knmi_seamless,1.3
2026-06-26,2026-06-30,Amuru,knmi_seamless,0.6
2026-06-26,2026-07-01,Amuru,knmi_seamless,7.0
2026-06-26,2026-07-02,Amuru,knmi_seamless,11.4
2026-06-26,2026-07-03,Amuru,knmi_seamless,11.0
2026-06-26,2026-06-28,Lamwo,ecmwf_ifs025,0.6
2026-06-26,2026-06-29,Lamwo,ecmwf_ifs025,0.9
2026-06-26,2026-06-30,Lamwo,ecmwf_ifs025,0.2
2026-06-26,2026-07-01,Lamwo,ecmwf_ifs025,4.6
2026-06-26,2026-07-02,Lamwo,ecmwf_ifs025,4.8
2026-06-26,2026-07-03,Lamwo,ecmwf_ifs025,4.4
2026-06-26,2026-06-28,Lamwo,ecmwf_aifs025_single,2.3
2026-06-26,2026-06-29,Lamwo,ecmwf_aifs025_single,0.2
2026-06-26,2026-06-30,Lamwo,ecmwf_aifs025_single,0.7
2026-06-26,2026-07-01,Lamwo,ecmwf_aifs025_single,3.0
2026-06-26,2026-07-02,Lamwo,ecmwf_aifs025_single,4.9
2026-06-26,2026-07-03,Lamwo,ecmwf_aifs025_single,3.9
2026-06-26,2026-06-28,Lamwo,gfs_seamless,1.0
2026-06-26,2026-06-29,Lamwo,gfs_seamless,4.2
2026-06-26,2026-06-30,Lamwo,gfs_seamless,3.3
2026-06-26,2026-07-01,Lamwo,gfs_seamless,1.1
2026-06-26,2026-07-02,Lamwo,gfs_seamless,4.5
2026-06-26,2026-07-03,Lamwo,gfs_seamless,0.0
2026-06-26,2026-06-28,Lamwo,icon_seamless,2.8
2026-06-26,2026-06-29,Lamwo,icon_seamless,2.0
2026-06-26,2026-06-30,Lamwo,icon_seamless,3.0
2026-06-26,2026-07-01,Lamwo,icon_seamless,2.4
2026-06-26,2026-07-02,Lamwo,icon_seamless,2.0
2026-06-26,2026-07-03,Lamwo,icon_seamless,4.0
2026-06-26,2026-06-28,Lamwo,ukmo_seamless,1.8
2026-06-26,2026-06-29,Lamwo,ukmo_seamless,0.3
2026-06-26,2026-06-30,Lamwo,ukmo_seamless,0.0
2026-06-26,2026-07-01,Lamwo,ukmo_seamless,0.0
2026-06-26,2026-07-02,Lamwo,ukmo_seamless,1.4
2026-06-26,2026-06-28,Lamwo,meteofrance_seamless,0.6
2026-06-26,2026-06-29,Lamwo,meteofrance_seamless,0.0
2026-06-26,2026-06-28,Lamwo,jma_seamless,0.9
2026-06-26,2026-06-29,Lamwo,jma_seamless,0.1
2026-06-26,2026-06-30,Lamwo,jma_seamless,2.9
2026-06-26,2026-07-01,Lamwo,jma_seamless,3.3
2026-06-26,2026-07-02,Lamwo,jma_seamless,6.9
2026-06-26,2026-07-03,Lamwo,jma_seamless,3.2
2026-06-26,2026-06-28,Lamwo,gem_seamless,0.5
2026-06-26,2026-06-29,Lamwo,gem_seamless,0.1
2026-06-26,2026-06-30,Lamwo,gem_seamless,0.9
2026-06-26,2026-07-01,Lamwo,gem_seamless,0.6
2026-06-26,2026-07-02,Lamwo,gem_seamless,3.0
2026-06-26,2026-07-03,Lamwo,gem_seamless,1.6
2026-06-26,2026-06-28,Lamwo,knmi_seamless,0.5
2026-06-26,2026-06-29,Lamwo,knmi_seamless,0.4
2026-06-26,2026-06-30,Lamwo,knmi_seamless,0.0
2026-06-26,2026-07-01,Lamwo,knmi_seamless,3.4
2026-06-26,2026-07-02,Lamwo,knmi_seamless,4.3
2026-06-26,2026-07-03,Lamwo,knmi_seamless,4.2
2026-06-26,2026-06-28,Amolatar,ecmwf_ifs025,0.0
2026-06-26,2026-06-29,Amolatar,ecmwf_ifs025,0.7
2026-06-26,2026-06-30,Amolatar,ecmwf_ifs025,0.2
2026-06-26,2026-07-01,Amolatar,ecmwf_ifs025,0.7
2026-06-26,2026-07-02,Amolatar,ecmwf_ifs025,1.9
2026-06-26,2026-07-03,Amolatar,ecmwf_ifs025,2.6
2026-06-26,2026-06-28,Amolatar,ecmwf_aifs025_single,0.4
2026-06-26,2026-06-29,Amolatar,ecmwf_aifs025_single,0.0
2026-06-26,2026-06-30,Amolatar,ecmwf_aifs025_single,0.3
2026-06-26,2026-07-01,Amolatar,ecmwf_aifs025_single,1.7
2026-06-26,2026-07-02,Amolatar,ecmwf_aifs025_single,5.2
2026-06-26,2026-07-03,Amolatar,ecmwf_aifs025_single,1.4
2026-06-26,2026-06-28,Amolatar,gfs_seamless,0.0
2026-06-26,2026-06-29,Amolatar,gfs_seamless,0.0
2026-06-26,2026-06-30,Amolatar,gfs_seamless,1.5
2026-06-26,2026-07-01,Amolatar,gfs_seamless,1.0
2026-06-26,2026-07-02,Amolatar,gfs_seamless,1.3
2026-06-26,2026-07-03,Amolatar,gfs_seamless,0.3
2026-06-26,2026-06-28,Amolatar,icon_seamless,0.0
2026-06-26,2026-06-29,Amolatar,icon_seamless,0.0
2026-06-26,2026-06-30,Amolatar,icon_seamless,0.3
2026-06-26,2026-07-01,Amolatar,icon_seamless,10.8
2026-06-26,2026-07-02,Amolatar,icon_seamless,1.2
2026-06-26,2026-07-03,Amolatar,icon_seamless,0.0
2026-06-26,2026-06-28,Amolatar,ukmo_seamless,0.0
2026-06-26,2026-06-29,Amolatar,ukmo_seamless,0.0
2026-06-26,2026-06-30,Amolatar,ukmo_seamless,0.0
2026-06-26,2026-07-01,Amolatar,ukmo_seamless,0.9
2026-06-26,2026-07-02,Amolatar,ukmo_seamless,0.0
2026-06-26,2026-06-28,Amolatar,meteofrance_seamless,0.0
2026-06-26,2026-06-29,Amolatar,meteofrance_seamless,0.0
2026-06-26,2026-06-28,Amolatar,jma_seamless,0.0
2026-06-26,2026-06-29,Amolatar,jma_seamless,0.0
2026-06-26,2026-06-30,Amolatar,jma_seamless,0.0
2026-06-26,2026-07-01,Amolatar,jma_seamless,0.0
2026-06-26,2026-07-02,Amolatar,jma_seamless,0.1
2026-06-26,2026-07-03,Amolatar,jma_seamless,0.0
2026-06-26,2026-06-28,Amolatar,gem_seamless,0.0
2026-06-26,2026-06-29,Amolatar,gem_seamless,0.0
2026-06-26,2026-06-30,Amolatar,gem_seamless,0.0
2026-06-26,2026-07-01,Amolatar,gem_seamless,0.0
2026-06-26,2026-07-02,Amolatar,gem_seamless,0.4
2026-06-26,2026-07-03,Amolatar,gem_seamless,0.2
2026-06-26,2026-06-28,Amolatar,knmi_seamless,0.0
2026-06-26,2026-06-29,Amolatar,knmi_seamless,0.0
2026-06-26,2026-06-30,Amolatar,knmi_seamless,0.3
2026-06-26,2026-07-01,Amolatar,knmi_seamless,1.8
2026-06-26,2026-07-02,Amolatar,knmi_seamless,2.8
2026-06-26,2026-07-03,Amolatar,knmi_seamless,0.8
2026-06-26,2026-06-28,Kalaki,ecmwf_ifs025,0.0
2026-06-26,2026-06-29,Kalaki,ecmwf_ifs025,1.0
2026-06-26,2026-06-30,Kalaki,ecmwf_ifs025,0.3
2026-06-26,2026-07-01,Kalaki,ecmwf_ifs025,0.9
2026-06-26,2026-07-02,Kalaki,ecmwf_ifs025,1.0
2026-06-26,2026-07-03,Kalaki,ecmwf_ifs025,7.8
2026-06-26,2026-06-28,Kalaki,ecmwf_aifs025_single,0.6
2026-06-26,2026-06-29,Kalaki,ecmwf_aifs025_single,0.0
2026-06-26,2026-06-30,Kalaki,ecmwf_aifs025_single,0.4
2026-06-26,2026-07-01,Kalaki,ecmwf_aifs025_single,2.0
2026-06-26,2026-07-02,Kalaki,ecmwf_aifs025_single,5.0
2026-06-26,2026-07-03,Kalaki,ecmwf_aifs025_single,2.9
2026-06-26,2026-06-28,Kalaki,gfs_seamless,0.0
2026-06-26,2026-06-29,Kalaki,gfs_seamless,0.9
2026-06-26,2026-06-30,Kalaki,gfs_seamless,1.9
2026-06-26,2026-07-01,Kalaki,gfs_seamless,0.2
2026-06-26,2026-07-02,Kalaki,gfs_seamless,0.4
2026-06-26,2026-07-03,Kalaki,gfs_seamless,0.6
2026-06-26,2026-06-28,Kalaki,icon_seamless,0.0
2026-06-26,2026-06-29,Kalaki,icon_seamless,0.0
2026-06-26,2026-06-30,Kalaki,icon_seamless,1.5
2026-06-26,2026-07-01,Kalaki,icon_seamless,5.6
2026-06-26,2026-07-02,Kalaki,icon_seamless,6.1
2026-06-26,2026-07-03,Kalaki,icon_seamless,0.0
2026-06-26,2026-06-28,Kalaki,ukmo_seamless,0.1
2026-06-26,2026-06-29,Kalaki,ukmo_seamless,0.0
2026-06-26,2026-06-30,Kalaki,ukmo_seamless,0.0
2026-06-26,2026-07-01,Kalaki,ukmo_seamless,0.9
2026-06-26,2026-07-02,Kalaki,ukmo_seamless,0.0
2026-06-26,2026-06-28,Kalaki,meteofrance_seamless,0.0
2026-06-26,2026-06-29,Kalaki,meteofrance_seamless,0.0
2026-06-26,2026-06-28,Kalaki,jma_seamless,0.0
2026-06-26,2026-06-29,Kalaki,jma_seamless,0.0
2026-06-26,2026-06-30,Kalaki,jma_seamless,0.0
2026-06-26,2026-07-01,Kalaki,jma_seamless,1.7
2026-06-26,2026-07-02,Kalaki,jma_seamless,0.7
2026-06-26,2026-07-03,Kalaki,jma_seamless,0.0
2026-06-26,2026-06-28,Kalaki,gem_seamless,0.0
2026-06-26,2026-06-29,Kalaki,gem_seamless,2.5
2026-06-26,2026-06-30,Kalaki,gem_seamless,1.4
2026-06-26,2026-07-01,Kalaki,gem_seamless,2.9
2026-06-26,2026-07-02,Kalaki,gem_seamless,1.8
2026-06-26,2026-07-03,Kalaki,gem_seamless,1.5
2026-06-26,2026-06-28,Kalaki,knmi_seamless,0.0
2026-06-26,2026-06-29,Kalaki,knmi_seamless,0.2
2026-06-26,2026-06-30,Kalaki,knmi_seamless,0.6
2026-06-26,2026-07-01,Kalaki,knmi_seamless,0.9
2026-06-26,2026-07-02,Kalaki,knmi_seamless,2.4
2026-06-26,2026-07-03,Kalaki,knmi_seamless,4.4
2026-06-26,2026-06-28,Amuria,ecmwf_ifs025,0.0
2026-06-26,2026-06-29,Amuria,ecmwf_ifs025,1.0
2026-06-26,2026-06-30,Amuria,ecmwf_ifs025,0.3
2026-06-26,2026-07-01,Amuria,ecmwf_ifs025,0.9
2026-06-26,2026-07-02,Amuria,ecmwf_ifs025,1.0
2026-06-26,2026-07-03,Amuria,ecmwf_ifs025,7.8
2026-06-26,2026-06-28,Amuria,ecmwf_aifs025_single,0.6
2026-06-26,2026-06-29,Amuria,ecmwf_aifs025_single,0.0
2026-06-26,2026-06-30,Amuria,ecmwf_aifs025_single,0.4
2026-06-26,2026-07-01,Amuria,ecmwf_aifs025_single,2.0
2026-06-26,2026-07-02,Amuria,ecmwf_aifs025_single,5.0
2026-06-26,2026-07-03,Amuria,ecmwf_aifs025_single,2.9
2026-06-26,2026-06-28,Amuria,gfs_seamless,0.1
2026-06-26,2026-06-29,Amuria,gfs_seamless,1.3
2026-06-26,2026-06-30,Amuria,gfs_seamless,2.2
2026-06-26,2026-07-01,Amuria,gfs_seamless,0.2
2026-06-26,2026-07-02,Amuria,gfs_seamless,1.5
2026-06-26,2026-07-03,Amuria,gfs_seamless,0.3
2026-06-26,2026-06-28,Amuria,icon_seamless,0.0
2026-06-26,2026-06-29,Amuria,icon_seamless,0.0
2026-06-26,2026-06-30,Amuria,icon_seamless,1.6
2026-06-26,2026-07-01,Amuria,icon_seamless,2.6
2026-06-26,2026-07-02,Amuria,icon_seamless,14.4
2026-06-26,2026-07-03,Amuria,icon_seamless,0.0
2026-06-26,2026-06-28,Amuria,ukmo_seamless,0.0
2026-06-26,2026-06-29,Amuria,ukmo_seamless,0.0
2026-06-26,2026-06-30,Amuria,ukmo_seamless,0.0
2026-06-26,2026-07-01,Amuria,ukmo_seamless,0.3
2026-06-26,2026-07-02,Amuria,ukmo_seamless,0.0
2026-06-26,2026-06-28,Amuria,meteofrance_seamless,0.0
2026-06-26,2026-06-29,Amuria,meteofrance_seamless,0.0
2026-06-26,2026-06-28,Amuria,jma_seamless,0.0
2026-06-26,2026-06-29,Amuria,jma_seamless,0.0
2026-06-26,2026-06-30,Amuria,jma_seamless,0.0
2026-06-26,2026-07-01,Amuria,jma_seamless,1.7
2026-06-26,2026-07-02,Amuria,jma_seamless,0.7
2026-06-26,2026-07-03,Amuria,jma_seamless,0.0
2026-06-26,2026-06-28,Amuria,gem_seamless,0.0
2026-06-26,2026-06-29,Amuria,gem_seamless,1.0
2026-06-26,2026-06-30,Amuria,gem_seamless,1.5
2026-06-26,2026-07-01,Amuria,gem_seamless,2.0
2026-06-26,2026-07-02,Amuria,gem_seamless,2.7
2026-06-26,2026-07-03,Amuria,gem_seamless,1.3
2026-06-26,2026-06-28,Amuria,knmi_seamless,0.0
2026-06-26,2026-06-29,Amuria,knmi_seamless,0.1
2026-06-26,2026-06-30,Amuria,knmi_seamless,0.3
2026-06-26,2026-07-01,Amuria,knmi_seamless,0.6
2026-06-26,2026-07-02,Amuria,knmi_seamless,5.2
2026-06-26,2026-07-03,Amuria,knmi_seamless,9.8
2026-06-26,2026-06-28,Kaberamaido,ecmwf_ifs025,0.0
2026-06-26,2026-06-29,Kaberamaido,ecmwf_ifs025,0.5
2026-06-26,2026-06-30,Kaberamaido,ecmwf_ifs025,0.5
2026-06-26,2026-07-01,Kaberamaido,ecmwf_ifs025,0.8
2026-06-26,2026-07-02,Kaberamaido,ecmwf_ifs025,1.0
2026-06-26,2026-07-03,Kaberamaido,ecmwf_ifs025,6.0
2026-06-26,2026-06-28,Kaberamaido,ecmwf_aifs025_single,0.5
2026-06-26,2026-06-29,Kaberamaido,ecmwf_aifs025_single,0.1
2026-06-26,2026-06-30,Kaberamaido,ecmwf_aifs025_single,0.4
2026-06-26,2026-07-01,Kaberamaido,ecmwf_aifs025_single,2.0
2026-06-26,2026-07-02,Kaberamaido,ecmwf_aifs025_single,5.5
2026-06-26,2026-07-03,Kaberamaido,ecmwf_aifs025_single,1.8
2026-06-26,2026-06-28,Kaberamaido,gfs_seamless,0.0
2026-06-26,2026-06-29,Kaberamaido,gfs_seamless,0.0
2026-06-26,2026-06-30,Kaberamaido,gfs_seamless,4.2
2026-06-26,2026-07-01,Kaberamaido,gfs_seamless,0.0
2026-06-26,2026-07-02,Kaberamaido,gfs_seamless,0.0
2026-06-26,2026-07-03,Kaberamaido,gfs_seamless,0.0
2026-06-26,2026-06-28,Kaberamaido,icon_seamless,0.0
2026-06-26,2026-06-29,Kaberamaido,icon_seamless,0.0
2026-06-26,2026-06-30,Kaberamaido,icon_seamless,0.0
2026-06-26,2026-07-01,Kaberamaido,icon_seamless,14.9
2026-06-26,2026-07-02,Kaberamaido,icon_seamless,1.9
2026-06-26,2026-07-03,Kaberamaido,icon_seamless,0.0
2026-06-26,2026-06-28,Kaberamaido,ukmo_seamless,0.0
2026-06-26,2026-06-29,Kaberamaido,ukmo_seamless,0.3
2026-06-26,2026-06-30,Kaberamaido,ukmo_seamless,0.0
2026-06-26,2026-07-01,Kaberamaido,ukmo_seamless,0.3
2026-06-26,2026-07-02,Kaberamaido,ukmo_seamless,0.0
2026-06-26,2026-06-28,Kaberamaido,meteofrance_seamless,0.0
2026-06-26,2026-06-29,Kaberamaido,meteofrance_seamless,0.0
2026-06-26,2026-06-28,Kaberamaido,jma_seamless,0.0
2026-06-26,2026-06-29,Kaberamaido,jma_seamless,0.0
2026-06-26,2026-06-30,Kaberamaido,jma_seamless,0.0
2026-06-26,2026-07-01,Kaberamaido,jma_seamless,0.0
2026-06-26,2026-07-02,Kaberamaido,jma_seamless,0.1
2026-06-26,2026-07-03,Kaberamaido,jma_seamless,0.0
2026-06-26,2026-06-28,Kaberamaido,gem_seamless,0.0
2026-06-26,2026-06-29,Kaberamaido,gem_seamless,0.0
2026-06-26,2026-06-30,Kaberamaido,gem_seamless,0.0
2026-06-26,2026-07-01,Kaberamaido,gem_seamless,0.9
2026-06-26,2026-07-02,Kaberamaido,gem_seamless,3.4
2026-06-26,2026-07-03,Kaberamaido,gem_seamless,1.4
2026-06-26,2026-06-28,Kaberamaido,knmi_seamless,0.0
2026-06-26,2026-06-29,Kaberamaido,knmi_seamless,0.1
2026-06-26,2026-06-30,Kaberamaido,knmi_seamless,0.0
2026-06-26,2026-07-01,Kaberamaido,knmi_seamless,0.6
2026-06-26,2026-07-02,Kaberamaido,knmi_seamless,1.8
2026-06-26,2026-07-03,Kaberamaido,knmi_seamless,1.8
2026-06-26,2026-06-28,Kagadi,ecmwf_ifs025,0.1
2026-06-26,2026-06-29,Kagadi,ecmwf_ifs025,0.0
2026-06-26,2026-06-30,Kagadi,ecmwf_ifs025,0.4
2026-06-26,2026-07-01,Kagadi,ecmwf_ifs025,2.7
2026-06-26,2026-07-02,Kagadi,ecmwf_ifs025,2.4
2026-06-26,2026-07-03,Kagadi,ecmwf_ifs025,10.2
2026-06-26,2026-06-28,Kagadi,ecmwf_aifs025_single,0.0
2026-06-26,2026-06-29,Kagadi,ecmwf_aifs025_single,0.0
2026-06-26,2026-06-30,Kagadi,ecmwf_aifs025_single,0.3
2026-06-26,2026-07-01,Kagadi,ecmwf_aifs025_single,1.2
2026-06-26,2026-07-02,Kagadi,ecmwf_aifs025_single,3.6
2026-06-26,2026-07-03,Kagadi,ecmwf_aifs025_single,1.0
2026-06-26,2026-06-28,Kagadi,gfs_seamless,0.0
2026-06-26,2026-06-29,Kagadi,gfs_seamless,0.0
2026-06-26,2026-06-30,Kagadi,gfs_seamless,0.0
2026-06-26,2026-07-01,Kagadi,gfs_seamless,0.0
2026-06-26,2026-07-02,Kagadi,gfs_seamless,1.2
2026-06-26,2026-07-03,Kagadi,gfs_seamless,1.0
2026-06-26,2026-06-28,Kagadi,icon_seamless,0.0
2026-06-26,2026-06-29,Kagadi,icon_seamless,0.0
2026-06-26,2026-06-30,Kagadi,icon_seamless,6.6
2026-06-26,2026-07-01,Kagadi,icon_seamless,5.4
2026-06-26,2026-07-02,Kagadi,icon_seamless,0.6
2026-06-26,2026-07-03,Kagadi,icon_seamless,1.8
2026-06-26,2026-06-28,Kagadi,ukmo_seamless,0.0
2026-06-26,2026-06-29,Kagadi,ukmo_seamless,0.3
2026-06-26,2026-06-30,Kagadi,ukmo_seamless,0.8
2026-06-26,2026-07-01,Kagadi,ukmo_seamless,0.9
2026-06-26,2026-07-02,Kagadi,ukmo_seamless,0.4
2026-06-26,2026-06-28,Kagadi,meteofrance_seamless,0.0
2026-06-26,2026-06-29,Kagadi,meteofrance_seamless,0.0
2026-06-26,2026-06-28,Kagadi,jma_seamless,0.0
2026-06-26,2026-06-29,Kagadi,jma_seamless,0.0
2026-06-26,2026-06-30,Kagadi,jma_seamless,0.0
2026-06-26,2026-07-01,Kagadi,jma_seamless,0.0
2026-06-26,2026-07-02,Kagadi,jma_seamless,0.0
2026-06-26,2026-07-03,Kagadi,jma_seamless,0.0
2026-06-26,2026-06-28,Kagadi,gem_seamless,0.0
2026-06-26,2026-06-29,Kagadi,gem_seamless,0.0
2026-06-26,2026-06-30,Kagadi,gem_seamless,0.0
2026-06-26,2026-07-01,Kagadi,gem_seamless,0.3
2026-06-26,2026-07-02,Kagadi,gem_seamless,2.4
2026-06-26,2026-07-03,Kagadi,gem_seamless,0.8
2026-06-26,2026-06-28,Kagadi,knmi_seamless,0.1
2026-06-26,2026-06-29,Kagadi,knmi_seamless,0.1
2026-06-26,2026-06-30,Kagadi,knmi_seamless,0.3
2026-06-26,2026-07-01,Kagadi,knmi_seamless,0.6
2026-06-26,2026-07-02,Kagadi,knmi_seamless,1.2
2026-06-26,2026-07-03,Kagadi,knmi_seamless,9.6
2026-06-26,2026-06-28,Dokolo,ecmwf_ifs025,0.0
2026-06-26,2026-06-29,Dokolo,ecmwf_ifs025,0.0
2026-06-26,2026-06-30,Dokolo,ecmwf_ifs025,0.2
2026-06-26,2026-07-01,Dokolo,ecmwf_ifs025,1.3
2026-06-26,2026-07-02,Dokolo,ecmwf_ifs025,0.3
2026-06-26,2026-07-03,Dokolo,ecmwf_ifs025,12.4
2026-06-26,2026-06-28,Dokolo,ecmwf_aifs025_single,0.5
2026-06-26,2026-06-29,Dokolo,ecmwf_aifs025_single,0.1
2026-06-26,2026-06-30,Dokolo,ecmwf_aifs025_single,0.4
2026-06-26,2026-07-01,Dokolo,ecmwf_aifs025_single,2.1
2026-06-26,2026-07-02,Dokolo,ecmwf_aifs025_single,5.9
2026-06-26,2026-07-03,Dokolo,ecmwf_aifs025_single,1.9
2026-06-26,2026-06-28,Dokolo,gfs_seamless,0.0
2026-06-26,2026-06-29,Dokolo,gfs_seamless,0.8
2026-06-26,2026-06-30,Dokolo,gfs_seamless,3.2
2026-06-26,2026-07-01,Dokolo,gfs_seamless,1.3
2026-06-26,2026-07-02,Dokolo,gfs_seamless,1.3
2026-06-26,2026-07-03,Dokolo,gfs_seamless,0.0
2026-06-26,2026-06-28,Dokolo,icon_seamless,0.0
2026-06-26,2026-06-29,Dokolo,icon_seamless,0.0
2026-06-26,2026-06-30,Dokolo,icon_seamless,1.5
2026-06-26,2026-07-01,Dokolo,icon_seamless,5.9
2026-06-26,2026-07-02,Dokolo,icon_seamless,1.9
2026-06-26,2026-07-03,Dokolo,icon_seamless,0.0
2026-06-26,2026-06-28,Dokolo,ukmo_seamless,0.0
2026-06-26,2026-06-29,Dokolo,ukmo_seamless,0.0
2026-06-26,2026-06-30,Dokolo,ukmo_seamless,0.0
2026-06-26,2026-07-01,Dokolo,ukmo_seamless,0.3
2026-06-26,2026-07-02,Dokolo,ukmo_seamless,0.0
2026-06-26,2026-06-28,Dokolo,meteofrance_seamless,0.0
2026-06-26,2026-06-29,Dokolo,meteofrance_seamless,0.0
2026-06-26,2026-06-28,Dokolo,jma_seamless,0.0
2026-06-26,2026-06-29,Dokolo,jma_seamless,0.0
2026-06-26,2026-06-30,Dokolo,jma_seamless,0.0
2026-06-26,2026-07-01,Dokolo,jma_seamless,0.3
2026-06-26,2026-07-02,Dokolo,jma_seamless,0.1
2026-06-26,2026-07-03,Dokolo,jma_seamless,0.0
2026-06-26,2026-06-28,Dokolo,gem_seamless,0.0
2026-06-26,2026-06-29,Dokolo,gem_seamless,0.0
2026-06-26,2026-06-30,Dokolo,gem_seamless,0.6
2026-06-26,2026-07-01,Dokolo,gem_seamless,1.1
2026-06-26,2026-07-02,Dokolo,gem_seamless,1.9
2026-06-26,2026-07-03,Dokolo,gem_seamless,0.6
2026-06-26,2026-06-28,Dokolo,knmi_seamless,0.0
2026-06-26,2026-06-29,Dokolo,knmi_seamless,0.0
2026-06-26,2026-06-30,Dokolo,knmi_seamless,0.0
2026-06-26,2026-07-01,Dokolo,knmi_seamless,2.9
2026-06-26,2026-07-02,Dokolo,knmi_seamless,4.7
2026-06-26,2026-07-03,Dokolo,knmi_seamless,8.0
2026-06-26,2026-06-28,Kwania,ecmwf_ifs025,0.0
2026-06-26,2026-06-29,Kwania,ecmwf_ifs025,0.0
2026-06-26,2026-06-30,Kwania,ecmwf_ifs025,0.2
2026-06-26,2026-07-01,Kwania,ecmwf_ifs025,1.3
2026-06-26,2026-07-02,Kwania,ecmwf_ifs025,2.4
2026-06-26,2026-07-03,Kwania,ecmwf_ifs025,5.6
2026-06-26,2026-06-28,Kwania,ecmwf_aifs025_single,0.4
2026-06-26,2026-06-29,Kwania,ecmwf_aifs025_single,0.0
2026-06-26,2026-06-30,Kwania,ecmwf_aifs025_single,0.4
2026-06-26,2026-07-01,Kwania,ecmwf_aifs025_single,1.9
2026-06-26,2026-07-02,Kwania,ecmwf_aifs025_single,5.6
2026-06-26,2026-07-03,Kwania,ecmwf_aifs025_single,1.7
2026-06-26,2026-06-28,Kwania,gfs_seamless,0.0
2026-06-26,2026-06-29,Kwania,gfs_seamless,0.6
2026-06-26,2026-06-30,Kwania,gfs_seamless,2.9
2026-06-26,2026-07-01,Kwania,gfs_seamless,0.8
2026-06-26,2026-07-02,Kwania,gfs_seamless,2.7
2026-06-26,2026-07-03,Kwania,gfs_seamless,0.7
2026-06-26,2026-06-28,Kwania,icon_seamless,0.0
2026-06-26,2026-06-29,Kwania,icon_seamless,0.0
2026-06-26,2026-06-30,Kwania,icon_seamless,1.5
2026-06-26,2026-07-01,Kwania,icon_seamless,10.7
2026-06-26,2026-07-02,Kwania,icon_seamless,2.2
2026-06-26,2026-07-03,Kwania,icon_seamless,0.0
2026-06-26,2026-06-28,Kwania,ukmo_seamless,0.0
2026-06-26,2026-06-29,Kwania,ukmo_seamless,0.0
2026-06-26,2026-06-30,Kwania,ukmo_seamless,0.0
2026-06-26,2026-07-01,Kwania,ukmo_seamless,0.6
2026-06-26,2026-07-02,Kwania,ukmo_seamless,0.0
2026-06-26,2026-06-28,Kwania,meteofrance_seamless,0.0
2026-06-26,2026-06-29,Kwania,meteofrance_seamless,0.0
2026-06-26,2026-06-28,Kwania,jma_seamless,0.0
2026-06-26,2026-06-29,Kwania,jma_seamless,0.0
2026-06-26,2026-06-30,Kwania,jma_seamless,0.0
2026-06-26,2026-07-01,Kwania,jma_seamless,0.3
2026-06-26,2026-07-02,Kwania,jma_seamless,0.1
2026-06-26,2026-07-03,Kwania,jma_seamless,0.0
2026-06-26,2026-06-28,Kwania,gem_seamless,0.0
2026-06-26,2026-06-29,Kwania,gem_seamless,0.0
2026-06-26,2026-06-30,Kwania,gem_seamless,0.2
2026-06-26,2026-07-01,Kwania,gem_seamless,0.5
2026-06-26,2026-07-02,Kwania,gem_seamless,1.5
2026-06-26,2026-07-03,Kwania,gem_seamless,0.2
2026-06-26,2026-06-28,Kwania,knmi_seamless,0.0
2026-06-26,2026-06-29,Kwania,knmi_seamless,0.0
2026-06-26,2026-06-30,Kwania,knmi_seamless,0.6
2026-06-26,2026-07-01,Kwania,knmi_seamless,1.9
2026-06-26,2026-07-02,Kwania,knmi_seamless,3.2
2026-06-26,2026-07-03,Kwania,knmi_seamless,3.6
2026-06-26,2026-06-28,Kyenjojo,ecmwf_ifs025,0.0
2026-06-26,2026-06-29,Kyenjojo,ecmwf_ifs025,0.0
2026-06-26,2026-06-30,Kyenjojo,ecmwf_ifs025,0.0
2026-06-26,2026-07-01,Kyenjojo,ecmwf_ifs025,2.6
2026-06-26,2026-07-02,Kyenjojo,ecmwf_ifs025,2.6
2026-06-26,2026-07-03,Kyenjojo,ecmwf_ifs025,4.0
2026-06-26,2026-06-28,Kyenjojo,ecmwf_aifs025_single,0.0
2026-06-26,2026-06-29,Kyenjojo,ecmwf_aifs025_single,0.0
2026-06-26,2026-06-30,Kyenjojo,ecmwf_aifs025_single,0.1
2026-06-26,2026-07-01,Kyenjojo,ecmwf_aifs025_single,0.7
2026-06-26,2026-07-02,Kyenjojo,ecmwf_aifs025_single,2.0
2026-06-26,2026-07-03,Kyenjojo,ecmwf_aifs025_single,0.5
2026-06-26,2026-06-28,Kyenjojo,gfs_seamless,0.0
2026-06-26,2026-06-29,Kyenjojo,gfs_seamless,0.0
2026-06-26,2026-06-30,Kyenjojo,gfs_seamless,0.0
2026-06-26,2026-07-01,Kyenjojo,gfs_seamless,0.0
2026-06-26,2026-07-02,Kyenjojo,gfs_seamless,0.6
2026-06-26,2026-07-03,Kyenjojo,gfs_seamless,1.9
2026-06-26,2026-06-28,Kyenjojo,icon_seamless,0.0
2026-06-26,2026-06-29,Kyenjojo,icon_seamless,0.0
2026-06-26,2026-06-30,Kyenjojo,icon_seamless,0.6
2026-06-26,2026-07-01,Kyenjojo,icon_seamless,0.6
2026-06-26,2026-07-02,Kyenjojo,icon_seamless,0.0
2026-06-26,2026-07-03,Kyenjojo,icon_seamless,1.2
2026-06-26,2026-06-28,Kyenjojo,ukmo_seamless,0.0
2026-06-26,2026-06-29,Kyenjojo,ukmo_seamless,0.3
2026-06-26,2026-06-30,Kyenjojo,ukmo_seamless,1.7
2026-06-26,2026-07-01,Kyenjojo,ukmo_seamless,2.6
2026-06-26,2026-07-02,Kyenjojo,ukmo_seamless,0.5
2026-06-26,2026-06-28,Kyenjojo,meteofrance_seamless,0.0
2026-06-26,2026-06-29,Kyenjojo,meteofrance_seamless,0.0
2026-06-26,2026-06-28,Kyenjojo,jma_seamless,-0.1
2026-06-26,2026-06-29,Kyenjojo,jma_seamless,0.0
2026-06-26,2026-06-30,Kyenjojo,jma_seamless,0.0
2026-06-26,2026-07-01,Kyenjojo,jma_seamless,0.0
2026-06-26,2026-07-02,Kyenjojo,jma_seamless,0.0
2026-06-26,2026-07-03,Kyenjojo,jma_seamless,0.0
2026-06-26,2026-06-28,Kyenjojo,gem_seamless,0.0
2026-06-26,2026-06-29,Kyenjojo,gem_seamless,0.0
2026-06-26,2026-06-30,Kyenjojo,gem_seamless,0.0
2026-06-26,2026-07-01,Kyenjojo,gem_seamless,0.3
2026-06-26,2026-07-02,Kyenjojo,gem_seamless,6.2
2026-06-26,2026-07-03,Kyenjojo,gem_seamless,3.0
2026-06-26,2026-06-28,Kyenjojo,knmi_seamless,0.0
2026-06-26,2026-06-29,Kyenjojo,knmi_seamless,0.0
2026-06-26,2026-06-30,Kyenjojo,knmi_seamless,0.0
2026-06-26,2026-07-01,Kyenjojo,knmi_seamless,2.1
2026-06-26,2026-07-02,Kyenjojo,knmi_seamless,2.1
2026-06-26,2026-07-03,Kyenjojo,knmi_seamless,2.4
2026-06-27,2026-06-28,Agago,ecmwf_ifs025,1.9
2026-06-27,2026-06-29,Agago,ecmwf_ifs025,1.1
2026-06-27,2026-06-30,Agago,ecmwf_ifs025,0.7
2026-06-27,2026-07-01,Agago,ecmwf_ifs025,0.6
2026-06-27,2026-07-02,Agago,ecmwf_ifs025,4.6
2026-06-27,2026-07-03,Agago,ecmwf_ifs025,13.5
2026-06-27,2026-06-28,Agago,ecmwf_aifs025_single,2.2
2026-06-27,2026-06-29,Agago,ecmwf_aifs025_single,0.4
2026-06-27,2026-06-30,Agago,ecmwf_aifs025_single,0.7
2026-06-27,2026-07-01,Agago,ecmwf_aifs025_single,1.6
2026-06-27,2026-07-02,Agago,ecmwf_aifs025_single,5.4
2026-06-27,2026-07-03,Agago,ecmwf_aifs025_single,4.4
2026-06-27,2026-06-28,Agago,gfs_seamless,0.0
2026-06-27,2026-06-29,Agago,gfs_seamless,0.9
2026-06-27,2026-06-30,Agago,gfs_seamless,0.1
2026-06-27,2026-07-01,Agago,gfs_seamless,4.1
2026-06-27,2026-07-02,Agago,gfs_seamless,0.8
2026-06-27,2026-07-03,Agago,gfs_seamless,2.5
2026-06-27,2026-06-28,Agago,icon_seamless,0.0
2026-06-27,2026-06-29,Agago,icon_seamless,0.0
2026-06-27,2026-06-30,Agago,icon_seamless,0.0
2026-06-27,2026-07-01,Agago,icon_seamless,7.1
2026-06-27,2026-07-02,Agago,icon_seamless,10.9
2026-06-27,2026-07-03,Agago,icon_seamless,2.1
2026-06-27,2026-06-28,Agago,ukmo_seamless,0.1
2026-06-27,2026-06-29,Agago,ukmo_seamless,0.0
2026-06-27,2026-06-30,Agago,ukmo_seamless,0.0
2026-06-27,2026-07-01,Agago,ukmo_seamless,0.0
2026-06-27,2026-07-02,Agago,ukmo_seamless,1.2
2026-06-27,2026-07-03,Agago,ukmo_seamless,2.7
2026-06-27,2026-06-28,Agago,meteofrance_seamless,0.0
2026-06-27,2026-06-29,Agago,meteofrance_seamless,0.0
2026-06-27,2026-06-30,Agago,meteofrance_seamless,0.0
2026-06-27,2026-06-28,Agago,jma_seamless,0.0
2026-06-27,2026-06-29,Agago,jma_seamless,0.0
2026-06-27,2026-06-30,Agago,jma_seamless,0.1
2026-06-27,2026-07-01,Agago,jma_seamless,3.4
2026-06-27,2026-07-02,Agago,jma_seamless,7.4
2026-06-27,2026-07-03,Agago,jma_seamless,2.5
2026-06-27,2026-06-28,Agago,gem_seamless,3.1
2026-06-27,2026-06-29,Agago,gem_seamless,0.3
2026-06-27,2026-06-30,Agago,gem_seamless,2.2
2026-06-27,2026-07-01,Agago,gem_seamless,5.6
2026-06-27,2026-07-02,Agago,gem_seamless,2.0
2026-06-27,2026-07-03,Agago,gem_seamless,4.4
2026-06-27,2026-06-28,Agago,knmi_seamless,2.5
2026-06-27,2026-06-29,Agago,knmi_seamless,0.5
2026-06-27,2026-06-30,Agago,knmi_seamless,0.5
2026-06-27,2026-07-01,Agago,knmi_seamless,0.2
2026-06-27,2026-07-02,Agago,knmi_seamless,7.4
2026-06-27,2026-07-03,Agago,knmi_seamless,12.4
2026-06-27,2026-06-28,Otuke,ecmwf_ifs025,2.8
2026-06-27,2026-06-29,Otuke,ecmwf_ifs025,0.5
2026-06-27,2026-06-30,Otuke,ecmwf_ifs025,0.7
2026-06-27,2026-07-01,Otuke,ecmwf_ifs025,0.2
2026-06-27,2026-07-02,Otuke,ecmwf_ifs025,3.7
2026-06-27,2026-07-03,Otuke,ecmwf_ifs025,6.9
2026-06-27,2026-06-28,Otuke,ecmwf_aifs025_single,2.1
2026-06-27,2026-06-29,Otuke,ecmwf_aifs025_single,0.3
2026-06-27,2026-06-30,Otuke,ecmwf_aifs025_single,0.6
2026-06-27,2026-07-01,Otuke,ecmwf_aifs025_single,1.8
2026-06-27,2026-07-02,Otuke,ecmwf_aifs025_single,5.9
2026-06-27,2026-07-03,Otuke,ecmwf_aifs025_single,3.8
2026-06-27,2026-06-28,Otuke,gfs_seamless,0.1
2026-06-27,2026-06-29,Otuke,gfs_seamless,0.4
2026-06-27,2026-06-30,Otuke,gfs_seamless,0.2
2026-06-27,2026-07-01,Otuke,gfs_seamless,2.3
2026-06-27,2026-07-02,Otuke,gfs_seamless,3.9
2026-06-27,2026-07-03,Otuke,gfs_seamless,3.9
2026-06-27,2026-06-28,Otuke,icon_seamless,0.0
2026-06-27,2026-06-29,Otuke,icon_seamless,0.0
2026-06-27,2026-06-30,Otuke,icon_seamless,0.1
2026-06-27,2026-07-01,Otuke,icon_seamless,0.9
2026-06-27,2026-07-02,Otuke,icon_seamless,12.0
2026-06-27,2026-07-03,Otuke,icon_seamless,3.6
2026-06-27,2026-06-28,Otuke,ukmo_seamless,0.0
2026-06-27,2026-06-29,Otuke,ukmo_seamless,0.1
2026-06-27,2026-06-30,Otuke,ukmo_seamless,0.0
2026-06-27,2026-07-01,Otuke,ukmo_seamless,0.0
2026-06-27,2026-07-02,Otuke,ukmo_seamless,0.9
2026-06-27,2026-07-03,Otuke,ukmo_seamless,0.6
2026-06-27,2026-06-28,Otuke,meteofrance_seamless,0.0
2026-06-27,2026-06-29,Otuke,meteofrance_seamless,0.0
2026-06-27,2026-06-30,Otuke,meteofrance_seamless,0.0
2026-06-27,2026-06-28,Otuke,jma_seamless,0.0
2026-06-27,2026-06-29,Otuke,jma_seamless,0.0
2026-06-27,2026-06-30,Otuke,jma_seamless,0.1
2026-06-27,2026-07-01,Otuke,jma_seamless,5.9
2026-06-27,2026-07-02,Otuke,jma_seamless,1.3
2026-06-27,2026-07-03,Otuke,jma_seamless,0.1
2026-06-27,2026-06-28,Otuke,gem_seamless,0.4
2026-06-27,2026-06-29,Otuke,gem_seamless,2.3
2026-06-27,2026-06-30,Otuke,gem_seamless,0.4
2026-06-27,2026-07-01,Otuke,gem_seamless,6.0
2026-06-27,2026-07-02,Otuke,gem_seamless,0.0
2026-06-27,2026-07-03,Otuke,gem_seamless,7.2
2026-06-27,2026-06-28,Otuke,knmi_seamless,2.4
2026-06-27,2026-06-29,Otuke,knmi_seamless,0.7
2026-06-27,2026-06-30,Otuke,knmi_seamless,0.2
2026-06-27,2026-07-01,Otuke,knmi_seamless,2.0
2026-06-27,2026-07-02,Otuke,knmi_seamless,4.7
2026-06-27,2026-07-03,Otuke,knmi_seamless,4.7
2026-06-27,2026-06-28,Kitgum,ecmwf_ifs025,1.9
2026-06-27,2026-06-29,Kitgum,ecmwf_ifs025,1.1
2026-06-27,2026-06-30,Kitgum,ecmwf_ifs025,0.4
2026-06-27,2026-07-01,Kitgum,ecmwf_ifs025,1.3
2026-06-27,2026-07-02,Kitgum,ecmwf_ifs025,4.6
2026-06-27,2026-07-03,Kitgum,ecmwf_ifs025,13.9
2026-06-27,2026-06-28,Kitgum,ecmwf_aifs025_single,2.3
2026-06-27,2026-06-29,Kitgum,ecmwf_aifs025_single,0.7
2026-06-27,2026-06-30,Kitgum,ecmwf_aifs025_single,0.7
2026-06-27,2026-07-01,Kitgum,ecmwf_aifs025_single,1.8
2026-06-27,2026-07-02,Kitgum,ecmwf_aifs025_single,4.8
2026-06-27,2026-07-03,Kitgum,ecmwf_aifs025_single,4.2
2026-06-27,2026-06-28,Kitgum,gfs_seamless,0.0
2026-06-27,2026-06-29,Kitgum,gfs_seamless,5.2
2026-06-27,2026-06-30,Kitgum,gfs_seamless,0.9
2026-06-27,2026-07-01,Kitgum,gfs_seamless,1.3
2026-06-27,2026-07-02,Kitgum,gfs_seamless,2.1
2026-06-27,2026-07-03,Kitgum,gfs_seamless,5.1
2026-06-27,2026-06-28,Kitgum,icon_seamless,0.0
2026-06-27,2026-06-29,Kitgum,icon_seamless,0.0
2026-06-27,2026-06-30,Kitgum,icon_seamless,0.1
2026-06-27,2026-07-01,Kitgum,icon_seamless,6.1
2026-06-27,2026-07-02,Kitgum,icon_seamless,10.7
2026-06-27,2026-07-03,Kitgum,icon_seamless,4.4
2026-06-27,2026-06-28,Kitgum,ukmo_seamless,0.0
2026-06-27,2026-06-29,Kitgum,ukmo_seamless,0.2
2026-06-27,2026-06-30,Kitgum,ukmo_seamless,0.0
2026-06-27,2026-07-01,Kitgum,ukmo_seamless,0.0
2026-06-27,2026-07-02,Kitgum,ukmo_seamless,0.3
2026-06-27,2026-07-03,Kitgum,ukmo_seamless,4.2
2026-06-27,2026-06-28,Kitgum,meteofrance_seamless,0.0
2026-06-27,2026-06-29,Kitgum,meteofrance_seamless,0.0
2026-06-27,2026-06-30,Kitgum,meteofrance_seamless,0.0
2026-06-27,2026-06-28,Kitgum,jma_seamless,0.0
2026-06-27,2026-06-29,Kitgum,jma_seamless,0.0
2026-06-27,2026-06-30,Kitgum,jma_seamless,0.0
2026-06-27,2026-07-01,Kitgum,jma_seamless,2.7
2026-06-27,2026-07-02,Kitgum,jma_seamless,0.6
2026-06-27,2026-07-03,Kitgum,jma_seamless,6.7
2026-06-27,2026-06-28,Kitgum,gem_seamless,0.1
2026-06-27,2026-06-29,Kitgum,gem_seamless,0.0
2026-06-27,2026-06-30,Kitgum,gem_seamless,1.3
2026-06-27,2026-07-01,Kitgum,gem_seamless,6.9
2026-06-27,2026-07-02,Kitgum,gem_seamless,0.9
2026-06-27,2026-07-03,Kitgum,gem_seamless,5.1
2026-06-27,2026-06-28,Kitgum,knmi_seamless,1.3
2026-06-27,2026-06-29,Kitgum,knmi_seamless,1.5
2026-06-27,2026-06-30,Kitgum,knmi_seamless,0.4
2026-06-27,2026-07-01,Kitgum,knmi_seamless,2.1
2026-06-27,2026-07-02,Kitgum,knmi_seamless,3.0
2026-06-27,2026-07-03,Kitgum,knmi_seamless,6.8
2026-06-27,2026-06-28,Pader,ecmwf_ifs025,3.5
2026-06-27,2026-06-29,Pader,ecmwf_ifs025,0.9
2026-06-27,2026-06-30,Pader,ecmwf_ifs025,0.5
2026-06-27,2026-07-01,Pader,ecmwf_ifs025,0.6
2026-06-27,2026-07-02,Pader,ecmwf_ifs025,2.3
2026-06-27,2026-07-03,Pader,ecmwf_ifs025,26.1
2026-06-27,2026-06-28,Pader,ecmwf_aifs025_single,2.3
2026-06-27,2026-06-29,Pader,ecmwf_aifs025_single,0.3
2026-06-27,2026-06-30,Pader,ecmwf_aifs025_single,0.6
2026-06-27,2026-07-01,Pader,ecmwf_aifs025_single,2.0
2026-06-27,2026-07-02,Pader,ecmwf_aifs025_single,5.7
2026-06-27,2026-07-03,Pader,ecmwf_aifs025_single,4.1
2026-06-27,2026-06-28,Pader,gfs_seamless,0.0
2026-06-27,2026-06-29,Pader,gfs_seamless,2.2
2026-06-27,2026-06-30,Pader,gfs_seamless,0.1
2026-06-27,2026-07-01,Pader,gfs_seamless,4.0
2026-06-27,2026-07-02,Pader,gfs_seamless,1.0
2026-06-27,2026-07-03,Pader,gfs_seamless,2.2
2026-06-27,2026-06-28,Pader,icon_seamless,0.0
2026-06-27,2026-06-29,Pader,icon_seamless,0.0
2026-06-27,2026-06-30,Pader,icon_seamless,0.3
2026-06-27,2026-07-01,Pader,icon_seamless,2.7
2026-06-27,2026-07-02,Pader,icon_seamless,8.7
2026-06-27,2026-07-03,Pader,icon_seamless,0.9
2026-06-27,2026-06-28,Pader,ukmo_seamless,1.9
2026-06-27,2026-06-29,Pader,ukmo_seamless,0.1
2026-06-27,2026-06-30,Pader,ukmo_seamless,0.0
2026-06-27,2026-07-01,Pader,ukmo_seamless,0.0
2026-06-27,2026-07-02,Pader,ukmo_seamless,3.9
2026-06-27,2026-07-03,Pader,ukmo_seamless,3.0
2026-06-27,2026-06-28,Pader,meteofrance_seamless,0.0
2026-06-27,2026-06-29,Pader,meteofrance_seamless,0.0
2026-06-27,2026-06-30,Pader,meteofrance_seamless,0.0
2026-06-27,2026-06-28,Pader,jma_seamless,0.0
2026-06-27,2026-06-29,Pader,jma_seamless,0.0
2026-06-27,2026-06-30,Pader,jma_seamless,0.2
2026-06-27,2026-07-01,Pader,jma_seamless,5.8
2026-06-27,2026-07-02,Pader,jma_seamless,2.3
2026-06-27,2026-07-03,Pader,jma_seamless,3.4
2026-06-27,2026-06-28,Pader,gem_seamless,2.5
2026-06-27,2026-06-29,Pader,gem_seamless,0.5
2026-06-27,2026-06-30,Pader,gem_seamless,1.7
2026-06-27,2026-07-01,Pader,gem_seamless,1.4
2026-06-27,2026-07-02,Pader,gem_seamless,4.2
2026-06-27,2026-07-03,Pader,gem_seamless,2.6
2026-06-27,2026-06-28,Pader,knmi_seamless,2.9
2026-06-27,2026-06-29,Pader,knmi_seamless,1.1
2026-06-27,2026-06-30,Pader,knmi_seamless,0.0
2026-06-27,2026-07-01,Pader,knmi_seamless,1.0
2026-06-27,2026-07-02,Pader,knmi_seamless,9.5
2026-06-27,2026-07-03,Pader,knmi_seamless,15.8
2026-06-27,2026-06-28,Alebtong,ecmwf_ifs025,9.4
2026-06-27,2026-06-29,Alebtong,ecmwf_ifs025,0.3
2026-06-27,2026-06-30,Alebtong,ecmwf_ifs025,0.4
2026-06-27,2026-07-01,Alebtong,ecmwf_ifs025,0.6
2026-06-27,2026-07-02,Alebtong,ecmwf_ifs025,5.1
2026-06-27,2026-07-03,Alebtong,ecmwf_ifs025,7.8
2026-06-27,2026-06-28,Alebtong,ecmwf_aifs025_single,1.7
2026-06-27,2026-06-29,Alebtong,ecmwf_aifs025_single,0.2
2026-06-27,2026-06-30,Alebtong,ecmwf_aifs025_single,0.6
2026-06-27,2026-07-01,Alebtong,ecmwf_aifs025_single,2.0
2026-06-27,2026-07-02,Alebtong,ecmwf_aifs025_single,6.6
2026-06-27,2026-07-03,Alebtong,ecmwf_aifs025_single,3.3
2026-06-27,2026-06-28,Alebtong,gfs_seamless,0.1
2026-06-27,2026-06-29,Alebtong,gfs_seamless,0.3
2026-06-27,2026-06-30,Alebtong,gfs_seamless,1.1
2026-06-27,2026-07-01,Alebtong,gfs_seamless,1.8
2026-06-27,2026-07-02,Alebtong,gfs_seamless,1.9
2026-06-27,2026-07-03,Alebtong,gfs_seamless,1.5
2026-06-27,2026-06-28,Alebtong,icon_seamless,0.0
2026-06-27,2026-06-29,Alebtong,icon_seamless,0.0
2026-06-27,2026-06-30,Alebtong,icon_seamless,0.0
2026-06-27,2026-07-01,Alebtong,icon_seamless,10.6
2026-06-27,2026-07-02,Alebtong,icon_seamless,7.7
2026-06-27,2026-07-03,Alebtong,icon_seamless,0.3
2026-06-27,2026-06-28,Alebtong,ukmo_seamless,0.0
2026-06-27,2026-06-29,Alebtong,ukmo_seamless,0.1
2026-06-27,2026-06-30,Alebtong,ukmo_seamless,0.0
2026-06-27,2026-07-01,Alebtong,ukmo_seamless,0.0
2026-06-27,2026-07-02,Alebtong,ukmo_seamless,1.2
2026-06-27,2026-07-03,Alebtong,ukmo_seamless,0.6
2026-06-27,2026-06-28,Alebtong,meteofrance_seamless,0.0
2026-06-27,2026-06-29,Alebtong,meteofrance_seamless,0.0
2026-06-27,2026-06-30,Alebtong,meteofrance_seamless,0.2
2026-06-27,2026-06-28,Alebtong,jma_seamless,0.0
2026-06-27,2026-06-29,Alebtong,jma_seamless,0.0
2026-06-27,2026-06-30,Alebtong,jma_seamless,0.8
2026-06-27,2026-07-01,Alebtong,jma_seamless,1.3
2026-06-27,2026-07-02,Alebtong,jma_seamless,2.5
2026-06-27,2026-07-03,Alebtong,jma_seamless,0.5
2026-06-27,2026-06-28,Alebtong,gem_seamless,0.3
2026-06-27,2026-06-29,Alebtong,gem_seamless,0.8
2026-06-27,2026-06-30,Alebtong,gem_seamless,2.3
2026-06-27,2026-07-01,Alebtong,gem_seamless,3.1
2026-06-27,2026-07-02,Alebtong,gem_seamless,0.2
2026-06-27,2026-07-03,Alebtong,gem_seamless,5.4
2026-06-27,2026-06-28,Alebtong,knmi_seamless,11.6
2026-06-27,2026-06-29,Alebtong,knmi_seamless,0.1
2026-06-27,2026-06-30,Alebtong,knmi_seamless,0.1
2026-06-27,2026-07-01,Alebtong,knmi_seamless,2.6
2026-06-27,2026-07-02,Alebtong,knmi_seamless,7.4
2026-06-27,2026-07-03,Alebtong,knmi_seamless,17.6
2026-06-27,2026-06-28,Lira,ecmwf_ifs025,3.9
2026-06-27,2026-06-29,Lira,ecmwf_ifs025,0.1
2026-06-27,2026-06-30,Lira,ecmwf_ifs025,0.2
2026-06-27,2026-07-01,Lira,ecmwf_ifs025,0.1
2026-06-27,2026-07-02,Lira,ecmwf_ifs025,7.3
2026-06-27,2026-07-03,Lira,ecmwf_ifs025,20.5
2026-06-27,2026-06-28,Lira,ecmwf_aifs025_single,1.9
2026-06-27,2026-06-29,Lira,ecmwf_aifs025_single,0.2
2026-06-27,2026-06-30,Lira,ecmwf_aifs025_single,0.6
2026-06-27,2026-07-01,Lira,ecmwf_aifs025_single,2.2
2026-06-27,2026-07-02,Lira,ecmwf_aifs025_single,6.7
2026-06-27,2026-07-03,Lira,ecmwf_aifs025_single,3.2
2026-06-27,2026-06-28,Lira,gfs_seamless,0.0
2026-06-27,2026-06-29,Lira,gfs_seamless,1.6
2026-06-27,2026-06-30,Lira,gfs_seamless,0.8
2026-06-27,2026-07-01,Lira,gfs_seamless,0.8
2026-06-27,2026-07-02,Lira,gfs_seamless,6.3
2026-06-27,2026-07-03,Lira,gfs_seamless,3.3
2026-06-27,2026-06-28,Lira,icon_seamless,0.0
2026-06-27,2026-06-29,Lira,icon_seamless,0.0
2026-06-27,2026-06-30,Lira,icon_seamless,0.2
2026-06-27,2026-07-01,Lira,icon_seamless,14.7
2026-06-27,2026-07-02,Lira,icon_seamless,2.4
2026-06-27,2026-07-03,Lira,icon_seamless,0.3
2026-06-27,2026-06-28,Lira,ukmo_seamless,0.0
2026-06-27,2026-06-29,Lira,ukmo_seamless,0.0
2026-06-27,2026-06-30,Lira,ukmo_seamless,0.0
2026-06-27,2026-07-01,Lira,ukmo_seamless,0.0
2026-06-27,2026-07-02,Lira,ukmo_seamless,2.7
2026-06-27,2026-07-03,Lira,ukmo_seamless,0.0
2026-06-27,2026-06-28,Lira,meteofrance_seamless,0.0
2026-06-27,2026-06-29,Lira,meteofrance_seamless,0.0
2026-06-27,2026-06-30,Lira,meteofrance_seamless,1.0
2026-06-27,2026-06-28,Lira,jma_seamless,0.0
2026-06-27,2026-06-29,Lira,jma_seamless,0.0
2026-06-27,2026-06-30,Lira,jma_seamless,0.8
2026-06-27,2026-07-01,Lira,jma_seamless,1.3
2026-06-27,2026-07-02,Lira,jma_seamless,2.5
2026-06-27,2026-07-03,Lira,jma_seamless,0.5
2026-06-27,2026-06-28,Lira,gem_seamless,0.5
2026-06-27,2026-06-29,Lira,gem_seamless,1.8
2026-06-27,2026-06-30,Lira,gem_seamless,3.9
2026-06-27,2026-07-01,Lira,gem_seamless,2.9
2026-06-27,2026-07-02,Lira,gem_seamless,0.8
2026-06-27,2026-07-03,Lira,gem_seamless,2.2
2026-06-27,2026-06-28,Lira,knmi_seamless,7.8
2026-06-27,2026-06-29,Lira,knmi_seamless,2.0
2026-06-27,2026-06-30,Lira,knmi_seamless,0.4
2026-06-27,2026-07-01,Lira,knmi_seamless,2.5
2026-06-27,2026-07-02,Lira,knmi_seamless,12.7
2026-06-27,2026-07-03,Lira,knmi_seamless,16.3
2026-06-27,2026-06-28,Kole,ecmwf_ifs025,0.8
2026-06-27,2026-06-29,Kole,ecmwf_ifs025,0.1
2026-06-27,2026-06-30,Kole,ecmwf_ifs025,0.4
2026-06-27,2026-07-01,Kole,ecmwf_ifs025,0.1
2026-06-27,2026-07-02,Kole,ecmwf_ifs025,6.9
2026-06-27,2026-07-03,Kole,ecmwf_ifs025,14.2
2026-06-27,2026-06-28,Kole,ecmwf_aifs025_single,1.3
2026-06-27,2026-06-29,Kole,ecmwf_aifs025_single,0.1
2026-06-27,2026-06-30,Kole,ecmwf_aifs025_single,0.6
2026-06-27,2026-07-01,Kole,ecmwf_aifs025_single,2.3
2026-06-27,2026-07-02,Kole,ecmwf_aifs025_single,7.4
2026-06-27,2026-07-03,Kole,ecmwf_aifs025_single,2.0
2026-06-27,2026-06-28,Kole,gfs_seamless,0.0
2026-06-27,2026-06-29,Kole,gfs_seamless,0.2
2026-06-27,2026-06-30,Kole,gfs_seamless,0.8
2026-06-27,2026-07-01,Kole,gfs_seamless,0.7
2026-06-27,2026-07-02,Kole,gfs_seamless,5.5
2026-06-27,2026-07-03,Kole,gfs_seamless,2.9
2026-06-27,2026-06-28,Kole,icon_seamless,0.0
2026-06-27,2026-06-29,Kole,icon_seamless,0.0
2026-06-27,2026-06-30,Kole,icon_seamless,0.0
2026-06-27,2026-07-01,Kole,icon_seamless,11.1
2026-06-27,2026-07-02,Kole,icon_seamless,1.8
2026-06-27,2026-07-03,Kole,icon_seamless,0.0
2026-06-27,2026-06-28,Kole,ukmo_seamless,0.0
2026-06-27,2026-06-29,Kole,ukmo_seamless,0.2
2026-06-27,2026-06-30,Kole,ukmo_seamless,0.0
2026-06-27,2026-07-01,Kole,ukmo_seamless,0.0
2026-06-27,2026-07-02,Kole,ukmo_seamless,1.5
2026-06-27,2026-07-03,Kole,ukmo_seamless,0.6
2026-06-27,2026-06-28,Kole,meteofrance_seamless,0.0
2026-06-27,2026-06-29,Kole,meteofrance_seamless,0.0
2026-06-27,2026-06-30,Kole,meteofrance_seamless,0.4
2026-06-27,2026-06-28,Kole,jma_seamless,0.0
2026-06-27,2026-06-29,Kole,jma_seamless,0.0
2026-06-27,2026-06-30,Kole,jma_seamless,0.4
2026-06-27,2026-07-01,Kole,jma_seamless,0.4
2026-06-27,2026-07-02,Kole,jma_seamless,2.0
2026-06-27,2026-07-03,Kole,jma_seamless,2.7
2026-06-27,2026-06-28,Kole,gem_seamless,0.1
2026-06-27,2026-06-29,Kole,gem_seamless,1.2
2026-06-27,2026-06-30,Kole,gem_seamless,3.5
2026-06-27,2026-07-01,Kole,gem_seamless,3.6
2026-06-27,2026-07-02,Kole,gem_seamless,0.6
2026-06-27,2026-07-03,Kole,gem_seamless,2.1
2026-06-27,2026-06-28,Kole,knmi_seamless,1.9
2026-06-27,2026-06-29,Kole,knmi_seamless,0.0
2026-06-27,2026-06-30,Kole,knmi_seamless,0.7
2026-06-27,2026-07-01,Kole,knmi_seamless,0.3
2026-06-27,2026-07-02,Kole,knmi_seamless,8.9
2026-06-27,2026-07-03,Kole,knmi_seamless,8.8
2026-06-27,2026-06-28,Oyam,ecmwf_ifs025,0.8
2026-06-27,2026-06-29,Oyam,ecmwf_ifs025,0.0
2026-06-27,2026-06-30,Oyam,ecmwf_ifs025,0.3
2026-06-27,2026-07-01,Oyam,ecmwf_ifs025,0.2
2026-06-27,2026-07-02,Oyam,ecmwf_ifs025,8.4
2026-06-27,2026-07-03,Oyam,ecmwf_ifs025,17.4
2026-06-27,2026-06-28,Oyam,ecmwf_aifs025_single,1.2
2026-06-27,2026-06-29,Oyam,ecmwf_aifs025_single,0.2
2026-06-27,2026-06-30,Oyam,ecmwf_aifs025_single,0.6
2026-06-27,2026-07-01,Oyam,ecmwf_aifs025_single,2.7
2026-06-27,2026-07-02,Oyam,ecmwf_aifs025_single,7.5
2026-06-27,2026-07-03,Oyam,ecmwf_aifs025_single,2.2
2026-06-27,2026-06-28,Oyam,gfs_seamless,0.6
2026-06-27,2026-06-29,Oyam,gfs_seamless,0.0
2026-06-27,2026-06-30,Oyam,gfs_seamless,0.9
2026-06-27,2026-07-01,Oyam,gfs_seamless,0.3
2026-06-27,2026-07-02,Oyam,gfs_seamless,2.1
2026-06-27,2026-07-03,Oyam,gfs_seamless,1.9
2026-06-27,2026-06-28,Oyam,icon_seamless,0.0
2026-06-27,2026-06-29,Oyam,icon_seamless,0.0
2026-06-27,2026-06-30,Oyam,icon_seamless,0.3
2026-06-27,2026-07-01,Oyam,icon_seamless,9.0
2026-06-27,2026-07-02,Oyam,icon_seamless,1.5
2026-06-27,2026-07-03,Oyam,icon_seamless,0.9
2026-06-27,2026-06-28,Oyam,ukmo_seamless,0.1
2026-06-27,2026-06-29,Oyam,ukmo_seamless,0.7
2026-06-27,2026-06-30,Oyam,ukmo_seamless,0.0
2026-06-27,2026-07-01,Oyam,ukmo_seamless,0.3
2026-06-27,2026-07-02,Oyam,ukmo_seamless,1.2
2026-06-27,2026-07-03,Oyam,ukmo_seamless,0.6
2026-06-27,2026-06-28,Oyam,meteofrance_seamless,0.0
2026-06-27,2026-06-29,Oyam,meteofrance_seamless,0.0
2026-06-27,2026-06-30,Oyam,meteofrance_seamless,0.0
2026-06-27,2026-06-28,Oyam,jma_seamless,0.0
2026-06-27,2026-06-29,Oyam,jma_seamless,0.0
2026-06-27,2026-06-30,Oyam,jma_seamless,0.4
2026-06-27,2026-07-01,Oyam,jma_seamless,0.4
2026-06-27,2026-07-02,Oyam,jma_seamless,2.0
2026-06-27,2026-07-03,Oyam,jma_seamless,2.7
2026-06-27,2026-06-28,Oyam,gem_seamless,0.0
2026-06-27,2026-06-29,Oyam,gem_seamless,0.2
2026-06-27,2026-06-30,Oyam,gem_seamless,1.9
2026-06-27,2026-07-01,Oyam,gem_seamless,4.8
2026-06-27,2026-07-02,Oyam,gem_seamless,0.4
2026-06-27,2026-07-03,Oyam,gem_seamless,1.8
2026-06-27,2026-06-28,Oyam,knmi_seamless,0.2
2026-06-27,2026-06-29,Oyam,knmi_seamless,0.1
2026-06-27,2026-06-30,Oyam,knmi_seamless,0.8
2026-06-27,2026-07-01,Oyam,knmi_seamless,1.1
2026-06-27,2026-07-02,Oyam,knmi_seamless,7.9
2026-06-27,2026-07-03,Oyam,knmi_seamless,6.3
2026-06-27,2026-06-28,Apac,ecmwf_ifs025,0.3
2026-06-27,2026-06-29,Apac,ecmwf_ifs025,0.0
2026-06-27,2026-06-30,Apac,ecmwf_ifs025,0.2
2026-06-27,2026-07-01,Apac,ecmwf_ifs025,0.2
2026-06-27,2026-07-02,Apac,ecmwf_ifs025,9.0
2026-06-27,2026-07-03,Apac,ecmwf_ifs025,3.7
2026-06-27,2026-06-28,Apac,ecmwf_aifs025_single,0.9
2026-06-27,2026-06-29,Apac,ecmwf_aifs025_single,0.1
2026-06-27,2026-06-30,Apac,ecmwf_aifs025_single,0.6
2026-06-27,2026-07-01,Apac,ecmwf_aifs025_single,2.1
2026-06-27,2026-07-02,Apac,ecmwf_aifs025_single,7.2
2026-06-27,2026-07-03,Apac,ecmwf_aifs025_single,1.8
2026-06-27,2026-06-28,Apac,gfs_seamless,0.0
2026-06-27,2026-06-29,Apac,gfs_seamless,0.0
2026-06-27,2026-06-30,Apac,gfs_seamless,2.5
2026-06-27,2026-07-01,Apac,gfs_seamless,0.7
2026-06-27,2026-07-02,Apac,gfs_seamless,3.3
2026-06-27,2026-07-03,Apac,gfs_seamless,0.5
2026-06-27,2026-06-28,Apac,icon_seamless,0.0
2026-06-27,2026-06-29,Apac,icon_seamless,0.0
2026-06-27,2026-06-30,Apac,icon_seamless,0.0
2026-06-27,2026-07-01,Apac,icon_seamless,7.4
2026-06-27,2026-07-02,Apac,icon_seamless,0.1
2026-06-27,2026-07-03,Apac,icon_seamless,0.9
2026-06-27,2026-06-28,Apac,ukmo_seamless,0.1
2026-06-27,2026-06-29,Apac,ukmo_seamless,0.1
2026-06-27,2026-06-30,Apac,ukmo_seamless,0.0
2026-06-27,2026-07-01,Apac,ukmo_seamless,0.0
2026-06-27,2026-07-02,Apac,ukmo_seamless,0.9
2026-06-27,2026-07-03,Apac,ukmo_seamless,0.6
2026-06-27,2026-06-28,Apac,meteofrance_seamless,0.0
2026-06-27,2026-06-29,Apac,meteofrance_seamless,0.0
2026-06-27,2026-06-30,Apac,meteofrance_seamless,0.0
2026-06-27,2026-06-28,Apac,jma_seamless,0.0
2026-06-27,2026-06-29,Apac,jma_seamless,0.0
2026-06-27,2026-06-30,Apac,jma_seamless,0.0
2026-06-27,2026-07-01,Apac,jma_seamless,0.0
2026-06-27,2026-07-02,Apac,jma_seamless,0.5
2026-06-27,2026-07-03,Apac,jma_seamless,0.4
2026-06-27,2026-06-28,Apac,gem_seamless,0.0
2026-06-27,2026-06-29,Apac,gem_seamless,0.0
2026-06-27,2026-06-30,Apac,gem_seamless,1.7
2026-06-27,2026-07-01,Apac,gem_seamless,1.4
2026-06-27,2026-07-02,Apac,gem_seamless,1.8
2026-06-27,2026-07-03,Apac,gem_seamless,2.2
2026-06-27,2026-06-28,Apac,knmi_seamless,0.3
2026-06-27,2026-06-29,Apac,knmi_seamless,0.0
2026-06-27,2026-06-30,Apac,knmi_seamless,0.5
2026-06-27,2026-07-01,Apac,knmi_seamless,0.3
2026-06-27,2026-07-02,Apac,knmi_seamless,8.4
2026-06-27,2026-07-03,Apac,knmi_seamless,4.5
2026-06-27,2026-06-28,Gulu,ecmwf_ifs025,0.7
2026-06-27,2026-06-29,Gulu,ecmwf_ifs025,0.4
2026-06-27,2026-06-30,Gulu,ecmwf_ifs025,0.6
2026-06-27,2026-07-01,Gulu,ecmwf_ifs025,1.3
2026-06-27,2026-07-02,Gulu,ecmwf_ifs025,2.3
2026-06-27,2026-07-03,Gulu,ecmwf_ifs025,21.3
2026-06-27,2026-06-28,Gulu,ecmwf_aifs025_single,2.0
2026-06-27,2026-06-29,Gulu,ecmwf_aifs025_single,0.1
2026-06-27,2026-06-30,Gulu,ecmwf_aifs025_single,0.5
2026-06-27,2026-07-01,Gulu,ecmwf_aifs025_single,2.8
2026-06-27,2026-07-02,Gulu,ecmwf_aifs025_single,6.7
2026-06-27,2026-07-03,Gulu,ecmwf_aifs025_single,2.8
2026-06-27,2026-06-28,Gulu,gfs_seamless,0.0
2026-06-27,2026-06-29,Gulu,gfs_seamless,0.9
2026-06-27,2026-06-30,Gulu,gfs_seamless,3.3
2026-06-27,2026-07-01,Gulu,gfs_seamless,3.3
2026-06-27,2026-07-02,Gulu,gfs_seamless,4.6
2026-06-27,2026-07-03,Gulu,gfs_seamless,1.3
2026-06-27,2026-06-28,Gulu,icon_seamless,0.0
2026-06-27,2026-06-29,Gulu,icon_seamless,0.2
2026-06-27,2026-06-30,Gulu,icon_seamless,1.2
2026-06-27,2026-07-01,Gulu,icon_seamless,11.7
2026-06-27,2026-07-02,Gulu,icon_seamless,2.7
2026-06-27,2026-07-03,Gulu,icon_seamless,1.8
2026-06-27,2026-06-28,Gulu,ukmo_seamless,0.1
2026-06-27,2026-06-29,Gulu,ukmo_seamless,0.7
2026-06-27,2026-06-30,Gulu,ukmo_seamless,0.0
2026-06-27,2026-07-01,Gulu,ukmo_seamless,0.3
2026-06-27,2026-07-02,Gulu,ukmo_seamless,3.0
2026-06-27,2026-07-03,Gulu,ukmo_seamless,3.0
2026-06-27,2026-06-28,Gulu,meteofrance_seamless,0.0
2026-06-27,2026-06-29,Gulu,meteofrance_seamless,0.0
2026-06-27,2026-06-30,Gulu,meteofrance_seamless,0.0
2026-06-27,2026-06-28,Gulu,jma_seamless,0.0
2026-06-27,2026-06-29,Gulu,jma_seamless,0.0
2026-06-27,2026-06-30,Gulu,jma_seamless,3.1
2026-06-27,2026-07-01,Gulu,jma_seamless,4.8
2026-06-27,2026-07-02,Gulu,jma_seamless,2.3
2026-06-27,2026-07-03,Gulu,jma_seamless,10.6
2026-06-27,2026-06-28,Gulu,gem_seamless,0.4
2026-06-27,2026-06-29,Gulu,gem_seamless,1.0
2026-06-27,2026-06-30,Gulu,gem_seamless,3.1
2026-06-27,2026-07-01,Gulu,gem_seamless,5.1
2026-06-27,2026-07-02,Gulu,gem_seamless,3.0
2026-06-27,2026-07-03,Gulu,gem_seamless,6.3
2026-06-27,2026-06-28,Gulu,knmi_seamless,0.2
2026-06-27,2026-06-29,Gulu,knmi_seamless,0.2
2026-06-27,2026-06-30,Gulu,knmi_seamless,0.5
2026-06-27,2026-07-01,Gulu,knmi_seamless,1.2
2026-06-27,2026-07-02,Gulu,knmi_seamless,7.0
2026-06-27,2026-07-03,Gulu,knmi_seamless,18.3
2026-06-27,2026-06-28,Omoro,ecmwf_ifs025,2.6
2026-06-27,2026-06-29,Omoro,ecmwf_ifs025,1.0
2026-06-27,2026-06-30,Omoro,ecmwf_ifs025,0.5
2026-06-27,2026-07-01,Omoro,ecmwf_ifs025,1.0
2026-06-27,2026-07-02,Omoro,ecmwf_ifs025,6.7
2026-06-27,2026-07-03,Omoro,ecmwf_ifs025,13.0
2026-06-27,2026-06-28,Omoro,ecmwf_aifs025_single,1.9
2026-06-27,2026-06-29,Omoro,ecmwf_aifs025_single,0.2
2026-06-27,2026-06-30,Omoro,ecmwf_aifs025_single,0.6
2026-06-27,2026-07-01,Omoro,ecmwf_aifs025_single,2.4
2026-06-27,2026-07-02,Omoro,ecmwf_aifs025_single,6.7
2026-06-27,2026-07-03,Omoro,ecmwf_aifs025_single,3.1
2026-06-27,2026-06-28,Omoro,gfs_seamless,0.0
2026-06-27,2026-06-29,Omoro,gfs_seamless,0.2
2026-06-27,2026-06-30,Omoro,gfs_seamless,1.0
2026-06-27,2026-07-01,Omoro,gfs_seamless,2.3
2026-06-27,2026-07-02,Omoro,gfs_seamless,6.1
2026-06-27,2026-07-03,Omoro,gfs_seamless,2.1
2026-06-27,2026-06-28,Omoro,icon_seamless,0.1
2026-06-27,2026-06-29,Omoro,icon_seamless,0.0
2026-06-27,2026-06-30,Omoro,icon_seamless,0.3
2026-06-27,2026-07-01,Omoro,icon_seamless,7.5
2026-06-27,2026-07-02,Omoro,icon_seamless,1.5
2026-06-27,2026-07-03,Omoro,icon_seamless,2.4
2026-06-27,2026-06-28,Omoro,ukmo_seamless,0.8
2026-06-27,2026-06-29,Omoro,ukmo_seamless,0.1
2026-06-27,2026-06-30,Omoro,ukmo_seamless,0.0
2026-06-27,2026-07-01,Omoro,ukmo_seamless,0.3
2026-06-27,2026-07-02,Omoro,ukmo_seamless,4.8
2026-06-27,2026-07-03,Omoro,ukmo_seamless,1.2
2026-06-27,2026-06-28,Omoro,meteofrance_seamless,0.0
2026-06-27,2026-06-29,Omoro,meteofrance_seamless,0.0
2026-06-27,2026-06-30,Omoro,meteofrance_seamless,0.0
2026-06-27,2026-06-28,Omoro,jma_seamless,0.0
2026-06-27,2026-06-29,Omoro,jma_seamless,0.0
2026-06-27,2026-06-30,Omoro,jma_seamless,0.4
2026-06-27,2026-07-01,Omoro,jma_seamless,0.4
2026-06-27,2026-07-02,Omoro,jma_seamless,2.0
2026-06-27,2026-07-03,Omoro,jma_seamless,2.7
2026-06-27,2026-06-28,Omoro,gem_seamless,0.5
2026-06-27,2026-06-29,Omoro,gem_seamless,0.7
2026-06-27,2026-06-30,Omoro,gem_seamless,1.6
2026-06-27,2026-07-01,Omoro,gem_seamless,3.8
2026-06-27,2026-07-02,Omoro,gem_seamless,2.1
2026-06-27,2026-07-03,Omoro,gem_seamless,7.2
2026-06-27,2026-06-28,Omoro,knmi_seamless,3.6
2026-06-27,2026-06-29,Omoro,knmi_seamless,0.2
2026-06-27,2026-06-30,Omoro,knmi_seamless,0.5
2026-06-27,2026-07-01,Omoro,knmi_seamless,0.8
2026-06-27,2026-07-02,Omoro,knmi_seamless,7.0
2026-06-27,2026-07-03,Omoro,knmi_seamless,6.6
2026-06-27,2026-06-28,Nwoya,ecmwf_ifs025,0.2
2026-06-27,2026-06-29,Nwoya,ecmwf_ifs025,0.5
2026-06-27,2026-06-30,Nwoya,ecmwf_ifs025,0.3
2026-06-27,2026-07-01,Nwoya,ecmwf_ifs025,0.6
2026-06-27,2026-07-02,Nwoya,ecmwf_ifs025,1.6
2026-06-27,2026-07-03,Nwoya,ecmwf_ifs025,5.6
2026-06-27,2026-06-28,Nwoya,ecmwf_aifs025_single,0.9
2026-06-27,2026-06-29,Nwoya,ecmwf_aifs025_single,0.2
2026-06-27,2026-06-30,Nwoya,ecmwf_aifs025_single,0.6
2026-06-27,2026-07-01,Nwoya,ecmwf_aifs025_single,3.4
2026-06-27,2026-07-02,Nwoya,ecmwf_aifs025_single,7.0
2026-06-27,2026-07-03,Nwoya,ecmwf_aifs025_single,2.0
2026-06-27,2026-06-28,Nwoya,gfs_seamless,0.0
2026-06-27,2026-06-29,Nwoya,gfs_seamless,0.6
2026-06-27,2026-06-30,Nwoya,gfs_seamless,0.9
2026-06-27,2026-07-01,Nwoya,gfs_seamless,1.9
2026-06-27,2026-07-02,Nwoya,gfs_seamless,3.0
2026-06-27,2026-07-03,Nwoya,gfs_seamless,0.4
2026-06-27,2026-06-28,Nwoya,icon_seamless,3.8
2026-06-27,2026-06-29,Nwoya,icon_seamless,0.0
2026-06-27,2026-06-30,Nwoya,icon_seamless,3.4
2026-06-27,2026-07-01,Nwoya,icon_seamless,17.7
2026-06-27,2026-07-02,Nwoya,icon_seamless,0.6
2026-06-27,2026-07-03,Nwoya,icon_seamless,0.3
2026-06-27,2026-06-28,Nwoya,ukmo_seamless,0.1
2026-06-27,2026-06-29,Nwoya,ukmo_seamless,2.1
2026-06-27,2026-06-30,Nwoya,ukmo_seamless,0.0
2026-06-27,2026-07-01,Nwoya,ukmo_seamless,0.0
2026-06-27,2026-07-02,Nwoya,ukmo_seamless,2.4
2026-06-27,2026-07-03,Nwoya,ukmo_seamless,0.6
2026-06-27,2026-06-28,Nwoya,meteofrance_seamless,0.0
2026-06-27,2026-06-29,Nwoya,meteofrance_seamless,0.0
2026-06-27,2026-06-30,Nwoya,meteofrance_seamless,1.8
2026-06-27,2026-06-28,Nwoya,jma_seamless,0.0
2026-06-27,2026-06-29,Nwoya,jma_seamless,0.0
2026-06-27,2026-06-30,Nwoya,jma_seamless,0.7
2026-06-27,2026-07-01,Nwoya,jma_seamless,1.3
2026-06-27,2026-07-02,Nwoya,jma_seamless,1.8
2026-06-27,2026-07-03,Nwoya,jma_seamless,9.7
2026-06-27,2026-06-28,Nwoya,gem_seamless,1.1
2026-06-27,2026-06-29,Nwoya,gem_seamless,0.1
2026-06-27,2026-06-30,Nwoya,gem_seamless,4.1
2026-06-27,2026-07-01,Nwoya,gem_seamless,1.8
2026-06-27,2026-07-02,Nwoya,gem_seamless,1.5
2026-06-27,2026-07-03,Nwoya,gem_seamless,3.9
2026-06-27,2026-06-28,Nwoya,knmi_seamless,0.0
2026-06-27,2026-06-29,Nwoya,knmi_seamless,0.1
2026-06-27,2026-06-30,Nwoya,knmi_seamless,0.5
2026-06-27,2026-07-01,Nwoya,knmi_seamless,1.1
2026-06-27,2026-07-02,Nwoya,knmi_seamless,6.9
2026-06-27,2026-07-03,Nwoya,knmi_seamless,6.4
2026-06-27,2026-06-28,Amuru,ecmwf_ifs025,0.9
2026-06-27,2026-06-29,Amuru,ecmwf_ifs025,0.9
2026-06-27,2026-06-30,Amuru,ecmwf_ifs025,0.7
2026-06-27,2026-07-01,Amuru,ecmwf_ifs025,3.8
2026-06-27,2026-07-02,Amuru,ecmwf_ifs025,4.3
2026-06-27,2026-07-03,Amuru,ecmwf_ifs025,9.9
2026-06-27,2026-06-28,Amuru,ecmwf_aifs025_single,1.2
2026-06-27,2026-06-29,Amuru,ecmwf_aifs025_single,0.2
2026-06-27,2026-06-30,Amuru,ecmwf_aifs025_single,0.7
2026-06-27,2026-07-01,Amuru,ecmwf_aifs025_single,3.8
2026-06-27,2026-07-02,Amuru,ecmwf_aifs025_single,6.7
2026-06-27,2026-07-03,Amuru,ecmwf_aifs025_single,2.2
2026-06-27,2026-06-28,Amuru,gfs_seamless,0.4
2026-06-27,2026-06-29,Amuru,gfs_seamless,1.5
2026-06-27,2026-06-30,Amuru,gfs_seamless,2.6
2026-06-27,2026-07-01,Amuru,gfs_seamless,1.1
2026-06-27,2026-07-02,Amuru,gfs_seamless,8.8
2026-06-27,2026-07-03,Amuru,gfs_seamless,0.9
2026-06-27,2026-06-28,Amuru,icon_seamless,0.1
2026-06-27,2026-06-29,Amuru,icon_seamless,0.7
2026-06-27,2026-06-30,Amuru,icon_seamless,1.0
2026-06-27,2026-07-01,Amuru,icon_seamless,14.7
2026-06-27,2026-07-02,Amuru,icon_seamless,1.5
2026-06-27,2026-07-03,Amuru,icon_seamless,1.8
2026-06-27,2026-06-28,Amuru,ukmo_seamless,0.0
2026-06-27,2026-06-29,Amuru,ukmo_seamless,1.4
2026-06-27,2026-06-30,Amuru,ukmo_seamless,0.0
2026-06-27,2026-07-01,Amuru,ukmo_seamless,0.6
2026-06-27,2026-07-02,Amuru,ukmo_seamless,3.9
2026-06-27,2026-07-03,Amuru,ukmo_seamless,1.2
2026-06-27,2026-06-28,Amuru,meteofrance_seamless,3.7
2026-06-27,2026-06-29,Amuru,meteofrance_seamless,0.0
2026-06-27,2026-06-30,Amuru,meteofrance_seamless,0.9
2026-06-27,2026-06-28,Amuru,jma_seamless,0.0
2026-06-27,2026-06-29,Amuru,jma_seamless,0.0
2026-06-27,2026-06-30,Amuru,jma_seamless,3.6
2026-06-27,2026-07-01,Amuru,jma_seamless,6.2
2026-06-27,2026-07-02,Amuru,jma_seamless,5.3
2026-06-27,2026-07-03,Amuru,jma_seamless,6.1
2026-06-27,2026-06-28,Amuru,gem_seamless,4.8
2026-06-27,2026-06-29,Amuru,gem_seamless,0.3
2026-06-27,2026-06-30,Amuru,gem_seamless,4.8
2026-06-27,2026-07-01,Amuru,gem_seamless,0.4
2026-06-27,2026-07-02,Amuru,gem_seamless,6.6
2026-06-27,2026-07-03,Amuru,gem_seamless,4.4
2026-06-27,2026-06-28,Amuru,knmi_seamless,1.0
2026-06-27,2026-06-29,Amuru,knmi_seamless,0.8
2026-06-27,2026-06-30,Amuru,knmi_seamless,0.6
2026-06-27,2026-07-01,Amuru,knmi_seamless,4.3
2026-06-27,2026-07-02,Amuru,knmi_seamless,4.0
2026-06-27,2026-07-03,Amuru,knmi_seamless,9.1
2026-06-27,2026-06-28,Lamwo,ecmwf_ifs025,1.9
2026-06-27,2026-06-29,Lamwo,ecmwf_ifs025,0.9
2026-06-27,2026-06-30,Lamwo,ecmwf_ifs025,0.3
2026-06-27,2026-07-01,Lamwo,ecmwf_ifs025,1.2
2026-06-27,2026-07-02,Lamwo,ecmwf_ifs025,5.1
2026-06-27,2026-07-03,Lamwo,ecmwf_ifs025,12.7
2026-06-27,2026-06-28,Lamwo,ecmwf_aifs025_single,3.1
2026-06-27,2026-06-29,Lamwo,ecmwf_aifs025_single,0.9
2026-06-27,2026-06-30,Lamwo,ecmwf_aifs025_single,0.9
2026-06-27,2026-07-01,Lamwo,ecmwf_aifs025_single,2.7
2026-06-27,2026-07-02,Lamwo,ecmwf_aifs025_single,5.9
2026-06-27,2026-07-03,Lamwo,ecmwf_aifs025_single,4.1
2026-06-27,2026-06-28,Lamwo,gfs_seamless,0.0
2026-06-27,2026-06-29,Lamwo,gfs_seamless,4.2
2026-06-27,2026-06-30,Lamwo,gfs_seamless,0.2
2026-06-27,2026-07-01,Lamwo,gfs_seamless,1.7
2026-06-27,2026-07-02,Lamwo,gfs_seamless,9.2
2026-06-27,2026-07-03,Lamwo,gfs_seamless,6.5
2026-06-27,2026-06-28,Lamwo,icon_seamless,0.5
2026-06-27,2026-06-29,Lamwo,icon_seamless,0.1
2026-06-27,2026-06-30,Lamwo,icon_seamless,2.0
2026-06-27,2026-07-01,Lamwo,icon_seamless,4.4
2026-06-27,2026-07-02,Lamwo,icon_seamless,5.4
2026-06-27,2026-07-03,Lamwo,icon_seamless,3.9
2026-06-27,2026-06-28,Lamwo,ukmo_seamless,0.3
2026-06-27,2026-06-29,Lamwo,ukmo_seamless,1.0
2026-06-27,2026-06-30,Lamwo,ukmo_seamless,0.0
2026-06-27,2026-07-01,Lamwo,ukmo_seamless,0.3
2026-06-27,2026-07-02,Lamwo,ukmo_seamless,0.3
2026-06-27,2026-07-03,Lamwo,ukmo_seamless,6.3
2026-06-27,2026-06-28,Lamwo,meteofrance_seamless,0.4
2026-06-27,2026-06-29,Lamwo,meteofrance_seamless,0.0
2026-06-27,2026-06-30,Lamwo,meteofrance_seamless,0.3
2026-06-27,2026-06-28,Lamwo,jma_seamless,1.0
2026-06-27,2026-06-29,Lamwo,jma_seamless,0.0
2026-06-27,2026-06-30,Lamwo,jma_seamless,2.3
2026-06-27,2026-07-01,Lamwo,jma_seamless,11.2
2026-06-27,2026-07-02,Lamwo,jma_seamless,1.1
2026-06-27,2026-07-03,Lamwo,jma_seamless,12.3
2026-06-27,2026-06-28,Lamwo,gem_seamless,2.3
2026-06-27,2026-06-29,Lamwo,gem_seamless,0.0
2026-06-27,2026-06-30,Lamwo,gem_seamless,0.3
2026-06-27,2026-07-01,Lamwo,gem_seamless,2.1
2026-06-27,2026-07-02,Lamwo,gem_seamless,8.4
2026-06-27,2026-07-03,Lamwo,gem_seamless,0.9
2026-06-27,2026-06-28,Lamwo,knmi_seamless,2.0
2026-06-27,2026-06-29,Lamwo,knmi_seamless,0.9
2026-06-27,2026-06-30,Lamwo,knmi_seamless,0.1
2026-06-27,2026-07-01,Lamwo,knmi_seamless,1.8
2026-06-27,2026-07-02,Lamwo,knmi_seamless,7.3
2026-06-27,2026-07-03,Lamwo,knmi_seamless,10.7
2026-06-27,2026-06-28,Amolatar,ecmwf_ifs025,0.6
2026-06-27,2026-06-29,Amolatar,ecmwf_ifs025,0.0
2026-06-27,2026-06-30,Amolatar,ecmwf_ifs025,0.0
2026-06-27,2026-07-01,Amolatar,ecmwf_ifs025,1.6
2026-06-27,2026-07-02,Amolatar,ecmwf_ifs025,5.4
2026-06-27,2026-07-03,Amolatar,ecmwf_ifs025,5.2
2026-06-27,2026-06-28,Amolatar,ecmwf_aifs025_single,0.8
2026-06-27,2026-06-29,Amolatar,ecmwf_aifs025_single,0.1
2026-06-27,2026-06-30,Amolatar,ecmwf_aifs025_single,0.3
2026-06-27,2026-07-01,Amolatar,ecmwf_aifs025_single,1.7
2026-06-27,2026-07-02,Amolatar,ecmwf_aifs025_single,6.0
2026-06-27,2026-07-03,Amolatar,ecmwf_aifs025_single,1.7
2026-06-27,2026-06-28,Amolatar,gfs_seamless,0.0
2026-06-27,2026-06-29,Amolatar,gfs_seamless,0.0
2026-06-27,2026-06-30,Amolatar,gfs_seamless,0.6
2026-06-27,2026-07-01,Amolatar,gfs_seamless,1.1
2026-06-27,2026-07-02,Amolatar,gfs_seamless,0.8
2026-06-27,2026-07-03,Amolatar,gfs_seamless,0.0
2026-06-27,2026-06-28,Amolatar,icon_seamless,0.0
2026-06-27,2026-06-29,Amolatar,icon_seamless,0.0
2026-06-27,2026-06-30,Amolatar,icon_seamless,0.0
2026-06-27,2026-07-01,Amolatar,icon_seamless,0.5
2026-06-27,2026-07-02,Amolatar,icon_seamless,0.7
2026-06-27,2026-07-03,Amolatar,icon_seamless,0.0
2026-06-27,2026-06-28,Amolatar,ukmo_seamless,0.0
2026-06-27,2026-06-29,Amolatar,ukmo_seamless,0.1
2026-06-27,2026-06-30,Amolatar,ukmo_seamless,0.0
2026-06-27,2026-07-01,Amolatar,ukmo_seamless,0.6
2026-06-27,2026-07-02,Amolatar,ukmo_seamless,0.0
2026-06-27,2026-07-03,Amolatar,ukmo_seamless,0.6
2026-06-27,2026-06-28,Amolatar,meteofrance_seamless,0.0
2026-06-27,2026-06-29,Amolatar,meteofrance_seamless,0.0
2026-06-27,2026-06-30,Amolatar,meteofrance_seamless,0.0
2026-06-27,2026-06-28,Amolatar,jma_seamless,0.0
2026-06-27,2026-06-29,Amolatar,jma_seamless,0.0
2026-06-27,2026-06-30,Amolatar,jma_seamless,0.3
2026-06-27,2026-07-01,Amolatar,jma_seamless,0.0
2026-06-27,2026-07-02,Amolatar,jma_seamless,0.1
2026-06-27,2026-07-03,Amolatar,jma_seamless,0.0
2026-06-27,2026-06-28,Amolatar,gem_seamless,0.0
2026-06-27,2026-06-29,Amolatar,gem_seamless,0.0
2026-06-27,2026-06-30,Amolatar,gem_seamless,0.3
2026-06-27,2026-07-01,Amolatar,gem_seamless,0.2
2026-06-27,2026-07-02,Amolatar,gem_seamless,0.1
2026-06-27,2026-07-03,Amolatar,gem_seamless,1.6
2026-06-27,2026-06-28,Amolatar,knmi_seamless,0.0
2026-06-27,2026-06-29,Amolatar,knmi_seamless,0.0
2026-06-27,2026-06-30,Amolatar,knmi_seamless,0.0
2026-06-27,2026-07-01,Amolatar,knmi_seamless,0.6
2026-06-27,2026-07-02,Amolatar,knmi_seamless,3.0
2026-06-27,2026-07-03,Amolatar,knmi_seamless,1.5
2026-06-27,2026-06-28,Kalaki,ecmwf_ifs025,9.8
2026-06-27,2026-06-29,Kalaki,ecmwf_ifs025,0.2
2026-06-27,2026-06-30,Kalaki,ecmwf_ifs025,0.5
2026-06-27,2026-07-01,Kalaki,ecmwf_ifs025,1.3
2026-06-27,2026-07-02,Kalaki,ecmwf_ifs025,9.5
2026-06-27,2026-07-03,Kalaki,ecmwf_ifs025,9.1
2026-06-27,2026-06-28,Kalaki,ecmwf_aifs025_single,1.2
2026-06-27,2026-06-29,Kalaki,ecmwf_aifs025_single,0.1
2026-06-27,2026-06-30,Kalaki,ecmwf_aifs025_single,0.7
2026-06-27,2026-07-01,Kalaki,ecmwf_aifs025_single,2.0
2026-06-27,2026-07-02,Kalaki,ecmwf_aifs025_single,6.3
2026-06-27,2026-07-03,Kalaki,ecmwf_aifs025_single,3.5
2026-06-27,2026-06-28,Kalaki,gfs_seamless,0.0
2026-06-27,2026-06-29,Kalaki,gfs_seamless,0.2
2026-06-27,2026-06-30,Kalaki,gfs_seamless,0.1
2026-06-27,2026-07-01,Kalaki,gfs_seamless,0.7
2026-06-27,2026-07-02,Kalaki,gfs_seamless,4.1
2026-06-27,2026-07-03,Kalaki,gfs_seamless,0.9
2026-06-27,2026-06-28,Kalaki,icon_seamless,0.0
2026-06-27,2026-06-29,Kalaki,icon_seamless,0.0
2026-06-27,2026-06-30,Kalaki,icon_seamless,0.0
2026-06-27,2026-07-01,Kalaki,icon_seamless,6.3
2026-06-27,2026-07-02,Kalaki,icon_seamless,3.9
2026-06-27,2026-07-03,Kalaki,icon_seamless,0.0
2026-06-27,2026-06-28,Kalaki,ukmo_seamless,0.0
2026-06-27,2026-06-29,Kalaki,ukmo_seamless,0.2
2026-06-27,2026-06-30,Kalaki,ukmo_seamless,0.0
2026-06-27,2026-07-01,Kalaki,ukmo_seamless,0.0
2026-06-27,2026-07-02,Kalaki,ukmo_seamless,0.3
2026-06-27,2026-07-03,Kalaki,ukmo_seamless,0.0
2026-06-27,2026-06-28,Kalaki,meteofrance_seamless,0.0
2026-06-27,2026-06-29,Kalaki,meteofrance_seamless,0.0
2026-06-27,2026-06-30,Kalaki,meteofrance_seamless,0.0
2026-06-27,2026-06-28,Kalaki,jma_seamless,0.0
2026-06-27,2026-06-29,Kalaki,jma_seamless,0.0
2026-06-27,2026-06-30,Kalaki,jma_seamless,0.2
2026-06-27,2026-07-01,Kalaki,jma_seamless,0.4
2026-06-27,2026-07-02,Kalaki,jma_seamless,1.1
2026-06-27,2026-07-03,Kalaki,jma_seamless,0.0
2026-06-27,2026-06-28,Kalaki,gem_seamless,0.0
2026-06-27,2026-06-29,Kalaki,gem_seamless,0.1
2026-06-27,2026-06-30,Kalaki,gem_seamless,2.2
2026-06-27,2026-07-01,Kalaki,gem_seamless,3.5
2026-06-27,2026-07-02,Kalaki,gem_seamless,1.1
2026-06-27,2026-07-03,Kalaki,gem_seamless,1.6
2026-06-27,2026-06-28,Kalaki,knmi_seamless,6.1
2026-06-27,2026-06-29,Kalaki,knmi_seamless,0.1
2026-06-27,2026-06-30,Kalaki,knmi_seamless,0.7
2026-06-27,2026-07-01,Kalaki,knmi_seamless,3.3
2026-06-27,2026-07-02,Kalaki,knmi_seamless,10.8
2026-06-27,2026-07-03,Kalaki,knmi_seamless,6.2
2026-06-27,2026-06-28,Amuria,ecmwf_ifs025,9.8
2026-06-27,2026-06-29,Amuria,ecmwf_ifs025,0.2
2026-06-27,2026-06-30,Amuria,ecmwf_ifs025,0.5
2026-06-27,2026-07-01,Amuria,ecmwf_ifs025,1.3
2026-06-27,2026-07-02,Amuria,ecmwf_ifs025,9.5
2026-06-27,2026-07-03,Amuria,ecmwf_ifs025,9.1
2026-06-27,2026-06-28,Amuria,ecmwf_aifs025_single,1.2
2026-06-27,2026-06-29,Amuria,ecmwf_aifs025_single,0.1
2026-06-27,2026-06-30,Amuria,ecmwf_aifs025_single,0.7
2026-06-27,2026-07-01,Amuria,ecmwf_aifs025_single,2.0
2026-06-27,2026-07-02,Amuria,ecmwf_aifs025_single,6.3
2026-06-27,2026-07-03,Amuria,ecmwf_aifs025_single,3.5
2026-06-27,2026-06-28,Amuria,gfs_seamless,0.0
2026-06-27,2026-06-29,Amuria,gfs_seamless,0.0
2026-06-27,2026-06-30,Amuria,gfs_seamless,0.5
2026-06-27,2026-07-01,Amuria,gfs_seamless,0.5
2026-06-27,2026-07-02,Amuria,gfs_seamless,2.8
2026-06-27,2026-07-03,Amuria,gfs_seamless,1.6
2026-06-27,2026-06-28,Amuria,icon_seamless,0.0
2026-06-27,2026-06-29,Amuria,icon_seamless,0.0
2026-06-27,2026-06-30,Amuria,icon_seamless,0.0
2026-06-27,2026-07-01,Amuria,icon_seamless,16.4
2026-06-27,2026-07-02,Amuria,icon_seamless,4.6
2026-06-27,2026-07-03,Amuria,icon_seamless,0.0
2026-06-27,2026-06-28,Amuria,ukmo_seamless,0.1
2026-06-27,2026-06-29,Amuria,ukmo_seamless,0.0
2026-06-27,2026-06-30,Amuria,ukmo_seamless,0.0
2026-06-27,2026-07-01,Amuria,ukmo_seamless,0.0
2026-06-27,2026-07-02,Amuria,ukmo_seamless,0.0
2026-06-27,2026-07-03,Amuria,ukmo_seamless,0.0
2026-06-27,2026-06-28,Amuria,meteofrance_seamless,0.0
2026-06-27,2026-06-29,Amuria,meteofrance_seamless,0.0
2026-06-27,2026-06-30,Amuria,meteofrance_seamless,0.0
2026-06-27,2026-06-28,Amuria,jma_seamless,0.0
2026-06-27,2026-06-29,Amuria,jma_seamless,0.0
2026-06-27,2026-06-30,Amuria,jma_seamless,0.2
2026-06-27,2026-07-01,Amuria,jma_seamless,0.4
2026-06-27,2026-07-02,Amuria,jma_seamless,1.1
2026-06-27,2026-07-03,Amuria,jma_seamless,0.0
2026-06-27,2026-06-28,Amuria,gem_seamless,0.0
2026-06-27,2026-06-29,Amuria,gem_seamless,0.9
2026-06-27,2026-06-30,Amuria,gem_seamless,1.6
2026-06-27,2026-07-01,Amuria,gem_seamless,5.3
2026-06-27,2026-07-02,Amuria,gem_seamless,1.2
2026-06-27,2026-07-03,Amuria,gem_seamless,2.4
2026-06-27,2026-06-28,Amuria,knmi_seamless,15.8
2026-06-27,2026-06-29,Amuria,knmi_seamless,0.9
2026-06-27,2026-06-30,Amuria,knmi_seamless,0.3
2026-06-27,2026-07-01,Amuria,knmi_seamless,4.7
2026-06-27,2026-07-02,Amuria,knmi_seamless,10.4
2026-06-27,2026-07-03,Amuria,knmi_seamless,14.6
2026-06-27,2026-06-28,Kaberamaido,ecmwf_ifs025,2.1
2026-06-27,2026-06-29,Kaberamaido,ecmwf_ifs025,0.0
2026-06-27,2026-06-30,Kaberamaido,ecmwf_ifs025,1.8
2026-06-27,2026-07-01,Kaberamaido,ecmwf_ifs025,1.1
2026-06-27,2026-07-02,Kaberamaido,ecmwf_ifs025,6.8
2026-06-27,2026-07-03,Kaberamaido,ecmwf_ifs025,2.7
2026-06-27,2026-06-28,Kaberamaido,ecmwf_aifs025_single,1.0
2026-06-27,2026-06-29,Kaberamaido,ecmwf_aifs025_single,0.1
2026-06-27,2026-06-30,Kaberamaido,ecmwf_aifs025_single,0.5
2026-06-27,2026-07-01,Kaberamaido,ecmwf_aifs025_single,2.0
2026-06-27,2026-07-02,Kaberamaido,ecmwf_aifs025_single,6.4
2026-06-27,2026-07-03,Kaberamaido,ecmwf_aifs025_single,2.0
2026-06-27,2026-06-28,Kaberamaido,gfs_seamless,0.0
2026-06-27,2026-06-29,Kaberamaido,gfs_seamless,0.4
2026-06-27,2026-06-30,Kaberamaido,gfs_seamless,0.0
2026-06-27,2026-07-01,Kaberamaido,gfs_seamless,0.0
2026-06-27,2026-07-02,Kaberamaido,gfs_seamless,0.3
2026-06-27,2026-07-03,Kaberamaido,gfs_seamless,0.3
2026-06-27,2026-06-28,Kaberamaido,icon_seamless,0.0
2026-06-27,2026-06-29,Kaberamaido,icon_seamless,0.0
2026-06-27,2026-06-30,Kaberamaido,icon_seamless,0.2
2026-06-27,2026-07-01,Kaberamaido,icon_seamless,1.3
2026-06-27,2026-07-02,Kaberamaido,icon_seamless,1.4
2026-06-27,2026-07-03,Kaberamaido,icon_seamless,0.0
2026-06-27,2026-06-28,Kaberamaido,ukmo_seamless,0.0
2026-06-27,2026-06-29,Kaberamaido,ukmo_seamless,0.0
2026-06-27,2026-06-30,Kaberamaido,ukmo_seamless,0.0
2026-06-27,2026-07-01,Kaberamaido,ukmo_seamless,0.3
2026-06-27,2026-07-02,Kaberamaido,ukmo_seamless,0.5
2026-06-27,2026-07-03,Kaberamaido,ukmo_seamless,0.7
2026-06-27,2026-06-28,Kaberamaido,meteofrance_seamless,0.0
2026-06-27,2026-06-29,Kaberamaido,meteofrance_seamless,0.0
2026-06-27,2026-06-30,Kaberamaido,meteofrance_seamless,0.0
2026-06-27,2026-06-28,Kaberamaido,jma_seamless,0.0
2026-06-27,2026-06-29,Kaberamaido,jma_seamless,0.0
2026-06-27,2026-06-30,Kaberamaido,jma_seamless,0.3
2026-06-27,2026-07-01,Kaberamaido,jma_seamless,0.0
2026-06-27,2026-07-02,Kaberamaido,jma_seamless,0.1
2026-06-27,2026-07-03,Kaberamaido,jma_seamless,0.0
2026-06-27,2026-06-28,Kaberamaido,gem_seamless,0.0
2026-06-27,2026-06-29,Kaberamaido,gem_seamless,0.0
2026-06-27,2026-06-30,Kaberamaido,gem_seamless,0.0
2026-06-27,2026-07-01,Kaberamaido,gem_seamless,1.1
2026-06-27,2026-07-02,Kaberamaido,gem_seamless,0.6
2026-06-27,2026-07-03,Kaberamaido,gem_seamless,0.9
2026-06-27,2026-06-28,Kaberamaido,knmi_seamless,0.6
2026-06-27,2026-06-29,Kaberamaido,knmi_seamless,0.0
2026-06-27,2026-06-30,Kaberamaido,knmi_seamless,0.1
2026-06-27,2026-07-01,Kaberamaido,knmi_seamless,1.2
2026-06-27,2026-07-02,Kaberamaido,knmi_seamless,5.2
2026-06-27,2026-07-03,Kaberamaido,knmi_seamless,1.8
2026-06-27,2026-06-28,Kagadi,ecmwf_ifs025,0.5
2026-06-27,2026-06-29,Kagadi,ecmwf_ifs025,0.0
2026-06-27,2026-06-30,Kagadi,ecmwf_ifs025,0.6
2026-06-27,2026-07-01,Kagadi,ecmwf_ifs025,2.0
2026-06-27,2026-07-02,Kagadi,ecmwf_ifs025,4.1
2026-06-27,2026-07-03,Kagadi,ecmwf_ifs025,2.6
2026-06-27,2026-06-28,Kagadi,ecmwf_aifs025_single,0.0
2026-06-27,2026-06-29,Kagadi,ecmwf_aifs025_single,0.0
2026-06-27,2026-06-30,Kagadi,ecmwf_aifs025_single,0.2
2026-06-27,2026-07-01,Kagadi,ecmwf_aifs025_single,1.4
2026-06-27,2026-07-02,Kagadi,ecmwf_aifs025_single,4.2
2026-06-27,2026-07-03,Kagadi,ecmwf_aifs025_single,1.2
2026-06-27,2026-06-28,Kagadi,gfs_seamless,0.0
2026-06-27,2026-06-29,Kagadi,gfs_seamless,0.3
2026-06-27,2026-06-30,Kagadi,gfs_seamless,0.7
2026-06-27,2026-07-01,Kagadi,gfs_seamless,0.0
2026-06-27,2026-07-02,Kagadi,gfs_seamless,0.0
2026-06-27,2026-07-03,Kagadi,gfs_seamless,0.5
2026-06-27,2026-06-28,Kagadi,icon_seamless,0.0
2026-06-27,2026-06-29,Kagadi,icon_seamless,0.0
2026-06-27,2026-06-30,Kagadi,icon_seamless,0.0
2026-06-27,2026-07-01,Kagadi,icon_seamless,0.6
2026-06-27,2026-07-02,Kagadi,icon_seamless,3.0
2026-06-27,2026-07-03,Kagadi,icon_seamless,3.5
2026-06-27,2026-06-28,Kagadi,ukmo_seamless,0.0
2026-06-27,2026-06-29,Kagadi,ukmo_seamless,0.0
2026-06-27,2026-06-30,Kagadi,ukmo_seamless,0.3
2026-06-27,2026-07-01,Kagadi,ukmo_seamless,3.0
2026-06-27,2026-07-02,Kagadi,ukmo_seamless,0.0
2026-06-27,2026-07-03,Kagadi,ukmo_seamless,1.4
2026-06-27,2026-06-28,Kagadi,meteofrance_seamless,0.0
2026-06-27,2026-06-29,Kagadi,meteofrance_seamless,0.0
2026-06-27,2026-06-30,Kagadi,meteofrance_seamless,0.0
2026-06-27,2026-06-28,Kagadi,jma_seamless,0.0
2026-06-27,2026-06-29,Kagadi,jma_seamless,0.0
2026-06-27,2026-06-30,Kagadi,jma_seamless,0.0
2026-06-27,2026-07-01,Kagadi,jma_seamless,0.0
2026-06-27,2026-07-02,Kagadi,jma_seamless,0.0
2026-06-27,2026-07-03,Kagadi,jma_seamless,0.9
2026-06-27,2026-06-28,Kagadi,gem_seamless,0.0
2026-06-27,2026-06-29,Kagadi,gem_seamless,0.0
2026-06-27,2026-06-30,Kagadi,gem_seamless,0.0
2026-06-27,2026-07-01,Kagadi,gem_seamless,1.2
2026-06-27,2026-07-02,Kagadi,gem_seamless,1.8
2026-06-27,2026-07-03,Kagadi,gem_seamless,0.6
2026-06-27,2026-06-28,Kagadi,knmi_seamless,0.0
2026-06-27,2026-06-29,Kagadi,knmi_seamless,0.1
2026-06-27,2026-06-30,Kagadi,knmi_seamless,0.5
2026-06-27,2026-07-01,Kagadi,knmi_seamless,1.8
2026-06-27,2026-07-02,Kagadi,knmi_seamless,2.1
2026-06-27,2026-07-03,Kagadi,knmi_seamless,3.0
2026-06-27,2026-06-28,Dokolo,ecmwf_ifs025,7.7
2026-06-27,2026-06-29,Dokolo,ecmwf_ifs025,0.2
2026-06-27,2026-06-30,Dokolo,ecmwf_ifs025,0.4
2026-06-27,2026-07-01,Dokolo,ecmwf_ifs025,0.2
2026-06-27,2026-07-02,Dokolo,ecmwf_ifs025,2.6
2026-06-27,2026-07-03,Dokolo,ecmwf_ifs025,12.8
2026-06-27,2026-06-28,Dokolo,ecmwf_aifs025_single,1.3
2026-06-27,2026-06-29,Dokolo,ecmwf_aifs025_single,0.1
2026-06-27,2026-06-30,Dokolo,ecmwf_aifs025_single,0.5
2026-06-27,2026-07-01,Dokolo,ecmwf_aifs025_single,1.9
2026-06-27,2026-07-02,Dokolo,ecmwf_aifs025_single,7.1
2026-06-27,2026-07-03,Dokolo,ecmwf_aifs025_single,2.1
2026-06-27,2026-06-28,Dokolo,gfs_seamless,0.0
2026-06-27,2026-06-29,Dokolo,gfs_seamless,0.1
2026-06-27,2026-06-30,Dokolo,gfs_seamless,0.0
2026-06-27,2026-07-01,Dokolo,gfs_seamless,0.4
2026-06-27,2026-07-02,Dokolo,gfs_seamless,1.7
2026-06-27,2026-07-03,Dokolo,gfs_seamless,1.6
2026-06-27,2026-06-28,Dokolo,icon_seamless,0.0
2026-06-27,2026-06-29,Dokolo,icon_seamless,0.0
2026-06-27,2026-06-30,Dokolo,icon_seamless,0.0
2026-06-27,2026-07-01,Dokolo,icon_seamless,7.7
2026-06-27,2026-07-02,Dokolo,icon_seamless,1.3
2026-06-27,2026-07-03,Dokolo,icon_seamless,0.0
2026-06-27,2026-06-28,Dokolo,ukmo_seamless,0.0
2026-06-27,2026-06-29,Dokolo,ukmo_seamless,0.0
2026-06-27,2026-06-30,Dokolo,ukmo_seamless,0.0
2026-06-27,2026-07-01,Dokolo,ukmo_seamless,0.0
2026-06-27,2026-07-02,Dokolo,ukmo_seamless,0.0
2026-06-27,2026-07-03,Dokolo,ukmo_seamless,0.6
2026-06-27,2026-06-28,Dokolo,meteofrance_seamless,0.0
2026-06-27,2026-06-29,Dokolo,meteofrance_seamless,0.0
2026-06-27,2026-06-30,Dokolo,meteofrance_seamless,0.2
2026-06-27,2026-06-28,Dokolo,jma_seamless,0.0
2026-06-27,2026-06-29,Dokolo,jma_seamless,0.4
2026-06-27,2026-06-30,Dokolo,jma_seamless,0.8
2026-06-27,2026-07-01,Dokolo,jma_seamless,0.2
2026-06-27,2026-07-02,Dokolo,jma_seamless,0.3
2026-06-27,2026-07-03,Dokolo,jma_seamless,0.0
2026-06-27,2026-06-28,Dokolo,gem_seamless,0.0
2026-06-27,2026-06-29,Dokolo,gem_seamless,0.0
2026-06-27,2026-06-30,Dokolo,gem_seamless,0.0
2026-06-27,2026-07-01,Dokolo,gem_seamless,1.0
2026-06-27,2026-07-02,Dokolo,gem_seamless,0.5
2026-06-27,2026-07-03,Dokolo,gem_seamless,2.0
2026-06-27,2026-06-28,Dokolo,knmi_seamless,5.8
2026-06-27,2026-06-29,Dokolo,knmi_seamless,0.0
2026-06-27,2026-06-30,Dokolo,knmi_seamless,0.3
2026-06-27,2026-07-01,Dokolo,knmi_seamless,0.3
2026-06-27,2026-07-02,Dokolo,knmi_seamless,4.6
2026-06-27,2026-07-03,Dokolo,knmi_seamless,13.3
2026-06-27,2026-06-28,Kwania,ecmwf_ifs025,0.1
2026-06-27,2026-06-29,Kwania,ecmwf_ifs025,0.0
2026-06-27,2026-06-30,Kwania,ecmwf_ifs025,0.0
2026-06-27,2026-07-01,Kwania,ecmwf_ifs025,0.1
2026-06-27,2026-07-02,Kwania,ecmwf_ifs025,3.3
2026-06-27,2026-07-03,Kwania,ecmwf_ifs025,8.5
2026-06-27,2026-06-28,Kwania,ecmwf_aifs025_single,1.0
2026-06-27,2026-06-29,Kwania,ecmwf_aifs025_single,0.1
2026-06-27,2026-06-30,Kwania,ecmwf_aifs025_single,0.5
2026-06-27,2026-07-01,Kwania,ecmwf_aifs025_single,1.9
2026-06-27,2026-07-02,Kwania,ecmwf_aifs025_single,6.7
2026-06-27,2026-07-03,Kwania,ecmwf_aifs025_single,1.7
2026-06-27,2026-06-28,Kwania,gfs_seamless,0.0
2026-06-27,2026-06-29,Kwania,gfs_seamless,0.0
2026-06-27,2026-06-30,Kwania,gfs_seamless,1.0
2026-06-27,2026-07-01,Kwania,gfs_seamless,0.3
2026-06-27,2026-07-02,Kwania,gfs_seamless,0.2
2026-06-27,2026-07-03,Kwania,gfs_seamless,0.1
2026-06-27,2026-06-28,Kwania,icon_seamless,0.0
2026-06-27,2026-06-29,Kwania,icon_seamless,0.0
2026-06-27,2026-06-30,Kwania,icon_seamless,0.0
2026-06-27,2026-07-01,Kwania,icon_seamless,6.3
2026-06-27,2026-07-02,Kwania,icon_seamless,0.6
2026-06-27,2026-07-03,Kwania,icon_seamless,0.0
2026-06-27,2026-06-28,Kwania,ukmo_seamless,0.0
2026-06-27,2026-06-29,Kwania,ukmo_seamless,0.0
2026-06-27,2026-06-30,Kwania,ukmo_seamless,0.0
2026-06-27,2026-07-01,Kwania,ukmo_seamless,0.0
2026-06-27,2026-07-02,Kwania,ukmo_seamless,0.0
2026-06-27,2026-07-03,Kwania,ukmo_seamless,0.6
2026-06-27,2026-06-28,Kwania,meteofrance_seamless,0.0
2026-06-27,2026-06-29,Kwania,meteofrance_seamless,0.0
2026-06-27,2026-06-30,Kwania,meteofrance_seamless,0.0
2026-06-27,2026-06-28,Kwania,jma_seamless,0.0
2026-06-27,2026-06-29,Kwania,jma_seamless,0.4
2026-06-27,2026-06-30,Kwania,jma_seamless,0.8
2026-06-27,2026-07-01,Kwania,jma_seamless,0.2
2026-06-27,2026-07-02,Kwania,jma_seamless,0.3
2026-06-27,2026-07-03,Kwania,jma_seamless,0.0
2026-06-27,2026-06-28,Kwania,gem_seamless,0.0
2026-06-27,2026-06-29,Kwania,gem_seamless,0.0
2026-06-27,2026-06-30,Kwania,gem_seamless,0.0
2026-06-27,2026-07-01,Kwania,gem_seamless,1.3
2026-06-27,2026-07-02,Kwania,gem_seamless,0.5
2026-06-27,2026-07-03,Kwania,gem_seamless,1.2
2026-06-27,2026-06-28,Kwania,knmi_seamless,0.3
2026-06-27,2026-06-29,Kwania,knmi_seamless,0.0
2026-06-27,2026-06-30,Kwania,knmi_seamless,0.1
2026-06-27,2026-07-01,Kwania,knmi_seamless,0.0
2026-06-27,2026-07-02,Kwania,knmi_seamless,6.9
2026-06-27,2026-07-03,Kwania,knmi_seamless,3.9
2026-06-27,2026-06-28,Kyenjojo,ecmwf_ifs025,0.0
2026-06-27,2026-06-29,Kyenjojo,ecmwf_ifs025,0.0
2026-06-27,2026-06-30,Kyenjojo,ecmwf_ifs025,0.0
2026-06-27,2026-07-01,Kyenjojo,ecmwf_ifs025,1.0
2026-06-27,2026-07-02,Kyenjojo,ecmwf_ifs025,3.2
2026-06-27,2026-07-03,Kyenjojo,ecmwf_ifs025,1.8
2026-06-27,2026-06-28,Kyenjojo,ecmwf_aifs025_single,0.0
2026-06-27,2026-06-29,Kyenjojo,ecmwf_aifs025_single,0.0
2026-06-27,2026-06-30,Kyenjojo,ecmwf_aifs025_single,0.0
2026-06-27,2026-07-01,Kyenjojo,ecmwf_aifs025_single,0.8
2026-06-27,2026-07-02,Kyenjojo,ecmwf_aifs025_single,2.3
2026-06-27,2026-07-03,Kyenjojo,ecmwf_aifs025_single,0.7
2026-06-27,2026-06-28,Kyenjojo,gfs_seamless,0.0
2026-06-27,2026-06-29,Kyenjojo,gfs_seamless,0.3
2026-06-27,2026-06-30,Kyenjojo,gfs_seamless,0.0
2026-06-27,2026-07-01,Kyenjojo,gfs_seamless,0.0
2026-06-27,2026-07-02,Kyenjojo,gfs_seamless,0.0
2026-06-27,2026-07-03,Kyenjojo,gfs_seamless,1.2
2026-06-27,2026-06-28,Kyenjojo,icon_seamless,0.0
2026-06-27,2026-06-29,Kyenjojo,icon_seamless,0.0
2026-06-27,2026-06-30,Kyenjojo,icon_seamless,0.0
2026-06-27,2026-07-01,Kyenjojo,icon_seamless,0.0
2026-06-27,2026-07-02,Kyenjojo,icon_seamless,0.0
2026-06-27,2026-07-03,Kyenjojo,icon_seamless,2.0
2026-06-27,2026-06-28,Kyenjojo,ukmo_seamless,0.0
2026-06-27,2026-06-29,Kyenjojo,ukmo_seamless,0.1
2026-06-27,2026-06-30,Kyenjojo,ukmo_seamless,0.3
2026-06-27,2026-07-01,Kyenjojo,ukmo_seamless,1.2
2026-06-27,2026-07-02,Kyenjojo,ukmo_seamless,0.0
2026-06-27,2026-07-03,Kyenjojo,ukmo_seamless,0.6
2026-06-27,2026-06-28,Kyenjojo,meteofrance_seamless,0.0
2026-06-27,2026-06-29,Kyenjojo,meteofrance_seamless,0.0
2026-06-27,2026-06-30,Kyenjojo,meteofrance_seamless,0.0
2026-06-27,2026-06-28,Kyenjojo,jma_seamless,0.0
2026-06-27,2026-06-29,Kyenjojo,jma_seamless,0.0
2026-06-27,2026-06-30,Kyenjojo,jma_seamless,0.0
2026-06-27,2026-07-01,Kyenjojo,jma_seamless,0.0
2026-06-27,2026-07-02,Kyenjojo,jma_seamless,0.1
2026-06-27,2026-07-03,Kyenjojo,jma_seamless,0.1
2026-06-27,2026-06-28,Kyenjojo,gem_seamless,0.0
2026-06-27,2026-06-29,Kyenjojo,gem_seamless,0.0
2026-06-27,2026-06-30,Kyenjojo,gem_seamless,0.0
2026-06-27,2026-07-01,Kyenjojo,gem_seamless,0.6
2026-06-27,2026-07-02,Kyenjojo,gem_seamless,1.6
2026-06-27,2026-07-03,Kyenjojo,gem_seamless,1.7
2026-06-27,2026-06-28,Kyenjojo,knmi_seamless,0.0
2026-06-27,2026-06-29,Kyenjojo,knmi_seamless,0.0
2026-06-27,2026-06-30,Kyenjojo,knmi_seamless,0.0
2026-06-27,2026-07-01,Kyenjojo,knmi_seamless,0.9
2026-06-27,2026-07-02,Kyenjojo,knmi_seamless,1.5
2026-06-27,2026-07-03,Kyenjojo,knmi_seamless,1.2
2026-06-28,2026-06-29,Agago,ecmwf_ifs025,1.7
2026-06-28,2026-06-30,Agago,ecmwf_ifs025,0.1
2026-06-28,2026-07-01,Agago,ecmwf_ifs025,3.4
2026-06-28,2026-07-02,Agago,ecmwf_ifs025,4.1
2026-06-28,2026-07-03,Agago,ecmwf_ifs025,9.2
2026-06-28,2026-07-04,Agago,ecmwf_ifs025,0.8
2026-06-28,2026-06-29,Agago,ecmwf_aifs025_single,0.1
2026-06-28,2026-06-30,Agago,ecmwf_aifs025_single,0.5
2026-06-28,2026-07-01,Agago,ecmwf_aifs025_single,1.9
2026-06-28,2026-07-02,Agago,ecmwf_aifs025_single,5.1
2026-06-28,2026-07-03,Agago,ecmwf_aifs025_single,4.5
2026-06-28,2026-07-04,Agago,ecmwf_aifs025_single,1.2
2026-06-28,2026-06-29,Agago,gfs_seamless,0.5
2026-06-28,2026-06-30,Agago,gfs_seamless,0.8
2026-06-28,2026-07-01,Agago,gfs_seamless,2.3
2026-06-28,2026-07-02,Agago,gfs_seamless,1.5
2026-06-28,2026-07-03,Agago,gfs_seamless,2.1
2026-06-28,2026-07-04,Agago,gfs_seamless,0.6
2026-06-28,2026-06-29,Agago,icon_seamless,0.0
2026-06-28,2026-06-30,Agago,icon_seamless,1.0
2026-06-28,2026-07-01,Agago,icon_seamless,6.3
2026-06-28,2026-07-02,Agago,icon_seamless,23.7
2026-06-28,2026-07-03,Agago,icon_seamless,3.0
2026-06-28,2026-07-04,Agago,icon_seamless,0.3
2026-06-28,2026-06-29,Agago,ukmo_seamless,0.3
2026-06-28,2026-06-30,Agago,ukmo_seamless,0.1
2026-06-28,2026-07-01,Agago,ukmo_seamless,0.0
2026-06-28,2026-07-02,Agago,ukmo_seamless,0.6
2026-06-28,2026-07-03,Agago,ukmo_seamless,2.1
2026-06-28,2026-07-04,Agago,ukmo_seamless,2.1
2026-06-28,2026-06-29,Agago,meteofrance_seamless,0.0
2026-06-28,2026-06-30,Agago,meteofrance_seamless,0.8
2026-06-28,2026-07-01,Agago,meteofrance_seamless,1.4
2026-06-28,2026-06-29,Agago,jma_seamless,0.4
2026-06-28,2026-06-30,Agago,jma_seamless,-0.1
2026-06-28,2026-07-01,Agago,jma_seamless,0.9
2026-06-28,2026-07-02,Agago,jma_seamless,3.1
2026-06-28,2026-07-03,Agago,jma_seamless,5.0
2026-06-28,2026-07-04,Agago,jma_seamless,0.1
2026-06-28,2026-06-29,Agago,gem_seamless,0.7
2026-06-28,2026-06-30,Agago,gem_seamless,3.5
2026-06-28,2026-07-01,Agago,gem_seamless,11.0
2026-06-28,2026-07-02,Agago,gem_seamless,1.6
2026-06-28,2026-07-03,Agago,gem_seamless,1.3
2026-06-28,2026-07-04,Agago,gem_seamless,4.2
2026-06-28,2026-06-29,Agago,knmi_seamless,1.5
2026-06-28,2026-06-30,Agago,knmi_seamless,0.3
2026-06-28,2026-07-01,Agago,knmi_seamless,4.3
2026-06-28,2026-07-02,Agago,knmi_seamless,2.3
2026-06-28,2026-07-03,Agago,knmi_seamless,8.7
2026-06-28,2026-07-04,Agago,knmi_seamless,1.4
2026-06-28,2026-06-29,Otuke,ecmwf_ifs025,0.6
2026-06-28,2026-06-30,Otuke,ecmwf_ifs025,0.6
2026-06-28,2026-07-01,Otuke,ecmwf_ifs025,0.7
2026-06-28,2026-07-02,Otuke,ecmwf_ifs025,3.4
2026-06-28,2026-07-03,Otuke,ecmwf_ifs025,17.0
2026-06-28,2026-07-04,Otuke,ecmwf_ifs025,0.2
2026-06-28,2026-06-29,Otuke,ecmwf_aifs025_single,0.0
2026-06-28,2026-06-30,Otuke,ecmwf_aifs025_single,0.3
2026-06-28,2026-07-01,Otuke,ecmwf_aifs025_single,1.9
2026-06-28,2026-07-02,Otuke,ecmwf_aifs025_single,5.6
2026-06-28,2026-07-03,Otuke,ecmwf_aifs025_single,4.0
2026-06-28,2026-07-04,Otuke,ecmwf_aifs025_single,0.9
2026-06-28,2026-06-29,Otuke,gfs_seamless,2.8
2026-06-28,2026-06-30,Otuke,gfs_seamless,1.2
2026-06-28,2026-07-01,Otuke,gfs_seamless,2.4
2026-06-28,2026-07-02,Otuke,gfs_seamless,1.1
2026-06-28,2026-07-03,Otuke,gfs_seamless,1.3
2026-06-28,2026-07-04,Otuke,gfs_seamless,0.4
2026-06-28,2026-06-29,Otuke,icon_seamless,0.0
2026-06-28,2026-06-30,Otuke,icon_seamless,0.6
2026-06-28,2026-07-01,Otuke,icon_seamless,12.4
2026-06-28,2026-07-02,Otuke,icon_seamless,17.4
2026-06-28,2026-07-03,Otuke,icon_seamless,1.2
2026-06-28,2026-07-04,Otuke,icon_seamless,3.3
2026-06-28,2026-06-29,Otuke,ukmo_seamless,0.2
2026-06-28,2026-06-30,Otuke,ukmo_seamless,0.0
2026-06-28,2026-07-01,Otuke,ukmo_seamless,0.0
2026-06-28,2026-07-02,Otuke,ukmo_seamless,0.3
2026-06-28,2026-07-03,Otuke,ukmo_seamless,1.5
2026-06-28,2026-07-04,Otuke,ukmo_seamless,1.5
2026-06-28,2026-06-29,Otuke,meteofrance_seamless,0.0
2026-06-28,2026-06-30,Otuke,meteofrance_seamless,0.2
2026-06-28,2026-07-01,Otuke,meteofrance_seamless,1.0
2026-06-28,2026-06-29,Otuke,jma_seamless,0.0
2026-06-28,2026-06-30,Otuke,jma_seamless,0.0
2026-06-28,2026-07-01,Otuke,jma_seamless,4.4
2026-06-28,2026-07-02,Otuke,jma_seamless,0.5
2026-06-28,2026-07-03,Otuke,jma_seamless,3.4
2026-06-28,2026-07-04,Otuke,jma_seamless,1.1
2026-06-28,2026-06-29,Otuke,gem_seamless,1.0
2026-06-28,2026-06-30,Otuke,gem_seamless,4.7
2026-06-28,2026-07-01,Otuke,gem_seamless,5.9
2026-06-28,2026-07-02,Otuke,gem_seamless,3.7
2026-06-28,2026-07-03,Otuke,gem_seamless,0.8
2026-06-28,2026-07-04,Otuke,gem_seamless,2.9
2026-06-28,2026-06-29,Otuke,knmi_seamless,0.5
2026-06-28,2026-06-30,Otuke,knmi_seamless,1.7
2026-06-28,2026-07-01,Otuke,knmi_seamless,2.8
2026-06-28,2026-07-02,Otuke,knmi_seamless,7.1
2026-06-28,2026-07-03,Otuke,knmi_seamless,17.3
2026-06-28,2026-07-04,Otuke,knmi_seamless,1.4
2026-06-28,2026-06-29,Kitgum,ecmwf_ifs025,0.4
2026-06-28,2026-06-30,Kitgum,ecmwf_ifs025,0.5
2026-06-28,2026-07-01,Kitgum,ecmwf_ifs025,3.4
2026-06-28,2026-07-02,Kitgum,ecmwf_ifs025,5.0
2026-06-28,2026-07-03,Kitgum,ecmwf_ifs025,6.3
2026-06-28,2026-07-04,Kitgum,ecmwf_ifs025,0.8
2026-06-28,2026-06-29,Kitgum,ecmwf_aifs025_single,0.4
2026-06-28,2026-06-30,Kitgum,ecmwf_aifs025_single,0.6
2026-06-28,2026-07-01,Kitgum,ecmwf_aifs025_single,2.0
2026-06-28,2026-07-02,Kitgum,ecmwf_aifs025_single,4.7
2026-06-28,2026-07-03,Kitgum,ecmwf_aifs025_single,4.3
2026-06-28,2026-07-04,Kitgum,ecmwf_aifs025_single,1.2
2026-06-28,2026-06-29,Kitgum,gfs_seamless,8.6
2026-06-28,2026-06-30,Kitgum,gfs_seamless,0.0
2026-06-28,2026-07-01,Kitgum,gfs_seamless,0.2
2026-06-28,2026-07-02,Kitgum,gfs_seamless,5.2
2026-06-28,2026-07-03,Kitgum,gfs_seamless,2.2
2026-06-28,2026-07-04,Kitgum,gfs_seamless,0.4
2026-06-28,2026-06-29,Kitgum,icon_seamless,1.2
2026-06-28,2026-06-30,Kitgum,icon_seamless,0.1
2026-06-28,2026-07-01,Kitgum,icon_seamless,12.0
2026-06-28,2026-07-02,Kitgum,icon_seamless,29.7
2026-06-28,2026-07-03,Kitgum,icon_seamless,1.8
2026-06-28,2026-07-04,Kitgum,icon_seamless,0.3
2026-06-28,2026-06-29,Kitgum,ukmo_seamless,0.3
2026-06-28,2026-06-30,Kitgum,ukmo_seamless,0.0
2026-06-28,2026-07-01,Kitgum,ukmo_seamless,0.2
2026-06-28,2026-07-02,Kitgum,ukmo_seamless,1.0
2026-06-28,2026-07-03,Kitgum,ukmo_seamless,1.8
2026-06-28,2026-07-04,Kitgum,ukmo_seamless,3.9
2026-06-28,2026-06-29,Kitgum,meteofrance_seamless,0.1
2026-06-28,2026-06-30,Kitgum,meteofrance_seamless,0.1
2026-06-28,2026-07-01,Kitgum,meteofrance_seamless,6.3
2026-06-28,2026-06-29,Kitgum,jma_seamless,0.7
2026-06-28,2026-06-30,Kitgum,jma_seamless,0.0
2026-06-28,2026-07-01,Kitgum,jma_seamless,2.8
2026-06-28,2026-07-02,Kitgum,jma_seamless,5.1
2026-06-28,2026-07-03,Kitgum,jma_seamless,5.2
2026-06-28,2026-07-04,Kitgum,jma_seamless,2.7
2026-06-28,2026-06-29,Kitgum,gem_seamless,0.0
2026-06-28,2026-06-30,Kitgum,gem_seamless,0.5
2026-06-28,2026-07-01,Kitgum,gem_seamless,7.7
2026-06-28,2026-07-02,Kitgum,gem_seamless,5.1
2026-06-28,2026-07-03,Kitgum,gem_seamless,2.1
2026-06-28,2026-07-04,Kitgum,gem_seamless,0.9
2026-06-28,2026-06-29,Kitgum,knmi_seamless,0.6
2026-06-28,2026-06-30,Kitgum,knmi_seamless,0.3
2026-06-28,2026-07-01,Kitgum,knmi_seamless,3.3
2026-06-28,2026-07-02,Kitgum,knmi_seamless,6.1
2026-06-28,2026-07-03,Kitgum,knmi_seamless,4.5
2026-06-28,2026-07-04,Kitgum,knmi_seamless,1.2
2026-06-28,2026-06-29,Pader,ecmwf_ifs025,0.5
2026-06-28,2026-06-30,Pader,ecmwf_ifs025,0.4
2026-06-28,2026-07-01,Pader,ecmwf_ifs025,3.2
2026-06-28,2026-07-02,Pader,ecmwf_ifs025,2.0
2026-06-28,2026-07-03,Pader,ecmwf_ifs025,14.0
2026-06-28,2026-07-04,Pader,ecmwf_ifs025,1.1
2026-06-28,2026-06-29,Pader,ecmwf_aifs025_single,0.2
2026-06-28,2026-06-30,Pader,ecmwf_aifs025_single,0.5
2026-06-28,2026-07-01,Pader,ecmwf_aifs025_single,2.3
2026-06-28,2026-07-02,Pader,ecmwf_aifs025_single,5.4
2026-06-28,2026-07-03,Pader,ecmwf_aifs025_single,4.4
2026-06-28,2026-07-04,Pader,ecmwf_aifs025_single,0.9
2026-06-28,2026-06-29,Pader,gfs_seamless,2.4
2026-06-28,2026-06-30,Pader,gfs_seamless,0.2
2026-06-28,2026-07-01,Pader,gfs_seamless,1.7
2026-06-28,2026-07-02,Pader,gfs_seamless,5.1
2026-06-28,2026-07-03,Pader,gfs_seamless,4.7
2026-06-28,2026-07-04,Pader,gfs_seamless,0.7
2026-06-28,2026-06-29,Pader,icon_seamless,0.0
2026-06-28,2026-06-30,Pader,icon_seamless,2.5
2026-06-28,2026-07-01,Pader,icon_seamless,3.1
2026-06-28,2026-07-02,Pader,icon_seamless,28.0
2026-06-28,2026-07-03,Pader,icon_seamless,0.6
2026-06-28,2026-07-04,Pader,icon_seamless,0.9
2026-06-28,2026-06-29,Pader,ukmo_seamless,0.2
2026-06-28,2026-06-30,Pader,ukmo_seamless,0.0
2026-06-28,2026-07-01,Pader,ukmo_seamless,0.0
2026-06-28,2026-07-02,Pader,ukmo_seamless,1.2
2026-06-28,2026-07-03,Pader,ukmo_seamless,2.7
2026-06-28,2026-07-04,Pader,ukmo_seamless,2.1
2026-06-28,2026-06-29,Pader,meteofrance_seamless,0.0
2026-06-28,2026-06-30,Pader,meteofrance_seamless,0.6
2026-06-28,2026-07-01,Pader,meteofrance_seamless,5.1
2026-06-28,2026-06-29,Pader,jma_seamless,0.0
2026-06-28,2026-06-30,Pader,jma_seamless,0.1
2026-06-28,2026-07-01,Pader,jma_seamless,9.5
2026-06-28,2026-07-02,Pader,jma_seamless,2.6
2026-06-28,2026-07-03,Pader,jma_seamless,8.5
2026-06-28,2026-07-04,Pader,jma_seamless,0.3
2026-06-28,2026-06-29,Pader,gem_seamless,0.5
2026-06-28,2026-06-30,Pader,gem_seamless,3.2
2026-06-28,2026-07-01,Pader,gem_seamless,16.5
2026-06-28,2026-07-02,Pader,gem_seamless,0.9
2026-06-28,2026-07-03,Pader,gem_seamless,2.5
2026-06-28,2026-07-04,Pader,gem_seamless,3.1
2026-06-28,2026-06-29,Pader,knmi_seamless,0.2
2026-06-28,2026-06-30,Pader,knmi_seamless,0.2
2026-06-28,2026-07-01,Pader,knmi_seamless,2.8
2026-06-28,2026-07-02,Pader,knmi_seamless,3.0
2026-06-28,2026-07-03,Pader,knmi_seamless,22.8
2026-06-28,2026-07-04,Pader,knmi_seamless,2.3
2026-06-28,2026-06-29,Alebtong,ecmwf_ifs025,0.9
2026-06-28,2026-06-30,Alebtong,ecmwf_ifs025,0.8
2026-06-28,2026-07-01,Alebtong,ecmwf_ifs025,0.4
2026-06-28,2026-07-02,Alebtong,ecmwf_ifs025,6.5
2026-06-28,2026-07-03,Alebtong,ecmwf_ifs025,8.8
2026-06-28,2026-07-04,Alebtong,ecmwf_ifs025,0.8
2026-06-28,2026-06-29,Alebtong,ecmwf_aifs025_single,0.0
2026-06-28,2026-06-30,Alebtong,ecmwf_aifs025_single,0.3
2026-06-28,2026-07-01,Alebtong,ecmwf_aifs025_single,2.3
2026-06-28,2026-07-02,Alebtong,ecmwf_aifs025_single,6.1
2026-06-28,2026-07-03,Alebtong,ecmwf_aifs025_single,3.4
2026-06-28,2026-07-04,Alebtong,ecmwf_aifs025_single,0.9
2026-06-28,2026-06-29,Alebtong,gfs_seamless,1.2
2026-06-28,2026-06-30,Alebtong,gfs_seamless,0.9
2026-06-28,2026-07-01,Alebtong,gfs_seamless,1.1
2026-06-28,2026-07-02,Alebtong,gfs_seamless,2.2
2026-06-28,2026-07-03,Alebtong,gfs_seamless,0.9
2026-06-28,2026-07-04,Alebtong,gfs_seamless,0.5
2026-06-28,2026-06-29,Alebtong,icon_seamless,0.0
2026-06-28,2026-06-30,Alebtong,icon_seamless,0.1
2026-06-28,2026-07-01,Alebtong,icon_seamless,5.6
2026-06-28,2026-07-02,Alebtong,icon_seamless,38.3
2026-06-28,2026-07-03,Alebtong,icon_seamless,0.3
2026-06-28,2026-07-04,Alebtong,icon_seamless,0.6
2026-06-28,2026-06-29,Alebtong,ukmo_seamless,0.2
2026-06-28,2026-06-30,Alebtong,ukmo_seamless,0.3
2026-06-28,2026-07-01,Alebtong,ukmo_seamless,0.0
2026-06-28,2026-07-02,Alebtong,ukmo_seamless,1.2
2026-06-28,2026-07-03,Alebtong,ukmo_seamless,1.8
2026-06-28,2026-07-04,Alebtong,ukmo_seamless,1.2
2026-06-28,2026-06-29,Alebtong,meteofrance_seamless,0.1
2026-06-28,2026-06-30,Alebtong,meteofrance_seamless,0.2
2026-06-28,2026-07-01,Alebtong,meteofrance_seamless,0.7
2026-06-28,2026-06-29,Alebtong,jma_seamless,0.0
2026-06-28,2026-06-30,Alebtong,jma_seamless,0.3
2026-06-28,2026-07-01,Alebtong,jma_seamless,1.4
2026-06-28,2026-07-02,Alebtong,jma_seamless,0.5
2026-06-28,2026-07-03,Alebtong,jma_seamless,4.6
2026-06-28,2026-07-04,Alebtong,jma_seamless,1.9
2026-06-28,2026-06-29,Alebtong,gem_seamless,0.1
2026-06-28,2026-06-30,Alebtong,gem_seamless,4.3
2026-06-28,2026-07-01,Alebtong,gem_seamless,6.7
2026-06-28,2026-07-02,Alebtong,gem_seamless,5.5
2026-06-28,2026-07-03,Alebtong,gem_seamless,0.7
2026-06-28,2026-07-04,Alebtong,gem_seamless,3.7
2026-06-28,2026-06-29,Alebtong,knmi_seamless,1.9
2026-06-28,2026-06-30,Alebtong,knmi_seamless,1.2
2026-06-28,2026-07-01,Alebtong,knmi_seamless,0.5
2026-06-28,2026-07-02,Alebtong,knmi_seamless,8.6
2026-06-28,2026-07-03,Alebtong,knmi_seamless,7.1
2026-06-28,2026-07-04,Alebtong,knmi_seamless,2.2
2026-06-28,2026-06-29,Lira,ecmwf_ifs025,0.4
2026-06-28,2026-06-30,Lira,ecmwf_ifs025,1.2
2026-06-28,2026-07-01,Lira,ecmwf_ifs025,0.1
2026-06-28,2026-07-02,Lira,ecmwf_ifs025,4.7
2026-06-28,2026-07-03,Lira,ecmwf_ifs025,16.3
2026-06-28,2026-07-04,Lira,ecmwf_ifs025,0.6
2026-06-28,2026-06-29,Lira,ecmwf_aifs025_single,0.0
2026-06-28,2026-06-30,Lira,ecmwf_aifs025_single,0.4
2026-06-28,2026-07-01,Lira,ecmwf_aifs025_single,2.5
2026-06-28,2026-07-02,Lira,ecmwf_aifs025_single,6.3
2026-06-28,2026-07-03,Lira,ecmwf_aifs025_single,3.4
2026-06-28,2026-07-04,Lira,ecmwf_aifs025_single,0.8
2026-06-28,2026-06-29,Lira,gfs_seamless,0.4
2026-06-28,2026-06-30,Lira,gfs_seamless,3.9
2026-06-28,2026-07-01,Lira,gfs_seamless,0.8
2026-06-28,2026-07-02,Lira,gfs_seamless,5.0
2026-06-28,2026-07-03,Lira,gfs_seamless,1.2
2026-06-28,2026-07-04,Lira,gfs_seamless,0.8
2026-06-28,2026-06-29,Lira,icon_seamless,0.0
2026-06-28,2026-06-30,Lira,icon_seamless,0.6
2026-06-28,2026-07-01,Lira,icon_seamless,3.1
2026-06-28,2026-07-02,Lira,icon_seamless,5.7
2026-06-28,2026-07-03,Lira,icon_seamless,0.3
2026-06-28,2026-07-04,Lira,icon_seamless,0.6
2026-06-28,2026-06-29,Lira,ukmo_seamless,0.1
2026-06-28,2026-06-30,Lira,ukmo_seamless,0.0
2026-06-28,2026-07-01,Lira,ukmo_seamless,0.0
2026-06-28,2026-07-02,Lira,ukmo_seamless,1.5
2026-06-28,2026-07-03,Lira,ukmo_seamless,2.4
2026-06-28,2026-07-04,Lira,ukmo_seamless,0.8
2026-06-28,2026-06-29,Lira,meteofrance_seamless,0.0
2026-06-28,2026-06-30,Lira,meteofrance_seamless,0.2
2026-06-28,2026-07-01,Lira,meteofrance_seamless,3.4
2026-06-28,2026-06-29,Lira,jma_seamless,0.0
2026-06-28,2026-06-30,Lira,jma_seamless,0.3
2026-06-28,2026-07-01,Lira,jma_seamless,1.4
2026-06-28,2026-07-02,Lira,jma_seamless,0.5
2026-06-28,2026-07-03,Lira,jma_seamless,4.6
2026-06-28,2026-07-04,Lira,jma_seamless,1.9
2026-06-28,2026-06-29,Lira,gem_seamless,0.2
2026-06-28,2026-06-30,Lira,gem_seamless,3.3
2026-06-28,2026-07-01,Lira,gem_seamless,2.2
2026-06-28,2026-07-02,Lira,gem_seamless,5.0
2026-06-28,2026-07-03,Lira,gem_seamless,0.1
2026-06-28,2026-07-04,Lira,gem_seamless,7.1
2026-06-28,2026-06-29,Lira,knmi_seamless,0.8
2026-06-28,2026-06-30,Lira,knmi_seamless,0.5
2026-06-28,2026-07-01,Lira,knmi_seamless,1.2
2026-06-28,2026-07-02,Lira,knmi_seamless,6.2
2026-06-28,2026-07-03,Lira,knmi_seamless,7.2
2026-06-28,2026-07-04,Lira,knmi_seamless,1.8
2026-06-28,2026-06-29,Kole,ecmwf_ifs025,0.1
2026-06-28,2026-06-30,Kole,ecmwf_ifs025,0.0
2026-06-28,2026-07-01,Kole,ecmwf_ifs025,0.1
2026-06-28,2026-07-02,Kole,ecmwf_ifs025,2.0
2026-06-28,2026-07-03,Kole,ecmwf_ifs025,3.5
2026-06-28,2026-07-04,Kole,ecmwf_ifs025,0.2
2026-06-28,2026-06-29,Kole,ecmwf_aifs025_single,0.0
2026-06-28,2026-06-30,Kole,ecmwf_aifs025_single,0.3
2026-06-28,2026-07-01,Kole,ecmwf_aifs025_single,2.4
2026-06-28,2026-07-02,Kole,ecmwf_aifs025_single,7.0
2026-06-28,2026-07-03,Kole,ecmwf_aifs025_single,2.3
2026-06-28,2026-07-04,Kole,ecmwf_aifs025_single,0.5
2026-06-28,2026-06-29,Kole,gfs_seamless,1.1
2026-06-28,2026-06-30,Kole,gfs_seamless,1.5
2026-06-28,2026-07-01,Kole,gfs_seamless,0.9
2026-06-28,2026-07-02,Kole,gfs_seamless,8.8
2026-06-28,2026-07-03,Kole,gfs_seamless,3.5
2026-06-28,2026-07-04,Kole,gfs_seamless,1.0
2026-06-28,2026-06-29,Kole,icon_seamless,0.0
2026-06-28,2026-06-30,Kole,icon_seamless,0.2
2026-06-28,2026-07-01,Kole,icon_seamless,2.0
2026-06-28,2026-07-02,Kole,icon_seamless,3.0
2026-06-28,2026-07-03,Kole,icon_seamless,0.0
2026-06-28,2026-07-04,Kole,icon_seamless,2.7
2026-06-28,2026-06-29,Kole,ukmo_seamless,0.2
2026-06-28,2026-06-30,Kole,ukmo_seamless,0.0
2026-06-28,2026-07-01,Kole,ukmo_seamless,0.0
2026-06-28,2026-07-02,Kole,ukmo_seamless,0.9
2026-06-28,2026-07-03,Kole,ukmo_seamless,1.2
2026-06-28,2026-07-04,Kole,ukmo_seamless,1.4
2026-06-28,2026-06-29,Kole,meteofrance_seamless,0.0
2026-06-28,2026-06-30,Kole,meteofrance_seamless,0.0
2026-06-28,2026-07-01,Kole,meteofrance_seamless,0.9
2026-06-28,2026-06-29,Kole,jma_seamless,0.0
2026-06-28,2026-06-30,Kole,jma_seamless,2.4
2026-06-28,2026-07-01,Kole,jma_seamless,1.1
2026-06-28,2026-07-02,Kole,jma_seamless,1.9
2026-06-28,2026-07-03,Kole,jma_seamless,5.3
2026-06-28,2026-07-04,Kole,jma_seamless,0.6
2026-06-28,2026-06-29,Kole,gem_seamless,0.3
2026-06-28,2026-06-30,Kole,gem_seamless,1.8
2026-06-28,2026-07-01,Kole,gem_seamless,1.6
2026-06-28,2026-07-02,Kole,gem_seamless,4.2
2026-06-28,2026-07-03,Kole,gem_seamless,0.0
2026-06-28,2026-07-04,Kole,gem_seamless,6.4
2026-06-28,2026-06-29,Kole,knmi_seamless,0.1
2026-06-28,2026-06-30,Kole,knmi_seamless,0.3
2026-06-28,2026-07-01,Kole,knmi_seamless,0.5
2026-06-28,2026-07-02,Kole,knmi_seamless,4.6
2026-06-28,2026-07-03,Kole,knmi_seamless,6.1
2026-06-28,2026-07-04,Kole,knmi_seamless,0.4
2026-06-28,2026-06-29,Oyam,ecmwf_ifs025,0.2
2026-06-28,2026-06-30,Oyam,ecmwf_ifs025,0.4
2026-06-28,2026-07-01,Oyam,ecmwf_ifs025,0.8
2026-06-28,2026-07-02,Oyam,ecmwf_ifs025,4.2
2026-06-28,2026-07-03,Oyam,ecmwf_ifs025,8.5
2026-06-28,2026-07-04,Oyam,ecmwf_ifs025,0.2
2026-06-28,2026-06-29,Oyam,ecmwf_aifs025_single,0.0
2026-06-28,2026-06-30,Oyam,ecmwf_aifs025_single,0.4
2026-06-28,2026-07-01,Oyam,ecmwf_aifs025_single,3.0
2026-06-28,2026-07-02,Oyam,ecmwf_aifs025_single,7.0
2026-06-28,2026-07-03,Oyam,ecmwf_aifs025_single,2.4
2026-06-28,2026-07-04,Oyam,ecmwf_aifs025_single,0.6
2026-06-28,2026-06-29,Oyam,gfs_seamless,0.7
2026-06-28,2026-06-30,Oyam,gfs_seamless,0.2
2026-06-28,2026-07-01,Oyam,gfs_seamless,1.8
2026-06-28,2026-07-02,Oyam,gfs_seamless,3.1
2026-06-28,2026-07-03,Oyam,gfs_seamless,3.9
2026-06-28,2026-07-04,Oyam,gfs_seamless,0.9
2026-06-28,2026-06-29,Oyam,icon_seamless,0.0
2026-06-28,2026-06-30,Oyam,icon_seamless,1.4
2026-06-28,2026-07-01,Oyam,icon_seamless,0.7
2026-06-28,2026-07-02,Oyam,icon_seamless,1.4
2026-06-28,2026-07-03,Oyam,icon_seamless,0.6
2026-06-28,2026-07-04,Oyam,icon_seamless,6.3
2026-06-28,2026-06-29,Oyam,ukmo_seamless,0.3
2026-06-28,2026-06-30,Oyam,ukmo_seamless,0.0
2026-06-28,2026-07-01,Oyam,ukmo_seamless,0.0
2026-06-28,2026-07-02,Oyam,ukmo_seamless,0.9
2026-06-28,2026-07-03,Oyam,ukmo_seamless,2.7
2026-06-28,2026-07-04,Oyam,ukmo_seamless,0.6
2026-06-28,2026-06-29,Oyam,meteofrance_seamless,0.0
2026-06-28,2026-06-30,Oyam,meteofrance_seamless,0.0
2026-06-28,2026-07-01,Oyam,meteofrance_seamless,14.4
2026-06-28,2026-06-29,Oyam,jma_seamless,0.0
2026-06-28,2026-06-30,Oyam,jma_seamless,2.4
2026-06-28,2026-07-01,Oyam,jma_seamless,1.1
2026-06-28,2026-07-02,Oyam,jma_seamless,1.9
2026-06-28,2026-07-03,Oyam,jma_seamless,5.3
2026-06-28,2026-07-04,Oyam,jma_seamless,0.6
2026-06-28,2026-06-29,Oyam,gem_seamless,0.4
2026-06-28,2026-06-30,Oyam,gem_seamless,0.8
2026-06-28,2026-07-01,Oyam,gem_seamless,0.3
2026-06-28,2026-07-02,Oyam,gem_seamless,2.7
2026-06-28,2026-07-03,Oyam,gem_seamless,0.0
2026-06-28,2026-07-04,Oyam,gem_seamless,3.9
2026-06-28,2026-06-29,Oyam,knmi_seamless,0.0
2026-06-28,2026-06-30,Oyam,knmi_seamless,0.0
2026-06-28,2026-07-01,Oyam,knmi_seamless,1.1
2026-06-28,2026-07-02,Oyam,knmi_seamless,3.3
2026-06-28,2026-07-03,Oyam,knmi_seamless,5.0
2026-06-28,2026-07-04,Oyam,knmi_seamless,0.8
2026-06-28,2026-06-29,Apac,ecmwf_ifs025,0.1
2026-06-28,2026-06-30,Apac,ecmwf_ifs025,0.1
2026-06-28,2026-07-01,Apac,ecmwf_ifs025,0.5
2026-06-28,2026-07-02,Apac,ecmwf_ifs025,3.8
2026-06-28,2026-07-03,Apac,ecmwf_ifs025,5.7
2026-06-28,2026-07-04,Apac,ecmwf_ifs025,0.4
2026-06-28,2026-06-29,Apac,ecmwf_aifs025_single,0.0
2026-06-28,2026-06-30,Apac,ecmwf_aifs025_single,0.4
2026-06-28,2026-07-01,Apac,ecmwf_aifs025_single,2.4
2026-06-28,2026-07-02,Apac,ecmwf_aifs025_single,6.7
2026-06-28,2026-07-03,Apac,ecmwf_aifs025_single,2.0
2026-06-28,2026-07-04,Apac,ecmwf_aifs025_single,0.4
2026-06-28,2026-06-29,Apac,gfs_seamless,0.1
2026-06-28,2026-06-30,Apac,gfs_seamless,0.6
2026-06-28,2026-07-01,Apac,gfs_seamless,1.8
2026-06-28,2026-07-02,Apac,gfs_seamless,3.4
2026-06-28,2026-07-03,Apac,gfs_seamless,1.3
2026-06-28,2026-07-04,Apac,gfs_seamless,1.0
2026-06-28,2026-06-29,Apac,icon_seamless,0.0
2026-06-28,2026-06-30,Apac,icon_seamless,1.1
2026-06-28,2026-07-01,Apac,icon_seamless,0.4
2026-06-28,2026-07-02,Apac,icon_seamless,0.8
2026-06-28,2026-07-03,Apac,icon_seamless,0.0
2026-06-28,2026-07-04,Apac,icon_seamless,2.1
2026-06-28,2026-06-29,Apac,ukmo_seamless,0.3
2026-06-28,2026-06-30,Apac,ukmo_seamless,0.2
2026-06-28,2026-07-01,Apac,ukmo_seamless,0.3
2026-06-28,2026-07-02,Apac,ukmo_seamless,1.2
2026-06-28,2026-07-03,Apac,ukmo_seamless,0.9
2026-06-28,2026-07-04,Apac,ukmo_seamless,0.6
2026-06-28,2026-06-29,Apac,meteofrance_seamless,0.0
2026-06-28,2026-06-30,Apac,meteofrance_seamless,0.0
2026-06-28,2026-07-01,Apac,meteofrance_seamless,1.5
2026-06-28,2026-06-29,Apac,jma_seamless,0.1
2026-06-28,2026-06-30,Apac,jma_seamless,0.1
2026-06-28,2026-07-01,Apac,jma_seamless,0.0
2026-06-28,2026-07-02,Apac,jma_seamless,0.9
2026-06-28,2026-07-03,Apac,jma_seamless,0.1
2026-06-28,2026-07-04,Apac,jma_seamless,0.0
2026-06-28,2026-06-29,Apac,gem_seamless,0.0
2026-06-28,2026-06-30,Apac,gem_seamless,0.1
2026-06-28,2026-07-01,Apac,gem_seamless,1.4
2026-06-28,2026-07-02,Apac,gem_seamless,2.9
2026-06-28,2026-07-03,Apac,gem_seamless,0.2
2026-06-28,2026-07-04,Apac,gem_seamless,0.0
2026-06-28,2026-06-29,Apac,knmi_seamless,0.0
2026-06-28,2026-06-30,Apac,knmi_seamless,0.0
2026-06-28,2026-07-01,Apac,knmi_seamless,0.9
2026-06-28,2026-07-02,Apac,knmi_seamless,2.9
2026-06-28,2026-07-03,Apac,knmi_seamless,1.3
2026-06-28,2026-07-04,Apac,knmi_seamless,1.2
2026-06-28,2026-06-29,Gulu,ecmwf_ifs025,0.6
2026-06-28,2026-06-30,Gulu,ecmwf_ifs025,0.1
2026-06-28,2026-07-01,Gulu,ecmwf_ifs025,1.9
2026-06-28,2026-07-02,Gulu,ecmwf_ifs025,5.4
2026-06-28,2026-07-03,Gulu,ecmwf_ifs025,4.5
2026-06-28,2026-07-04,Gulu,ecmwf_ifs025,0.4
2026-06-28,2026-06-29,Gulu,ecmwf_aifs025_single,0.0
2026-06-28,2026-06-30,Gulu,ecmwf_aifs025_single,0.4
2026-06-28,2026-07-01,Gulu,ecmwf_aifs025_single,3.2
2026-06-28,2026-07-02,Gulu,ecmwf_aifs025_single,6.3
2026-06-28,2026-07-03,Gulu,ecmwf_aifs025_single,3.1
2026-06-28,2026-07-04,Gulu,ecmwf_aifs025_single,0.8
2026-06-28,2026-06-29,Gulu,gfs_seamless,0.0
2026-06-28,2026-06-30,Gulu,gfs_seamless,0.6
2026-06-28,2026-07-01,Gulu,gfs_seamless,5.7
2026-06-28,2026-07-02,Gulu,gfs_seamless,19.0
2026-06-28,2026-07-03,Gulu,gfs_seamless,7.2
2026-06-28,2026-07-04,Gulu,gfs_seamless,0.1
2026-06-28,2026-06-29,Gulu,icon_seamless,0.0
2026-06-28,2026-06-30,Gulu,icon_seamless,7.7
2026-06-28,2026-07-01,Gulu,icon_seamless,3.3
2026-06-28,2026-07-02,Gulu,icon_seamless,16.4
2026-06-28,2026-07-03,Gulu,icon_seamless,0.3
2026-06-28,2026-07-04,Gulu,icon_seamless,5.1
2026-06-28,2026-06-29,Gulu,ukmo_seamless,0.8
2026-06-28,2026-06-30,Gulu,ukmo_seamless,0.0
2026-06-28,2026-07-01,Gulu,ukmo_seamless,0.3
2026-06-28,2026-07-02,Gulu,ukmo_seamless,2.7
2026-06-28,2026-07-03,Gulu,ukmo_seamless,2.0
2026-06-28,2026-07-04,Gulu,ukmo_seamless,1.9
2026-06-28,2026-06-29,Gulu,meteofrance_seamless,0.2
2026-06-28,2026-06-30,Gulu,meteofrance_seamless,0.0
2026-06-28,2026-07-01,Gulu,meteofrance_seamless,10.2
2026-06-28,2026-06-29,Gulu,jma_seamless,0.0
2026-06-28,2026-06-30,Gulu,jma_seamless,2.4
2026-06-28,2026-07-01,Gulu,jma_seamless,9.8
2026-06-28,2026-07-02,Gulu,jma_seamless,4.3
2026-06-28,2026-07-03,Gulu,jma_seamless,9.3
2026-06-28,2026-07-04,Gulu,jma_seamless,1.1
2026-06-28,2026-06-29,Gulu,gem_seamless,2.0
2026-06-28,2026-06-30,Gulu,gem_seamless,9.9
2026-06-28,2026-07-01,Gulu,gem_seamless,7.9
2026-06-28,2026-07-02,Gulu,gem_seamless,1.5
2026-06-28,2026-07-03,Gulu,gem_seamless,1.2
2026-06-28,2026-07-04,Gulu,gem_seamless,7.8
2026-06-28,2026-06-29,Gulu,knmi_seamless,0.3
2026-06-28,2026-06-30,Gulu,knmi_seamless,0.7
2026-06-28,2026-07-01,Gulu,knmi_seamless,4.8
2026-06-28,2026-07-02,Gulu,knmi_seamless,11.9
2026-06-28,2026-07-03,Gulu,knmi_seamless,6.4
2026-06-28,2026-07-04,Gulu,knmi_seamless,0.2
2026-06-28,2026-06-29,Omoro,ecmwf_ifs025,0.4
2026-06-28,2026-06-30,Omoro,ecmwf_ifs025,0.6
2026-06-28,2026-07-01,Omoro,ecmwf_ifs025,2.6
2026-06-28,2026-07-02,Omoro,ecmwf_ifs025,1.2
2026-06-28,2026-07-03,Omoro,ecmwf_ifs025,10.5
2026-06-28,2026-07-04,Omoro,ecmwf_ifs025,0.5
2026-06-28,2026-06-29,Omoro,ecmwf_aifs025_single,0.0
2026-06-28,2026-06-30,Omoro,ecmwf_aifs025_single,0.3
2026-06-28,2026-07-01,Omoro,ecmwf_aifs025_single,2.7
2026-06-28,2026-07-02,Omoro,ecmwf_aifs025_single,6.3
2026-06-28,2026-07-03,Omoro,ecmwf_aifs025_single,3.3
2026-06-28,2026-07-04,Omoro,ecmwf_aifs025_single,0.8
2026-06-28,2026-06-29,Omoro,gfs_seamless,1.0
2026-06-28,2026-06-30,Omoro,gfs_seamless,0.0
2026-06-28,2026-07-01,Omoro,gfs_seamless,0.5
2026-06-28,2026-07-02,Omoro,gfs_seamless,4.1
2026-06-28,2026-07-03,Omoro,gfs_seamless,1.4
2026-06-28,2026-07-04,Omoro,gfs_seamless,0.6
2026-06-28,2026-06-29,Omoro,icon_seamless,0.0
2026-06-28,2026-06-30,Omoro,icon_seamless,1.5
2026-06-28,2026-07-01,Omoro,icon_seamless,1.9
2026-06-28,2026-07-02,Omoro,icon_seamless,5.2
2026-06-28,2026-07-03,Omoro,icon_seamless,0.6
2026-06-28,2026-07-04,Omoro,icon_seamless,7.8
2026-06-28,2026-06-29,Omoro,ukmo_seamless,0.4
2026-06-28,2026-06-30,Omoro,ukmo_seamless,0.0
2026-06-28,2026-07-01,Omoro,ukmo_seamless,0.0
2026-06-28,2026-07-02,Omoro,ukmo_seamless,1.5
2026-06-28,2026-07-03,Omoro,ukmo_seamless,4.1
2026-06-28,2026-07-04,Omoro,ukmo_seamless,1.3
2026-06-28,2026-06-29,Omoro,meteofrance_seamless,0.0
2026-06-28,2026-06-30,Omoro,meteofrance_seamless,0.0
2026-06-28,2026-07-01,Omoro,meteofrance_seamless,9.9
2026-06-28,2026-06-29,Omoro,jma_seamless,0.0
2026-06-28,2026-06-30,Omoro,jma_seamless,2.4
2026-06-28,2026-07-01,Omoro,jma_seamless,1.1
2026-06-28,2026-07-02,Omoro,jma_seamless,1.9
2026-06-28,2026-07-03,Omoro,jma_seamless,5.3
2026-06-28,2026-07-04,Omoro,jma_seamless,0.6
2026-06-28,2026-06-29,Omoro,gem_seamless,0.0
2026-06-28,2026-06-30,Omoro,gem_seamless,2.7
2026-06-28,2026-07-01,Omoro,gem_seamless,7.5
2026-06-28,2026-07-02,Omoro,gem_seamless,0.6
2026-06-28,2026-07-03,Omoro,gem_seamless,0.2
2026-06-28,2026-07-04,Omoro,gem_seamless,4.8
2026-06-28,2026-06-29,Omoro,knmi_seamless,0.2
2026-06-28,2026-06-30,Omoro,knmi_seamless,0.3
2026-06-28,2026-07-01,Omoro,knmi_seamless,3.4
2026-06-28,2026-07-02,Omoro,knmi_seamless,2.9
2026-06-28,2026-07-03,Omoro,knmi_seamless,12.6
2026-06-28,2026-07-04,Omoro,knmi_seamless,1.6
2026-06-28,2026-06-29,Nwoya,ecmwf_ifs025,0.0
2026-06-28,2026-06-30,Nwoya,ecmwf_ifs025,0.6
2026-06-28,2026-07-01,Nwoya,ecmwf_ifs025,2.1
2026-06-28,2026-07-02,Nwoya,ecmwf_ifs025,10.5
2026-06-28,2026-07-03,Nwoya,ecmwf_ifs025,1.4
2026-06-28,2026-07-04,Nwoya,ecmwf_ifs025,0.4
2026-06-28,2026-06-29,Nwoya,ecmwf_aifs025_single,0.1
2026-06-28,2026-06-30,Nwoya,ecmwf_aifs025_single,0.4
2026-06-28,2026-07-01,Nwoya,ecmwf_aifs025_single,3.8
2026-06-28,2026-07-02,Nwoya,ecmwf_aifs025_single,6.6
2026-06-28,2026-07-03,Nwoya,ecmwf_aifs025_single,2.0
2026-06-28,2026-07-04,Nwoya,ecmwf_aifs025_single,0.6
2026-06-28,2026-06-29,Nwoya,gfs_seamless,0.0
2026-06-28,2026-06-30,Nwoya,gfs_seamless,0.6
2026-06-28,2026-07-01,Nwoya,gfs_seamless,2.1
2026-06-28,2026-07-02,Nwoya,gfs_seamless,4.7
2026-06-28,2026-07-03,Nwoya,gfs_seamless,2.4
2026-06-28,2026-07-04,Nwoya,gfs_seamless,0.3
2026-06-28,2026-06-29,Nwoya,icon_seamless,0.0
2026-06-28,2026-06-30,Nwoya,icon_seamless,8.2
2026-06-28,2026-07-01,Nwoya,icon_seamless,1.5
2026-06-28,2026-07-02,Nwoya,icon_seamless,2.9
2026-06-28,2026-07-03,Nwoya,icon_seamless,0.0
2026-06-28,2026-07-04,Nwoya,icon_seamless,8.1
2026-06-28,2026-06-29,Nwoya,ukmo_seamless,0.4
2026-06-28,2026-06-30,Nwoya,ukmo_seamless,0.0
2026-06-28,2026-07-01,Nwoya,ukmo_seamless,0.6
2026-06-28,2026-07-02,Nwoya,ukmo_seamless,3.6
2026-06-28,2026-07-03,Nwoya,ukmo_seamless,3.9
2026-06-28,2026-07-04,Nwoya,ukmo_seamless,4.8
2026-06-28,2026-06-29,Nwoya,meteofrance_seamless,0.0
2026-06-28,2026-06-30,Nwoya,meteofrance_seamless,1.1
2026-06-28,2026-07-01,Nwoya,meteofrance_seamless,12.0
2026-06-28,2026-06-29,Nwoya,jma_seamless,0.0
2026-06-28,2026-06-30,Nwoya,jma_seamless,1.6
2026-06-28,2026-07-01,Nwoya,jma_seamless,4.5
2026-06-28,2026-07-02,Nwoya,jma_seamless,1.8
2026-06-28,2026-07-03,Nwoya,jma_seamless,14.8
2026-06-28,2026-07-04,Nwoya,jma_seamless,1.6
2026-06-28,2026-06-29,Nwoya,gem_seamless,0.3
2026-06-28,2026-06-30,Nwoya,gem_seamless,1.4
2026-06-28,2026-07-01,Nwoya,gem_seamless,0.2
2026-06-28,2026-07-02,Nwoya,gem_seamless,1.9
2026-06-28,2026-07-03,Nwoya,gem_seamless,0.0
2026-06-28,2026-07-04,Nwoya,gem_seamless,8.4
2026-06-28,2026-06-29,Nwoya,knmi_seamless,0.0
2026-06-28,2026-06-30,Nwoya,knmi_seamless,0.3
2026-06-28,2026-07-01,Nwoya,knmi_seamless,3.9
2026-06-28,2026-07-02,Nwoya,knmi_seamless,3.3
2026-06-28,2026-07-03,Nwoya,knmi_seamless,0.5
2026-06-28,2026-07-04,Nwoya,knmi_seamless,1.8
2026-06-28,2026-06-29,Amuru,ecmwf_ifs025,0.2
2026-06-28,2026-06-30,Amuru,ecmwf_ifs025,0.6
2026-06-28,2026-07-01,Amuru,ecmwf_ifs025,1.5
2026-06-28,2026-07-02,Amuru,ecmwf_ifs025,7.7
2026-06-28,2026-07-03,Amuru,ecmwf_ifs025,2.2
2026-06-28,2026-07-04,Amuru,ecmwf_ifs025,0.6
2026-06-28,2026-06-29,Amuru,ecmwf_aifs025_single,0.1
2026-06-28,2026-06-30,Amuru,ecmwf_aifs025_single,0.5
2026-06-28,2026-07-01,Amuru,ecmwf_aifs025_single,4.5
2026-06-28,2026-07-02,Amuru,ecmwf_aifs025_single,6.4
2026-06-28,2026-07-03,Amuru,ecmwf_aifs025_single,2.4
2026-06-28,2026-07-04,Amuru,ecmwf_aifs025_single,0.7
2026-06-28,2026-06-29,Amuru,gfs_seamless,0.3
2026-06-28,2026-06-30,Amuru,gfs_seamless,0.5
2026-06-28,2026-07-01,Amuru,gfs_seamless,6.9
2026-06-28,2026-07-02,Amuru,gfs_seamless,0.7
2026-06-28,2026-07-03,Amuru,gfs_seamless,4.6
2026-06-28,2026-07-04,Amuru,gfs_seamless,1.0
2026-06-28,2026-06-29,Amuru,icon_seamless,0.1
2026-06-28,2026-06-30,Amuru,icon_seamless,12.5
2026-06-28,2026-07-01,Amuru,icon_seamless,1.2
2026-06-28,2026-07-02,Amuru,icon_seamless,10.5
2026-06-28,2026-07-03,Amuru,icon_seamless,0.0
2026-06-28,2026-07-04,Amuru,icon_seamless,4.8
2026-06-28,2026-06-29,Amuru,ukmo_seamless,1.8
2026-06-28,2026-06-30,Amuru,ukmo_seamless,0.0
2026-06-28,2026-07-01,Amuru,ukmo_seamless,0.0
2026-06-28,2026-07-02,Amuru,ukmo_seamless,2.7
2026-06-28,2026-07-03,Amuru,ukmo_seamless,1.8
2026-06-28,2026-07-04,Amuru,ukmo_seamless,3.6
2026-06-28,2026-06-29,Amuru,meteofrance_seamless,2.2
2026-06-28,2026-06-30,Amuru,meteofrance_seamless,2.3
2026-06-28,2026-07-01,Amuru,meteofrance_seamless,21.6
2026-06-28,2026-06-29,Amuru,jma_seamless,0.0
2026-06-28,2026-06-30,Amuru,jma_seamless,5.9
2026-06-28,2026-07-01,Amuru,jma_seamless,11.1
2026-06-28,2026-07-02,Amuru,jma_seamless,4.1
2026-06-28,2026-07-03,Amuru,jma_seamless,10.1
2026-06-28,2026-07-04,Amuru,jma_seamless,1.3
2026-06-28,2026-06-29,Amuru,gem_seamless,2.2
2026-06-28,2026-06-30,Amuru,gem_seamless,12.3
2026-06-28,2026-07-01,Amuru,gem_seamless,3.9
2026-06-28,2026-07-02,Amuru,gem_seamless,6.3
2026-06-28,2026-07-03,Amuru,gem_seamless,5.1
2026-06-28,2026-07-04,Amuru,gem_seamless,10.7
2026-06-28,2026-06-29,Amuru,knmi_seamless,0.2
2026-06-28,2026-06-30,Amuru,knmi_seamless,0.4
2026-06-28,2026-07-01,Amuru,knmi_seamless,2.1
2026-06-28,2026-07-02,Amuru,knmi_seamless,6.7
2026-06-28,2026-07-03,Amuru,knmi_seamless,2.4
2026-06-28,2026-07-04,Amuru,knmi_seamless,0.6
2026-06-28,2026-06-29,Lamwo,ecmwf_ifs025,0.2
2026-06-28,2026-06-30,Lamwo,ecmwf_ifs025,0.2
2026-06-28,2026-07-01,Lamwo,ecmwf_ifs025,4.4
2026-06-28,2026-07-02,Lamwo,ecmwf_ifs025,7.5
2026-06-28,2026-07-03,Lamwo,ecmwf_ifs025,10.3
2026-06-28,2026-07-04,Lamwo,ecmwf_ifs025,1.4
2026-06-28,2026-06-29,Lamwo,ecmwf_aifs025_single,0.7
2026-06-28,2026-06-30,Lamwo,ecmwf_aifs025_single,0.9
2026-06-28,2026-07-01,Lamwo,ecmwf_aifs025_single,3.1
2026-06-28,2026-07-02,Lamwo,ecmwf_aifs025_single,5.4
2026-06-28,2026-07-03,Lamwo,ecmwf_aifs025_single,4.4
2026-06-28,2026-07-04,Lamwo,ecmwf_aifs025_single,1.3
2026-06-28,2026-06-29,Lamwo,gfs_seamless,0.8
2026-06-28,2026-06-30,Lamwo,gfs_seamless,0.0
2026-06-28,2026-07-01,Lamwo,gfs_seamless,0.5
2026-06-28,2026-07-02,Lamwo,gfs_seamless,5.5
2026-06-28,2026-07-03,Lamwo,gfs_seamless,3.0
2026-06-28,2026-07-04,Lamwo,gfs_seamless,0.4
2026-06-28,2026-06-29,Lamwo,icon_seamless,0.2
2026-06-28,2026-06-30,Lamwo,icon_seamless,1.3
2026-06-28,2026-07-01,Lamwo,icon_seamless,10.7
2026-06-28,2026-07-02,Lamwo,icon_seamless,19.9
2026-06-28,2026-07-03,Lamwo,icon_seamless,0.6
2026-06-28,2026-07-04,Lamwo,icon_seamless,2.4
2026-06-28,2026-06-29,Lamwo,ukmo_seamless,0.8
2026-06-28,2026-06-30,Lamwo,ukmo_seamless,0.0
2026-06-28,2026-07-01,Lamwo,ukmo_seamless,0.3
2026-06-28,2026-07-02,Lamwo,ukmo_seamless,0.6
2026-06-28,2026-07-03,Lamwo,ukmo_seamless,2.4
2026-06-28,2026-07-04,Lamwo,ukmo_seamless,5.6
2026-06-28,2026-06-29,Lamwo,meteofrance_seamless,0.3
2026-06-28,2026-06-30,Lamwo,meteofrance_seamless,2.9
2026-06-28,2026-07-01,Lamwo,meteofrance_seamless,9.3
2026-06-28,2026-06-29,Lamwo,jma_seamless,0.0
2026-06-28,2026-06-30,Lamwo,jma_seamless,3.1
2026-06-28,2026-07-01,Lamwo,jma_seamless,14.8
2026-06-28,2026-07-02,Lamwo,jma_seamless,5.1
2026-06-28,2026-07-03,Lamwo,jma_seamless,6.3
2026-06-28,2026-07-04,Lamwo,jma_seamless,1.2
2026-06-28,2026-06-29,Lamwo,gem_seamless,0.0
2026-06-28,2026-06-30,Lamwo,gem_seamless,1.7
2026-06-28,2026-07-01,Lamwo,gem_seamless,14.7
2026-06-28,2026-07-02,Lamwo,gem_seamless,0.3
2026-06-28,2026-07-03,Lamwo,gem_seamless,1.8
2026-06-28,2026-07-04,Lamwo,gem_seamless,3.9
2026-06-28,2026-06-29,Lamwo,knmi_seamless,0.3
2026-06-28,2026-06-30,Lamwo,knmi_seamless,0.6
2026-06-28,2026-07-01,Lamwo,knmi_seamless,4.7
2026-06-28,2026-07-02,Lamwo,knmi_seamless,7.7
2026-06-28,2026-07-03,Lamwo,knmi_seamless,12.8
2026-06-28,2026-07-04,Lamwo,knmi_seamless,0.8
2026-06-28,2026-06-29,Amolatar,ecmwf_ifs025,0.0
2026-06-28,2026-06-30,Amolatar,ecmwf_ifs025,0.0
2026-06-28,2026-07-01,Amolatar,ecmwf_ifs025,0.8
2026-06-28,2026-07-02,Amolatar,ecmwf_ifs025,8.5
2026-06-28,2026-07-03,Amolatar,ecmwf_ifs025,3.6
2026-06-28,2026-07-04,Amolatar,ecmwf_ifs025,0.4
2026-06-28,2026-06-29,Amolatar,ecmwf_aifs025_single,0.0
2026-06-28,2026-06-30,Amolatar,ecmwf_aifs025_single,0.3
2026-06-28,2026-07-01,Amolatar,ecmwf_aifs025_single,1.8
2026-06-28,2026-07-02,Amolatar,ecmwf_aifs025_single,5.8
2026-06-28,2026-07-03,Amolatar,ecmwf_aifs025_single,1.7
2026-06-28,2026-07-04,Amolatar,ecmwf_aifs025_single,0.4
2026-06-28,2026-06-29,Amolatar,gfs_seamless,0.0
2026-06-28,2026-06-30,Amolatar,gfs_seamless,0.4
2026-06-28,2026-07-01,Amolatar,gfs_seamless,0.0
2026-06-28,2026-07-02,Amolatar,gfs_seamless,0.2
2026-06-28,2026-07-03,Amolatar,gfs_seamless,0.5
2026-06-28,2026-07-04,Amolatar,gfs_seamless,0.1
2026-06-28,2026-06-29,Amolatar,icon_seamless,0.0
2026-06-28,2026-06-30,Amolatar,icon_seamless,0.4
2026-06-28,2026-07-01,Amolatar,icon_seamless,0.1
2026-06-28,2026-07-02,Amolatar,icon_seamless,0.3
2026-06-28,2026-07-03,Amolatar,icon_seamless,0.0
2026-06-28,2026-07-04,Amolatar,icon_seamless,6.8
2026-06-28,2026-06-29,Amolatar,ukmo_seamless,0.1
2026-06-28,2026-06-30,Amolatar,ukmo_seamless,1.1
2026-06-28,2026-07-01,Amolatar,ukmo_seamless,2.1
2026-06-28,2026-07-02,Amolatar,ukmo_seamless,0.0
2026-06-28,2026-07-03,Amolatar,ukmo_seamless,0.0
2026-06-28,2026-07-04,Amolatar,ukmo_seamless,0.0
2026-06-28,2026-06-29,Amolatar,meteofrance_seamless,0.0
2026-06-28,2026-06-30,Amolatar,meteofrance_seamless,0.0
2026-06-28,2026-07-01,Amolatar,meteofrance_seamless,0.2
2026-06-28,2026-06-29,Amolatar,jma_seamless,0.0
2026-06-28,2026-06-30,Amolatar,jma_seamless,0.0
2026-06-28,2026-07-01,Amolatar,jma_seamless,0.4
2026-06-28,2026-07-02,Amolatar,jma_seamless,0.4
2026-06-28,2026-07-03,Amolatar,jma_seamless,0.1
2026-06-28,2026-07-04,Amolatar,jma_seamless,0.0
2026-06-28,2026-06-29,Amolatar,gem_seamless,0.0
2026-06-28,2026-06-30,Amolatar,gem_seamless,0.0
2026-06-28,2026-07-01,Amolatar,gem_seamless,1.1
2026-06-28,2026-07-02,Amolatar,gem_seamless,1.6
2026-06-28,2026-07-03,Amolatar,gem_seamless,0.0
2026-06-28,2026-07-04,Amolatar,gem_seamless,0.0
2026-06-28,2026-06-29,Amolatar,knmi_seamless,0.0
2026-06-28,2026-06-30,Amolatar,knmi_seamless,0.1
2026-06-28,2026-07-01,Amolatar,knmi_seamless,0.4
2026-06-28,2026-07-02,Amolatar,knmi_seamless,5.4
2026-06-28,2026-07-03,Amolatar,knmi_seamless,0.0
2026-06-28,2026-07-04,Amolatar,knmi_seamless,2.2
2026-06-28,2026-06-29,Kalaki,ecmwf_ifs025,0.0
2026-06-28,2026-06-30,Kalaki,ecmwf_ifs025,1.0
2026-06-28,2026-07-01,Kalaki,ecmwf_ifs025,0.5
2026-06-28,2026-07-02,Kalaki,ecmwf_ifs025,2.3
2026-06-28,2026-07-03,Kalaki,ecmwf_ifs025,8.9
2026-06-28,2026-07-04,Kalaki,ecmwf_ifs025,0.8
2026-06-28,2026-06-29,Kalaki,ecmwf_aifs025_single,0.0
2026-06-28,2026-06-30,Kalaki,ecmwf_aifs025_single,0.4
2026-06-28,2026-07-01,Kalaki,ecmwf_aifs025_single,2.1
2026-06-28,2026-07-02,Kalaki,ecmwf_aifs025_single,6.0
2026-06-28,2026-07-03,Kalaki,ecmwf_aifs025_single,3.6
2026-06-28,2026-07-04,Kalaki,ecmwf_aifs025_single,1.0
2026-06-28,2026-06-29,Kalaki,gfs_seamless,0.4
2026-06-28,2026-06-30,Kalaki,gfs_seamless,0.9
2026-06-28,2026-07-01,Kalaki,gfs_seamless,2.6
2026-06-28,2026-07-02,Kalaki,gfs_seamless,5.5
2026-06-28,2026-07-03,Kalaki,gfs_seamless,0.4
2026-06-28,2026-07-04,Kalaki,gfs_seamless,1.5
2026-06-28,2026-06-29,Kalaki,icon_seamless,0.0
2026-06-28,2026-06-30,Kalaki,icon_seamless,0.3
2026-06-28,2026-07-01,Kalaki,icon_seamless,0.2
2026-06-28,2026-07-02,Kalaki,icon_seamless,2.3
2026-06-28,2026-07-03,Kalaki,icon_seamless,0.4
2026-06-28,2026-07-04,Kalaki,icon_seamless,1.0
2026-06-28,2026-06-29,Kalaki,ukmo_seamless,0.2
2026-06-28,2026-06-30,Kalaki,ukmo_seamless,0.2
2026-06-28,2026-07-01,Kalaki,ukmo_seamless,0.0
2026-06-28,2026-07-02,Kalaki,ukmo_seamless,0.0
2026-06-28,2026-07-03,Kalaki,ukmo_seamless,0.6
2026-06-28,2026-07-04,Kalaki,ukmo_seamless,1.8
2026-06-28,2026-06-29,Kalaki,meteofrance_seamless,0.1
2026-06-28,2026-06-30,Kalaki,meteofrance_seamless,0.4
2026-06-28,2026-07-01,Kalaki,meteofrance_seamless,2.4
2026-06-28,2026-06-29,Kalaki,jma_seamless,0.0
2026-06-28,2026-06-30,Kalaki,jma_seamless,0.0
2026-06-28,2026-07-01,Kalaki,jma_seamless,3.4
2026-06-28,2026-07-02,Kalaki,jma_seamless,1.3
2026-06-28,2026-07-03,Kalaki,jma_seamless,0.5
2026-06-28,2026-07-04,Kalaki,jma_seamless,0.0
2026-06-28,2026-06-29,Kalaki,gem_seamless,0.0
2026-06-28,2026-06-30,Kalaki,gem_seamless,4.6
2026-06-28,2026-07-01,Kalaki,gem_seamless,6.6
2026-06-28,2026-07-02,Kalaki,gem_seamless,10.6
2026-06-28,2026-07-03,Kalaki,gem_seamless,14.3
2026-06-28,2026-07-04,Kalaki,gem_seamless,3.7
2026-06-28,2026-06-29,Kalaki,knmi_seamless,0.0
2026-06-28,2026-06-30,Kalaki,knmi_seamless,0.3
2026-06-28,2026-07-01,Kalaki,knmi_seamless,3.4
2026-06-28,2026-07-02,Kalaki,knmi_seamless,7.5
2026-06-28,2026-07-03,Kalaki,knmi_seamless,3.1
2026-06-28,2026-07-04,Kalaki,knmi_seamless,4.6
2026-06-28,2026-06-29,Amuria,ecmwf_ifs025,0.0
2026-06-28,2026-06-30,Amuria,ecmwf_ifs025,1.0
2026-06-28,2026-07-01,Amuria,ecmwf_ifs025,0.5
2026-06-28,2026-07-02,Amuria,ecmwf_ifs025,2.3
2026-06-28,2026-07-03,Amuria,ecmwf_ifs025,8.9
2026-06-28,2026-07-04,Amuria,ecmwf_ifs025,0.8
2026-06-28,2026-06-29,Amuria,ecmwf_aifs025_single,0.0
2026-06-28,2026-06-30,Amuria,ecmwf_aifs025_single,0.4
2026-06-28,2026-07-01,Amuria,ecmwf_aifs025_single,2.1
2026-06-28,2026-07-02,Amuria,ecmwf_aifs025_single,6.0
2026-06-28,2026-07-03,Amuria,ecmwf_aifs025_single,3.6
2026-06-28,2026-07-04,Amuria,ecmwf_aifs025_single,1.0
2026-06-28,2026-06-29,Amuria,gfs_seamless,0.2
2026-06-28,2026-06-30,Amuria,gfs_seamless,0.3
2026-06-28,2026-07-01,Amuria,gfs_seamless,5.8
2026-06-28,2026-07-02,Amuria,gfs_seamless,3.1
2026-06-28,2026-07-03,Amuria,gfs_seamless,0.6
2026-06-28,2026-07-04,Amuria,gfs_seamless,2.7
2026-06-28,2026-06-29,Amuria,icon_seamless,0.0
2026-06-28,2026-06-30,Amuria,icon_seamless,0.1
2026-06-28,2026-07-01,Amuria,icon_seamless,8.7
2026-06-28,2026-07-02,Amuria,icon_seamless,21.4
2026-06-28,2026-07-03,Amuria,icon_seamless,0.3
2026-06-28,2026-07-04,Amuria,icon_seamless,0.2
2026-06-28,2026-06-29,Amuria,ukmo_seamless,0.1
2026-06-28,2026-06-30,Amuria,ukmo_seamless,0.0
2026-06-28,2026-07-01,Amuria,ukmo_seamless,0.0
2026-06-28,2026-07-02,Amuria,ukmo_seamless,0.9
2026-06-28,2026-07-03,Amuria,ukmo_seamless,0.6
2026-06-28,2026-07-04,Amuria,ukmo_seamless,0.8
2026-06-28,2026-06-29,Amuria,meteofrance_seamless,0.1
2026-06-28,2026-06-30,Amuria,meteofrance_seamless,0.4
2026-06-28,2026-07-01,Amuria,meteofrance_seamless,2.4
2026-06-28,2026-06-29,Amuria,jma_seamless,0.0
2026-06-28,2026-06-30,Amuria,jma_seamless,0.0
2026-06-28,2026-07-01,Amuria,jma_seamless,3.4
2026-06-28,2026-07-02,Amuria,jma_seamless,1.3
2026-06-28,2026-07-03,Amuria,jma_seamless,0.5
2026-06-28,2026-07-04,Amuria,jma_seamless,0.0
2026-06-28,2026-06-29,Amuria,gem_seamless,0.0
2026-06-28,2026-06-30,Amuria,gem_seamless,5.9
2026-06-28,2026-07-01,Amuria,gem_seamless,7.9
2026-06-28,2026-07-02,Amuria,gem_seamless,6.4
2026-06-28,2026-07-03,Amuria,gem_seamless,8.6
2026-06-28,2026-07-04,Amuria,gem_seamless,2.9
2026-06-28,2026-06-29,Amuria,knmi_seamless,0.2
2026-06-28,2026-06-30,Amuria,knmi_seamless,1.5
2026-06-28,2026-07-01,Amuria,knmi_seamless,4.6
2026-06-28,2026-07-02,Amuria,knmi_seamless,8.8
2026-06-28,2026-07-03,Amuria,knmi_seamless,5.4
2026-06-28,2026-07-04,Amuria,knmi_seamless,3.4
2026-06-28,2026-06-29,Kaberamaido,ecmwf_ifs025,0.0
2026-06-28,2026-06-30,Kaberamaido,ecmwf_ifs025,0.1
2026-06-28,2026-07-01,Kaberamaido,ecmwf_ifs025,0.0
2026-06-28,2026-07-02,Kaberamaido,ecmwf_ifs025,9.7
2026-06-28,2026-07-03,Kaberamaido,ecmwf_ifs025,5.9
2026-06-28,2026-07-04,Kaberamaido,ecmwf_ifs025,0.4
2026-06-28,2026-06-29,Kaberamaido,ecmwf_aifs025_single,0.1
2026-06-28,2026-06-30,Kaberamaido,ecmwf_aifs025_single,0.4
2026-06-28,2026-07-01,Kaberamaido,ecmwf_aifs025_single,2.0
2026-06-28,2026-07-02,Kaberamaido,ecmwf_aifs025_single,6.2
2026-06-28,2026-07-03,Kaberamaido,ecmwf_aifs025_single,2.0
2026-06-28,2026-07-04,Kaberamaido,ecmwf_aifs025_single,0.6
2026-06-28,2026-06-29,Kaberamaido,gfs_seamless,0.0
2026-06-28,2026-06-30,Kaberamaido,gfs_seamless,0.2
2026-06-28,2026-07-01,Kaberamaido,gfs_seamless,0.4
2026-06-28,2026-07-02,Kaberamaido,gfs_seamless,0.7
2026-06-28,2026-07-03,Kaberamaido,gfs_seamless,0.6
2026-06-28,2026-07-04,Kaberamaido,gfs_seamless,0.2
2026-06-28,2026-06-29,Kaberamaido,icon_seamless,0.0
2026-06-28,2026-06-30,Kaberamaido,icon_seamless,0.5
2026-06-28,2026-07-01,Kaberamaido,icon_seamless,0.2
2026-06-28,2026-07-02,Kaberamaido,icon_seamless,0.7
2026-06-28,2026-07-03,Kaberamaido,icon_seamless,0.0
2026-06-28,2026-07-04,Kaberamaido,icon_seamless,3.0
2026-06-28,2026-06-29,Kaberamaido,ukmo_seamless,0.3
2026-06-28,2026-06-30,Kaberamaido,ukmo_seamless,0.9
2026-06-28,2026-07-01,Kaberamaido,ukmo_seamless,0.0
2026-06-28,2026-07-02,Kaberamaido,ukmo_seamless,0.3
2026-06-28,2026-07-03,Kaberamaido,ukmo_seamless,0.6
2026-06-28,2026-07-04,Kaberamaido,ukmo_seamless,1.8
2026-06-28,2026-06-29,Kaberamaido,meteofrance_seamless,0.0
2026-06-28,2026-06-30,Kaberamaido,meteofrance_seamless,0.0
2026-06-28,2026-07-01,Kaberamaido,meteofrance_seamless,1.5
2026-06-28,2026-06-29,Kaberamaido,jma_seamless,0.0
2026-06-28,2026-06-30,Kaberamaido,jma_seamless,0.0
2026-06-28,2026-07-01,Kaberamaido,jma_seamless,0.4
2026-06-28,2026-07-02,Kaberamaido,jma_seamless,0.4
2026-06-28,2026-07-03,Kaberamaido,jma_seamless,0.1
2026-06-28,2026-07-04,Kaberamaido,jma_seamless,0.0
2026-06-28,2026-06-29,Kaberamaido,gem_seamless,0.0
2026-06-28,2026-06-30,Kaberamaido,gem_seamless,0.7
2026-06-28,2026-07-01,Kaberamaido,gem_seamless,2.5
2026-06-28,2026-07-02,Kaberamaido,gem_seamless,3.5
2026-06-28,2026-07-03,Kaberamaido,gem_seamless,0.4
2026-06-28,2026-07-04,Kaberamaido,gem_seamless,0.5
2026-06-28,2026-06-29,Kaberamaido,knmi_seamless,0.0
2026-06-28,2026-06-30,Kaberamaido,knmi_seamless,0.0
2026-06-28,2026-07-01,Kaberamaido,knmi_seamless,0.4
2026-06-28,2026-07-02,Kaberamaido,knmi_seamless,10.2
2026-06-28,2026-07-03,Kaberamaido,knmi_seamless,4.3
2026-06-28,2026-07-04,Kaberamaido,knmi_seamless,1.4
2026-06-28,2026-06-29,Kagadi,ecmwf_ifs025,0.3
2026-06-28,2026-06-30,Kagadi,ecmwf_ifs025,0.0
2026-06-28,2026-07-01,Kagadi,ecmwf_ifs025,3.4
2026-06-28,2026-07-02,Kagadi,ecmwf_ifs025,5.4
2026-06-28,2026-07-03,Kagadi,ecmwf_ifs025,2.7
2026-06-28,2026-07-04,Kagadi,ecmwf_ifs025,2.0
2026-06-28,2026-06-29,Kagadi,ecmwf_aifs025_single,0.0
2026-06-28,2026-06-30,Kagadi,ecmwf_aifs025_single,0.1
2026-06-28,2026-07-01,Kagadi,ecmwf_aifs025_single,1.6
2026-06-28,2026-07-02,Kagadi,ecmwf_aifs025_single,3.4
2026-06-28,2026-07-03,Kagadi,ecmwf_aifs025_single,1.2
2026-06-28,2026-07-04,Kagadi,ecmwf_aifs025_single,0.7
2026-06-28,2026-06-29,Kagadi,gfs_seamless,0.3
2026-06-28,2026-06-30,Kagadi,gfs_seamless,1.0
2026-06-28,2026-07-01,Kagadi,gfs_seamless,0.0
2026-06-28,2026-07-02,Kagadi,gfs_seamless,0.4
2026-06-28,2026-07-03,Kagadi,gfs_seamless,0.0
2026-06-28,2026-07-04,Kagadi,gfs_seamless,0.3
2026-06-28,2026-06-29,Kagadi,icon_seamless,0.0
2026-06-28,2026-06-30,Kagadi,icon_seamless,0.2
2026-06-28,2026-07-01,Kagadi,icon_seamless,0.0
2026-06-28,2026-07-02,Kagadi,icon_seamless,4.5
2026-06-28,2026-07-03,Kagadi,icon_seamless,1.9
2026-06-28,2026-07-04,Kagadi,icon_seamless,5.5
2026-06-28,2026-06-29,Kagadi,ukmo_seamless,0.2
2026-06-28,2026-06-30,Kagadi,ukmo_seamless,0.2
2026-06-28,2026-07-01,Kagadi,ukmo_seamless,0.6
2026-06-28,2026-07-02,Kagadi,ukmo_seamless,0.0
2026-06-28,2026-07-03,Kagadi,ukmo_seamless,0.8
2026-06-28,2026-07-04,Kagadi,ukmo_seamless,0.1
2026-06-28,2026-06-29,Kagadi,meteofrance_seamless,0.0
2026-06-28,2026-06-30,Kagadi,meteofrance_seamless,0.0
2026-06-28,2026-07-01,Kagadi,meteofrance_seamless,0.0
2026-06-28,2026-06-29,Kagadi,jma_seamless,0.0
2026-06-28,2026-06-30,Kagadi,jma_seamless,0.0
2026-06-28,2026-07-01,Kagadi,jma_seamless,0.0
2026-06-28,2026-07-02,Kagadi,jma_seamless,0.0
2026-06-28,2026-07-03,Kagadi,jma_seamless,0.1
2026-06-28,2026-07-04,Kagadi,jma_seamless,0.0
2026-06-28,2026-06-29,Kagadi,gem_seamless,0.0
2026-06-28,2026-06-30,Kagadi,gem_seamless,0.0
2026-06-28,2026-07-01,Kagadi,gem_seamless,0.3
2026-06-28,2026-07-02,Kagadi,gem_seamless,1.5
2026-06-28,2026-07-03,Kagadi,gem_seamless,1.5
2026-06-28,2026-07-04,Kagadi,gem_seamless,0.0
2026-06-28,2026-06-29,Kagadi,knmi_seamless,0.5
2026-06-28,2026-06-30,Kagadi,knmi_seamless,0.0
2026-06-28,2026-07-01,Kagadi,knmi_seamless,2.1
2026-06-28,2026-07-02,Kagadi,knmi_seamless,4.2
2026-06-28,2026-07-03,Kagadi,knmi_seamless,2.7
2026-06-28,2026-07-04,Kagadi,knmi_seamless,1.2
2026-06-28,2026-06-29,Dokolo,ecmwf_ifs025,0.0
2026-06-28,2026-06-30,Dokolo,ecmwf_ifs025,0.0
2026-06-28,2026-07-01,Dokolo,ecmwf_ifs025,0.5
2026-06-28,2026-07-02,Dokolo,ecmwf_ifs025,5.5
2026-06-28,2026-07-03,Dokolo,ecmwf_ifs025,6.9
2026-06-28,2026-07-04,Dokolo,ecmwf_ifs025,0.4
2026-06-28,2026-06-29,Dokolo,ecmwf_aifs025_single,0.1
2026-06-28,2026-06-30,Dokolo,ecmwf_aifs025_single,0.4
2026-06-28,2026-07-01,Dokolo,ecmwf_aifs025_single,2.2
2026-06-28,2026-07-02,Dokolo,ecmwf_aifs025_single,6.8
2026-06-28,2026-07-03,Dokolo,ecmwf_aifs025_single,2.3
2026-06-28,2026-07-04,Dokolo,ecmwf_aifs025_single,0.5
2026-06-28,2026-06-29,Dokolo,gfs_seamless,0.0
2026-06-28,2026-06-30,Dokolo,gfs_seamless,0.0
2026-06-28,2026-07-01,Dokolo,gfs_seamless,1.9
2026-06-28,2026-07-02,Dokolo,gfs_seamless,0.4
2026-06-28,2026-07-03,Dokolo,gfs_seamless,1.9
2026-06-28,2026-07-04,Dokolo,gfs_seamless,1.3
2026-06-28,2026-06-29,Dokolo,icon_seamless,0.0
2026-06-28,2026-06-30,Dokolo,icon_seamless,0.2
2026-06-28,2026-07-01,Dokolo,icon_seamless,0.0
2026-06-28,2026-07-02,Dokolo,icon_seamless,2.4
2026-06-28,2026-07-03,Dokolo,icon_seamless,1.2
2026-06-28,2026-07-04,Dokolo,icon_seamless,1.2
2026-06-28,2026-06-29,Dokolo,ukmo_seamless,0.3
2026-06-28,2026-06-30,Dokolo,ukmo_seamless,0.3
2026-06-28,2026-07-01,Dokolo,ukmo_seamless,0.0
2026-06-28,2026-07-02,Dokolo,ukmo_seamless,0.0
2026-06-28,2026-07-03,Dokolo,ukmo_seamless,0.3
2026-06-28,2026-07-04,Dokolo,ukmo_seamless,0.0
2026-06-28,2026-06-29,Dokolo,meteofrance_seamless,0.0
2026-06-28,2026-06-30,Dokolo,meteofrance_seamless,0.0
2026-06-28,2026-07-01,Dokolo,meteofrance_seamless,0.8
2026-06-28,2026-06-29,Dokolo,jma_seamless,0.0
2026-06-28,2026-06-30,Dokolo,jma_seamless,0.0
2026-06-28,2026-07-01,Dokolo,jma_seamless,0.8
2026-06-28,2026-07-02,Dokolo,jma_seamless,1.0
2026-06-28,2026-07-03,Dokolo,jma_seamless,0.8
2026-06-28,2026-07-04,Dokolo,jma_seamless,0.1
2026-06-28,2026-06-29,Dokolo,gem_seamless,0.0
2026-06-28,2026-06-30,Dokolo,gem_seamless,0.0
2026-06-28,2026-07-01,Dokolo,gem_seamless,2.9
2026-06-28,2026-07-02,Dokolo,gem_seamless,3.0
2026-06-28,2026-07-03,Dokolo,gem_seamless,0.1
2026-06-28,2026-07-04,Dokolo,gem_seamless,0.9
2026-06-28,2026-06-29,Dokolo,knmi_seamless,0.0
2026-06-28,2026-06-30,Dokolo,knmi_seamless,0.0
2026-06-28,2026-07-01,Dokolo,knmi_seamless,2.8
2026-06-28,2026-07-02,Dokolo,knmi_seamless,7.8
2026-06-28,2026-07-03,Dokolo,knmi_seamless,3.7
2026-06-28,2026-07-04,Dokolo,knmi_seamless,1.6
2026-06-28,2026-06-29,Kwania,ecmwf_ifs025,0.0
2026-06-28,2026-06-30,Kwania,ecmwf_ifs025,0.0
2026-06-28,2026-07-01,Kwania,ecmwf_ifs025,0.7
2026-06-28,2026-07-02,Kwania,ecmwf_ifs025,8.0
2026-06-28,2026-07-03,Kwania,ecmwf_ifs025,2.4
2026-06-28,2026-07-04,Kwania,ecmwf_ifs025,0.0
2026-06-28,2026-06-29,Kwania,ecmwf_aifs025_single,0.0
2026-06-28,2026-06-30,Kwania,ecmwf_aifs025_single,0.4
2026-06-28,2026-07-01,Kwania,ecmwf_aifs025_single,2.1
2026-06-28,2026-07-02,Kwania,ecmwf_aifs025_single,6.5
2026-06-28,2026-07-03,Kwania,ecmwf_aifs025_single,1.8
2026-06-28,2026-07-04,Kwania,ecmwf_aifs025_single,0.4
2026-06-28,2026-06-29,Kwania,gfs_seamless,0.0
2026-06-28,2026-06-30,Kwania,gfs_seamless,0.0
2026-06-28,2026-07-01,Kwania,gfs_seamless,0.3
2026-06-28,2026-07-02,Kwania,gfs_seamless,0.9
2026-06-28,2026-07-03,Kwania,gfs_seamless,3.0
2026-06-28,2026-07-04,Kwania,gfs_seamless,4.0
2026-06-28,2026-06-29,Kwania,icon_seamless,0.0
2026-06-28,2026-06-30,Kwania,icon_seamless,0.1
2026-06-28,2026-07-01,Kwania,icon_seamless,0.0
2026-06-28,2026-07-02,Kwania,icon_seamless,0.3
2026-06-28,2026-07-03,Kwania,icon_seamless,0.6
2026-06-28,2026-07-04,Kwania,icon_seamless,1.0
2026-06-28,2026-06-29,Kwania,ukmo_seamless,0.3
2026-06-28,2026-06-30,Kwania,ukmo_seamless,0.4
2026-06-28,2026-07-01,Kwania,ukmo_seamless,0.0
2026-06-28,2026-07-02,Kwania,ukmo_seamless,0.6
2026-06-28,2026-07-03,Kwania,ukmo_seamless,0.0
2026-06-28,2026-07-04,Kwania,ukmo_seamless,0.0
2026-06-28,2026-06-29,Kwania,meteofrance_seamless,0.0
2026-06-28,2026-06-30,Kwania,meteofrance_seamless,0.0
2026-06-28,2026-07-01,Kwania,meteofrance_seamless,1.6
2026-06-28,2026-06-29,Kwania,jma_seamless,0.0
2026-06-28,2026-06-30,Kwania,jma_seamless,0.0
2026-06-28,2026-07-01,Kwania,jma_seamless,0.8
2026-06-28,2026-07-02,Kwania,jma_seamless,1.0
2026-06-28,2026-07-03,Kwania,jma_seamless,0.8
2026-06-28,2026-07-04,Kwania,jma_seamless,0.1
2026-06-28,2026-06-29,Kwania,gem_seamless,0.0
2026-06-28,2026-06-30,Kwania,gem_seamless,0.2
2026-06-28,2026-07-01,Kwania,gem_seamless,2.5
2026-06-28,2026-07-02,Kwania,gem_seamless,3.0
2026-06-28,2026-07-03,Kwania,gem_seamless,0.1
2026-06-28,2026-07-04,Kwania,gem_seamless,0.3
2026-06-28,2026-06-29,Kwania,knmi_seamless,0.0
2026-06-28,2026-06-30,Kwania,knmi_seamless,0.0
2026-06-28,2026-07-01,Kwania,knmi_seamless,1.2
2026-06-28,2026-07-02,Kwania,knmi_seamless,8.9
2026-06-28,2026-07-03,Kwania,knmi_seamless,1.8
2026-06-28,2026-07-04,Kwania,knmi_seamless,0.8
2026-06-28,2026-06-29,Kyenjojo,ecmwf_ifs025,0.0
2026-06-28,2026-06-30,Kyenjojo,ecmwf_ifs025,0.0
2026-06-28,2026-07-01,Kyenjojo,ecmwf_ifs025,1.4
2026-06-28,2026-07-02,Kyenjojo,ecmwf_ifs025,3.9
2026-06-28,2026-07-03,Kyenjojo,ecmwf_ifs025,2.1
2026-06-28,2026-07-04,Kyenjojo,ecmwf_ifs025,1.4
2026-06-28,2026-06-29,Kyenjojo,ecmwf_aifs025_single,0.0
2026-06-28,2026-06-30,Kyenjojo,ecmwf_aifs025_single,0.0
2026-06-28,2026-07-01,Kyenjojo,ecmwf_aifs025_single,1.0
2026-06-28,2026-07-02,Kyenjojo,ecmwf_aifs025_single,1.8
2026-06-28,2026-07-03,Kyenjojo,ecmwf_aifs025_single,0.7
2026-06-28,2026-07-04,Kyenjojo,ecmwf_aifs025_single,0.5
2026-06-28,2026-06-29,Kyenjojo,gfs_seamless,0.4
2026-06-28,2026-06-30,Kyenjojo,gfs_seamless,0.0
2026-06-28,2026-07-01,Kyenjojo,gfs_seamless,0.0
2026-06-28,2026-07-02,Kyenjojo,gfs_seamless,0.2
2026-06-28,2026-07-03,Kyenjojo,gfs_seamless,0.0
2026-06-28,2026-07-04,Kyenjojo,gfs_seamless,0.0
2026-06-28,2026-06-29,Kyenjojo,icon_seamless,0.0
2026-06-28,2026-06-30,Kyenjojo,icon_seamless,0.0
2026-06-28,2026-07-01,Kyenjojo,icon_seamless,0.0
2026-06-28,2026-07-02,Kyenjojo,icon_seamless,0.9
2026-06-28,2026-07-03,Kyenjojo,icon_seamless,2.3
2026-06-28,2026-07-04,Kyenjojo,icon_seamless,0.4
2026-06-28,2026-06-29,Kyenjojo,ukmo_seamless,0.1
2026-06-28,2026-06-30,Kyenjojo,ukmo_seamless,1.9
2026-06-28,2026-07-01,Kyenjojo,ukmo_seamless,0.2
2026-06-28,2026-07-02,Kyenjojo,ukmo_seamless,0.1
2026-06-28,2026-07-03,Kyenjojo,ukmo_seamless,0.3
2026-06-28,2026-07-04,Kyenjojo,ukmo_seamless,0.6
2026-06-28,2026-06-29,Kyenjojo,meteofrance_seamless,0.0
2026-06-28,2026-06-30,Kyenjojo,meteofrance_seamless,0.0
2026-06-28,2026-07-01,Kyenjojo,meteofrance_seamless,0.0
2026-06-28,2026-06-29,Kyenjojo,jma_seamless,0.0
2026-06-28,2026-06-30,Kyenjojo,jma_seamless,0.0
2026-06-28,2026-07-01,Kyenjojo,jma_seamless,0.0
2026-06-28,2026-07-02,Kyenjojo,jma_seamless,0.4
2026-06-28,2026-07-03,Kyenjojo,jma_seamless,0.6
2026-06-28,2026-07-04,Kyenjojo,jma_seamless,0.5
2026-06-28,2026-06-29,Kyenjojo,gem_seamless,0.0
2026-06-28,2026-06-30,Kyenjojo,gem_seamless,0.0
2026-06-28,2026-07-01,Kyenjojo,gem_seamless,1.9
2026-06-28,2026-07-02,Kyenjojo,gem_seamless,3.5
2026-06-28,2026-07-03,Kyenjojo,gem_seamless,0.9
2026-06-28,2026-07-04,Kyenjojo,gem_seamless,0.0
2026-06-28,2026-06-29,Kyenjojo,knmi_seamless,0.0
2026-06-28,2026-06-30,Kyenjojo,knmi_seamless,0.0
2026-06-28,2026-07-01,Kyenjojo,knmi_seamless,1.9
2026-06-28,2026-07-02,Kyenjojo,knmi_seamless,2.6
2026-06-28,2026-07-03,Kyenjojo,knmi_seamless,1.8
2026-06-28,2026-07-04,Kyenjojo,knmi_seamless,1.3
2026-06-29,2026-06-30,Agago,ecmwf_ifs025,0.5
2026-06-29,2026-07-01,Agago,ecmwf_ifs025,2.8
2026-06-29,2026-07-02,Agago,ecmwf_ifs025,6.0
2026-06-29,2026-07-03,Agago,ecmwf_ifs025,5.7
2026-06-29,2026-07-04,Agago,ecmwf_ifs025,2.5
2026-06-29,2026-07-05,Agago,ecmwf_ifs025,10.6
2026-06-29,2026-06-30,Agago,ecmwf_aifs025_single,0.4
2026-06-29,2026-07-01,Agago,ecmwf_aifs025_single,1.1
2026-06-29,2026-07-02,Agago,ecmwf_aifs025_single,4.9
2026-06-29,2026-07-03,Agago,ecmwf_aifs025_single,4.0
2026-06-29,2026-07-04,Agago,ecmwf_aifs025_single,0.9
2026-06-29,2026-07-05,Agago,ecmwf_aifs025_single,1.9
2026-06-29,2026-06-30,Agago,gfs_seamless,1.0
2026-06-29,2026-07-01,Agago,gfs_seamless,0.2
2026-06-29,2026-07-02,Agago,gfs_seamless,0.3
2026-06-29,2026-07-03,Agago,gfs_seamless,3.9
2026-06-29,2026-07-04,Agago,gfs_seamless,2.4
2026-06-29,2026-07-05,Agago,gfs_seamless,2.6
2026-06-29,2026-06-30,Agago,icon_seamless,0.1
2026-06-29,2026-07-01,Agago,icon_seamless,0.1
2026-06-29,2026-07-02,Agago,icon_seamless,22.4
2026-06-29,2026-07-03,Agago,icon_seamless,5.4
2026-06-29,2026-07-04,Agago,icon_seamless,0.0
2026-06-29,2026-07-05,Agago,icon_seamless,0.0
2026-06-29,2026-06-30,Agago,ukmo_seamless,0.2
2026-06-29,2026-07-01,Agago,ukmo_seamless,0.0
2026-06-29,2026-07-02,Agago,ukmo_seamless,2.7
2026-06-29,2026-07-03,Agago,ukmo_seamless,0.9
2026-06-29,2026-07-04,Agago,ukmo_seamless,0.6
2026-06-29,2026-07-05,Agago,ukmo_seamless,0.8
2026-06-29,2026-06-30,Agago,meteofrance_seamless,0.3
2026-06-29,2026-07-01,Agago,meteofrance_seamless,8.9
2026-06-29,2026-07-02,Agago,meteofrance_seamless,7.5
2026-06-29,2026-06-30,Agago,jma_seamless,0.1
2026-06-29,2026-07-01,Agago,jma_seamless,0.2
2026-06-29,2026-07-02,Agago,jma_seamless,7.3
2026-06-29,2026-07-03,Agago,jma_seamless,3.6
2026-06-29,2026-07-04,Agago,jma_seamless,0.3
2026-06-29,2026-07-05,Agago,jma_seamless,11.4
2026-06-29,2026-06-30,Agago,gem_seamless,1.0
2026-06-29,2026-07-01,Agago,gem_seamless,0.8
2026-06-29,2026-07-02,Agago,gem_seamless,7.5
2026-06-29,2026-07-03,Agago,gem_seamless,0.7
2026-06-29,2026-07-04,Agago,gem_seamless,0.5
2026-06-29,2026-07-05,Agago,gem_seamless,3.4
2026-06-29,2026-06-30,Agago,knmi_seamless,0.9
2026-06-29,2026-07-01,Agago,knmi_seamless,5.5
2026-06-29,2026-07-02,Agago,knmi_seamless,2.4
2026-06-29,2026-07-03,Agago,knmi_seamless,1.9
2026-06-29,2026-07-04,Agago,knmi_seamless,0.8
2026-06-29,2026-07-05,Agago,knmi_seamless,9.3
2026-06-29,2026-06-30,Otuke,ecmwf_ifs025,0.5
2026-06-29,2026-07-01,Otuke,ecmwf_ifs025,4.4
2026-06-29,2026-07-02,Otuke,ecmwf_ifs025,10.3
2026-06-29,2026-07-03,Otuke,ecmwf_ifs025,5.0
2026-06-29,2026-07-04,Otuke,ecmwf_ifs025,1.0
2026-06-29,2026-07-05,Otuke,ecmwf_ifs025,8.4
2026-06-29,2026-06-30,Otuke,ecmwf_aifs025_single,0.4
2026-06-29,2026-07-01,Otuke,ecmwf_aifs025_single,1.3
2026-06-29,2026-07-02,Otuke,ecmwf_aifs025_single,5.3
2026-06-29,2026-07-03,Otuke,ecmwf_aifs025_single,3.4
2026-06-29,2026-07-04,Otuke,ecmwf_aifs025_single,0.7
2026-06-29,2026-07-05,Otuke,ecmwf_aifs025_single,1.9
2026-06-29,2026-06-30,Otuke,gfs_seamless,0.5
2026-06-29,2026-07-01,Otuke,gfs_seamless,3.3
2026-06-29,2026-07-02,Otuke,gfs_seamless,2.0
2026-06-29,2026-07-03,Otuke,gfs_seamless,5.3
2026-06-29,2026-07-04,Otuke,gfs_seamless,0.2
2026-06-29,2026-07-05,Otuke,gfs_seamless,1.3
2026-06-29,2026-06-30,Otuke,icon_seamless,0.0
2026-06-29,2026-07-01,Otuke,icon_seamless,1.2
2026-06-29,2026-07-02,Otuke,icon_seamless,16.8
2026-06-29,2026-07-03,Otuke,icon_seamless,6.0
2026-06-29,2026-07-04,Otuke,icon_seamless,0.0
2026-06-29,2026-07-05,Otuke,icon_seamless,1.6
2026-06-29,2026-06-30,Otuke,ukmo_seamless,0.1
2026-06-29,2026-07-01,Otuke,ukmo_seamless,0.0
2026-06-29,2026-07-02,Otuke,ukmo_seamless,2.4
2026-06-29,2026-07-03,Otuke,ukmo_seamless,2.1
2026-06-29,2026-07-04,Otuke,ukmo_seamless,0.3
2026-06-29,2026-07-05,Otuke,ukmo_seamless,1.9
2026-06-29,2026-06-30,Otuke,meteofrance_seamless,0.1
2026-06-29,2026-07-01,Otuke,meteofrance_seamless,4.6
2026-06-29,2026-07-02,Otuke,meteofrance_seamless,3.9
2026-06-29,2026-06-30,Otuke,jma_seamless,0.1
2026-06-29,2026-07-01,Otuke,jma_seamless,0.4
2026-06-29,2026-07-02,Otuke,jma_seamless,6.5
2026-06-29,2026-07-03,Otuke,jma_seamless,1.9
2026-06-29,2026-07-04,Otuke,jma_seamless,0.4
2026-06-29,2026-07-05,Otuke,jma_seamless,6.1
2026-06-29,2026-06-30,Otuke,gem_seamless,3.0
2026-06-29,2026-07-01,Otuke,gem_seamless,5.4
2026-06-29,2026-07-02,Otuke,gem_seamless,4.2
2026-06-29,2026-07-03,Otuke,gem_seamless,2.2
2026-06-29,2026-07-04,Otuke,gem_seamless,2.1
2026-06-29,2026-07-05,Otuke,gem_seamless,3.6
2026-06-29,2026-06-30,Otuke,knmi_seamless,0.1
2026-06-29,2026-07-01,Otuke,knmi_seamless,5.0
2026-06-29,2026-07-02,Otuke,knmi_seamless,6.9
2026-06-29,2026-07-03,Otuke,knmi_seamless,5.6
2026-06-29,2026-07-04,Otuke,knmi_seamless,7.7
2026-06-29,2026-07-05,Otuke,knmi_seamless,4.7
2026-06-29,2026-06-30,Kitgum,ecmwf_ifs025,0.2
2026-06-29,2026-07-01,Kitgum,ecmwf_ifs025,5.3
2026-06-29,2026-07-02,Kitgum,ecmwf_ifs025,3.0
2026-06-29,2026-07-03,Kitgum,ecmwf_ifs025,2.1
2026-06-29,2026-07-04,Kitgum,ecmwf_ifs025,2.9
2026-06-29,2026-07-05,Kitgum,ecmwf_ifs025,11.1
2026-06-29,2026-06-30,Kitgum,ecmwf_aifs025_single,0.6
2026-06-29,2026-07-01,Kitgum,ecmwf_aifs025_single,1.3
2026-06-29,2026-07-02,Kitgum,ecmwf_aifs025_single,4.3
2026-06-29,2026-07-03,Kitgum,ecmwf_aifs025_single,4.0
2026-06-29,2026-07-04,Kitgum,ecmwf_aifs025_single,1.0
2026-06-29,2026-07-05,Kitgum,ecmwf_aifs025_single,2.0
2026-06-29,2026-06-30,Kitgum,gfs_seamless,0.5
2026-06-29,2026-07-01,Kitgum,gfs_seamless,2.4
2026-06-29,2026-07-02,Kitgum,gfs_seamless,3.1
2026-06-29,2026-07-03,Kitgum,gfs_seamless,9.1
2026-06-29,2026-07-04,Kitgum,gfs_seamless,0.7
2026-06-29,2026-07-05,Kitgum,gfs_seamless,21.4
2026-06-29,2026-06-30,Kitgum,icon_seamless,0.0
2026-06-29,2026-07-01,Kitgum,icon_seamless,3.4
2026-06-29,2026-07-02,Kitgum,icon_seamless,15.1
2026-06-29,2026-07-03,Kitgum,icon_seamless,0.3
2026-06-29,2026-07-04,Kitgum,icon_seamless,1.5
2026-06-29,2026-07-05,Kitgum,icon_seamless,5.1
2026-06-29,2026-06-30,Kitgum,ukmo_seamless,0.0
2026-06-29,2026-07-01,Kitgum,ukmo_seamless,0.1
2026-06-29,2026-07-02,Kitgum,ukmo_seamless,0.6
2026-06-29,2026-07-03,Kitgum,ukmo_seamless,1.5
2026-06-29,2026-07-04,Kitgum,ukmo_seamless,0.6
2026-06-29,2026-07-05,Kitgum,ukmo_seamless,0.0
2026-06-29,2026-06-30,Kitgum,meteofrance_seamless,0.0
2026-06-29,2026-07-01,Kitgum,meteofrance_seamless,15.5
2026-06-29,2026-07-02,Kitgum,meteofrance_seamless,2.1
2026-06-29,2026-06-30,Kitgum,jma_seamless,0.2
2026-06-29,2026-07-01,Kitgum,jma_seamless,0.1
2026-06-29,2026-07-02,Kitgum,jma_seamless,7.5
2026-06-29,2026-07-03,Kitgum,jma_seamless,5.7
2026-06-29,2026-07-04,Kitgum,jma_seamless,4.5
2026-06-29,2026-07-05,Kitgum,jma_seamless,5.4
2026-06-29,2026-06-30,Kitgum,gem_seamless,0.0
2026-06-29,2026-07-01,Kitgum,gem_seamless,5.7
2026-06-29,2026-07-02,Kitgum,gem_seamless,9.2
2026-06-29,2026-07-03,Kitgum,gem_seamless,0.0
2026-06-29,2026-07-04,Kitgum,gem_seamless,3.0
2026-06-29,2026-07-05,Kitgum,gem_seamless,6.6
2026-06-29,2026-06-30,Kitgum,knmi_seamless,0.6
2026-06-29,2026-07-01,Kitgum,knmi_seamless,5.1
2026-06-29,2026-07-02,Kitgum,knmi_seamless,1.6
2026-06-29,2026-07-03,Kitgum,knmi_seamless,2.1
2026-06-29,2026-07-04,Kitgum,knmi_seamless,3.0
2026-06-29,2026-07-05,Kitgum,knmi_seamless,14.9
2026-06-29,2026-06-30,Pader,ecmwf_ifs025,0.4
2026-06-29,2026-07-01,Pader,ecmwf_ifs025,1.1
2026-06-29,2026-07-02,Pader,ecmwf_ifs025,3.2
2026-06-29,2026-07-03,Pader,ecmwf_ifs025,3.6
2026-06-29,2026-07-04,Pader,ecmwf_ifs025,4.9
2026-06-29,2026-07-05,Pader,ecmwf_ifs025,8.6
2026-06-29,2026-06-30,Pader,ecmwf_aifs025_single,0.6
2026-06-29,2026-07-01,Pader,ecmwf_aifs025_single,1.3
2026-06-29,2026-07-02,Pader,ecmwf_aifs025_single,5.1
2026-06-29,2026-07-03,Pader,ecmwf_aifs025_single,3.9
2026-06-29,2026-07-04,Pader,ecmwf_aifs025_single,0.7
2026-06-29,2026-07-05,Pader,ecmwf_aifs025_single,2.2
2026-06-29,2026-06-30,Pader,gfs_seamless,0.2
2026-06-29,2026-07-01,Pader,gfs_seamless,2.4
2026-06-29,2026-07-02,Pader,gfs_seamless,3.4
2026-06-29,2026-07-03,Pader,gfs_seamless,4.4
2026-06-29,2026-07-04,Pader,gfs_seamless,2.7
2026-06-29,2026-07-05,Pader,gfs_seamless,2.7
2026-06-29,2026-06-30,Pader,icon_seamless,0.2
2026-06-29,2026-07-01,Pader,icon_seamless,0.9
2026-06-29,2026-07-02,Pader,icon_seamless,13.7
2026-06-29,2026-07-03,Pader,icon_seamless,2.4
2026-06-29,2026-07-04,Pader,icon_seamless,2.4
2026-06-29,2026-07-05,Pader,icon_seamless,5.1
2026-06-29,2026-06-30,Pader,ukmo_seamless,0.1
2026-06-29,2026-07-01,Pader,ukmo_seamless,0.1
2026-06-29,2026-07-02,Pader,ukmo_seamless,3.3
2026-06-29,2026-07-03,Pader,ukmo_seamless,3.0
2026-06-29,2026-07-04,Pader,ukmo_seamless,0.6
2026-06-29,2026-07-05,Pader,ukmo_seamless,0.8
2026-06-29,2026-06-30,Pader,meteofrance_seamless,0.0
2026-06-29,2026-07-01,Pader,meteofrance_seamless,14.6
2026-06-29,2026-07-02,Pader,meteofrance_seamless,2.4
2026-06-29,2026-06-30,Pader,jma_seamless,0.0
2026-06-29,2026-07-01,Pader,jma_seamless,2.2
2026-06-29,2026-07-02,Pader,jma_seamless,7.9
2026-06-29,2026-07-03,Pader,jma_seamless,6.4
2026-06-29,2026-07-04,Pader,jma_seamless,2.5
2026-06-29,2026-07-05,Pader,jma_seamless,10.6
2026-06-29,2026-06-30,Pader,gem_seamless,2.4
2026-06-29,2026-07-01,Pader,gem_seamless,3.6
2026-06-29,2026-07-02,Pader,gem_seamless,9.4
2026-06-29,2026-07-03,Pader,gem_seamless,8.1
2026-06-29,2026-07-04,Pader,gem_seamless,1.2
2026-06-29,2026-07-05,Pader,gem_seamless,5.8
2026-06-29,2026-06-30,Pader,knmi_seamless,0.3
2026-06-29,2026-07-01,Pader,knmi_seamless,3.6
2026-06-29,2026-07-02,Pader,knmi_seamless,7.0
2026-06-29,2026-07-03,Pader,knmi_seamless,3.8
2026-06-29,2026-07-04,Pader,knmi_seamless,3.6
2026-06-29,2026-07-05,Pader,knmi_seamless,6.2
2026-06-29,2026-06-30,Alebtong,ecmwf_ifs025,0.6
2026-06-29,2026-07-01,Alebtong,ecmwf_ifs025,0.6
2026-06-29,2026-07-02,Alebtong,ecmwf_ifs025,5.9
2026-06-29,2026-07-03,Alebtong,ecmwf_ifs025,10.2
2026-06-29,2026-07-04,Alebtong,ecmwf_ifs025,0.5
2026-06-29,2026-07-05,Alebtong,ecmwf_ifs025,11.1
2026-06-29,2026-06-30,Alebtong,ecmwf_aifs025_single,0.6
2026-06-29,2026-07-01,Alebtong,ecmwf_aifs025_single,1.5
2026-06-29,2026-07-02,Alebtong,ecmwf_aifs025_single,6.0
2026-06-29,2026-07-03,Alebtong,ecmwf_aifs025_single,2.7
2026-06-29,2026-07-04,Alebtong,ecmwf_aifs025_single,0.5
2026-06-29,2026-07-05,Alebtong,ecmwf_aifs025_single,2.1
2026-06-29,2026-06-30,Alebtong,gfs_seamless,0.1
2026-06-29,2026-07-01,Alebtong,gfs_seamless,2.3
2026-06-29,2026-07-02,Alebtong,gfs_seamless,3.2
2026-06-29,2026-07-03,Alebtong,gfs_seamless,4.2
2026-06-29,2026-07-04,Alebtong,gfs_seamless,0.3
2026-06-29,2026-07-05,Alebtong,gfs_seamless,1.8
2026-06-29,2026-06-30,Alebtong,icon_seamless,0.0
2026-06-29,2026-07-01,Alebtong,icon_seamless,5.2
2026-06-29,2026-07-02,Alebtong,icon_seamless,8.0
2026-06-29,2026-07-03,Alebtong,icon_seamless,5.5
2026-06-29,2026-07-04,Alebtong,icon_seamless,0.0
2026-06-29,2026-07-05,Alebtong,icon_seamless,7.2
2026-06-29,2026-06-30,Alebtong,ukmo_seamless,0.0
2026-06-29,2026-07-01,Alebtong,ukmo_seamless,0.7
2026-06-29,2026-07-02,Alebtong,ukmo_seamless,2.7
2026-06-29,2026-07-03,Alebtong,ukmo_seamless,2.1
2026-06-29,2026-07-04,Alebtong,ukmo_seamless,0.0
2026-06-29,2026-07-05,Alebtong,ukmo_seamless,1.0
2026-06-29,2026-06-30,Alebtong,meteofrance_seamless,0.0
2026-06-29,2026-07-01,Alebtong,meteofrance_seamless,3.0
2026-06-29,2026-07-02,Alebtong,meteofrance_seamless,1.4
2026-06-29,2026-06-30,Alebtong,jma_seamless,0.0
2026-06-29,2026-07-01,Alebtong,jma_seamless,1.5
2026-06-29,2026-07-02,Alebtong,jma_seamless,2.7
2026-06-29,2026-07-03,Alebtong,jma_seamless,1.8
2026-06-29,2026-07-04,Alebtong,jma_seamless,2.0
2026-06-29,2026-07-05,Alebtong,jma_seamless,4.0
2026-06-29,2026-06-30,Alebtong,gem_seamless,6.8
2026-06-29,2026-07-01,Alebtong,gem_seamless,8.2
2026-06-29,2026-07-02,Alebtong,gem_seamless,0.9
2026-06-29,2026-07-03,Alebtong,gem_seamless,0.1
2026-06-29,2026-07-04,Alebtong,gem_seamless,4.4
2026-06-29,2026-07-05,Alebtong,gem_seamless,2.5
2026-06-29,2026-06-30,Alebtong,knmi_seamless,0.1
2026-06-29,2026-07-01,Alebtong,knmi_seamless,6.2
2026-06-29,2026-07-02,Alebtong,knmi_seamless,5.2
2026-06-29,2026-07-03,Alebtong,knmi_seamless,2.1
2026-06-29,2026-07-04,Alebtong,knmi_seamless,5.8
2026-06-29,2026-07-05,Alebtong,knmi_seamless,4.0
2026-06-29,2026-06-30,Lira,ecmwf_ifs025,0.8
2026-06-29,2026-07-01,Lira,ecmwf_ifs025,4.3
2026-06-29,2026-07-02,Lira,ecmwf_ifs025,19.0
2026-06-29,2026-07-03,Lira,ecmwf_ifs025,14.8
2026-06-29,2026-07-04,Lira,ecmwf_ifs025,1.0
2026-06-29,2026-07-05,Lira,ecmwf_ifs025,7.7
2026-06-29,2026-06-30,Lira,ecmwf_aifs025_single,0.5
2026-06-29,2026-07-01,Lira,ecmwf_aifs025_single,1.6
2026-06-29,2026-07-02,Lira,ecmwf_aifs025_single,6.3
2026-06-29,2026-07-03,Lira,ecmwf_aifs025_single,2.7
2026-06-29,2026-07-04,Lira,ecmwf_aifs025_single,0.5
2026-06-29,2026-07-05,Lira,ecmwf_aifs025_single,2.3
2026-06-29,2026-06-30,Lira,gfs_seamless,1.4
2026-06-29,2026-07-01,Lira,gfs_seamless,1.5
2026-06-29,2026-07-02,Lira,gfs_seamless,1.9
2026-06-29,2026-07-03,Lira,gfs_seamless,6.4
2026-06-29,2026-07-04,Lira,gfs_seamless,0.2
2026-06-29,2026-07-05,Lira,gfs_seamless,1.6
2026-06-29,2026-06-30,Lira,icon_seamless,0.0
2026-06-29,2026-07-01,Lira,icon_seamless,0.7
2026-06-29,2026-07-02,Lira,icon_seamless,6.0
2026-06-29,2026-07-03,Lira,icon_seamless,2.7
2026-06-29,2026-07-04,Lira,icon_seamless,0.0
2026-06-29,2026-07-05,Lira,icon_seamless,10.0
2026-06-29,2026-06-30,Lira,ukmo_seamless,0.1
2026-06-29,2026-07-01,Lira,ukmo_seamless,0.0
2026-06-29,2026-07-02,Lira,ukmo_seamless,1.2
2026-06-29,2026-07-03,Lira,ukmo_seamless,1.2
2026-06-29,2026-07-04,Lira,ukmo_seamless,0.0
2026-06-29,2026-07-05,Lira,ukmo_seamless,0.2
2026-06-29,2026-06-30,Lira,meteofrance_seamless,0.0
2026-06-29,2026-07-01,Lira,meteofrance_seamless,1.0
2026-06-29,2026-07-02,Lira,meteofrance_seamless,0.3
2026-06-29,2026-06-30,Lira,jma_seamless,0.0
2026-06-29,2026-07-01,Lira,jma_seamless,1.5
2026-06-29,2026-07-02,Lira,jma_seamless,2.7
2026-06-29,2026-07-03,Lira,jma_seamless,1.8
2026-06-29,2026-07-04,Lira,jma_seamless,2.0
2026-06-29,2026-07-05,Lira,jma_seamless,4.0
2026-06-29,2026-06-30,Lira,gem_seamless,5.0
2026-06-29,2026-07-01,Lira,gem_seamless,5.2
2026-06-29,2026-07-02,Lira,gem_seamless,1.0
2026-06-29,2026-07-03,Lira,gem_seamless,0.0
2026-06-29,2026-07-04,Lira,gem_seamless,2.8
2026-06-29,2026-07-05,Lira,gem_seamless,3.5
2026-06-29,2026-06-30,Lira,knmi_seamless,0.4
2026-06-29,2026-07-01,Lira,knmi_seamless,9.1
2026-06-29,2026-07-02,Lira,knmi_seamless,8.1
2026-06-29,2026-07-03,Lira,knmi_seamless,9.3
2026-06-29,2026-07-04,Lira,knmi_seamless,2.4
2026-06-29,2026-07-05,Lira,knmi_seamless,3.8
2026-06-29,2026-06-30,Kole,ecmwf_ifs025,1.0
2026-06-29,2026-07-01,Kole,ecmwf_ifs025,2.9
2026-06-29,2026-07-02,Kole,ecmwf_ifs025,11.0
2026-06-29,2026-07-03,Kole,ecmwf_ifs025,2.9
2026-06-29,2026-07-04,Kole,ecmwf_ifs025,0.5
2026-06-29,2026-07-05,Kole,ecmwf_ifs025,0.7
2026-06-29,2026-06-30,Kole,ecmwf_aifs025_single,0.5
2026-06-29,2026-07-01,Kole,ecmwf_aifs025_single,1.8
2026-06-29,2026-07-02,Kole,ecmwf_aifs025_single,7.2
2026-06-29,2026-07-03,Kole,ecmwf_aifs025_single,1.7
2026-06-29,2026-07-04,Kole,ecmwf_aifs025_single,0.3
2026-06-29,2026-07-05,Kole,ecmwf_aifs025_single,2.3
2026-06-29,2026-06-30,Kole,gfs_seamless,1.0
2026-06-29,2026-07-01,Kole,gfs_seamless,4.6
2026-06-29,2026-07-02,Kole,gfs_seamless,14.7
2026-06-29,2026-07-03,Kole,gfs_seamless,5.1
2026-06-29,2026-07-04,Kole,gfs_seamless,2.1
2026-06-29,2026-07-05,Kole,gfs_seamless,2.0
2026-06-29,2026-06-30,Kole,icon_seamless,0.0
2026-06-29,2026-07-01,Kole,icon_seamless,3.3
2026-06-29,2026-07-02,Kole,icon_seamless,6.4
2026-06-29,2026-07-03,Kole,icon_seamless,2.9
2026-06-29,2026-07-04,Kole,icon_seamless,0.0
2026-06-29,2026-07-05,Kole,icon_seamless,8.4
2026-06-29,2026-06-30,Kole,ukmo_seamless,0.0
2026-06-29,2026-07-01,Kole,ukmo_seamless,0.0
2026-06-29,2026-07-02,Kole,ukmo_seamless,1.5
2026-06-29,2026-07-03,Kole,ukmo_seamless,1.2
2026-06-29,2026-07-04,Kole,ukmo_seamless,0.0
2026-06-29,2026-07-05,Kole,ukmo_seamless,0.6
2026-06-29,2026-06-30,Kole,meteofrance_seamless,0.0
2026-06-29,2026-07-01,Kole,meteofrance_seamless,0.6
2026-06-29,2026-07-02,Kole,meteofrance_seamless,0.6
2026-06-29,2026-06-30,Kole,jma_seamless,0.6
2026-06-29,2026-07-01,Kole,jma_seamless,2.3
2026-06-29,2026-07-02,Kole,jma_seamless,3.0
2026-06-29,2026-07-03,Kole,jma_seamless,2.3
2026-06-29,2026-07-04,Kole,jma_seamless,1.5
2026-06-29,2026-07-05,Kole,jma_seamless,4.9
2026-06-29,2026-06-30,Kole,gem_seamless,4.0
2026-06-29,2026-07-01,Kole,gem_seamless,5.7
2026-06-29,2026-07-02,Kole,gem_seamless,1.9
2026-06-29,2026-07-03,Kole,gem_seamless,0.0
2026-06-29,2026-07-04,Kole,gem_seamless,1.3
2026-06-29,2026-07-05,Kole,gem_seamless,2.6
2026-06-29,2026-06-30,Kole,knmi_seamless,0.1
2026-06-29,2026-07-01,Kole,knmi_seamless,7.0
2026-06-29,2026-07-02,Kole,knmi_seamless,1.6
2026-06-29,2026-07-03,Kole,knmi_seamless,3.7
2026-06-29,2026-07-04,Kole,knmi_seamless,0.8
2026-06-29,2026-07-05,Kole,knmi_seamless,0.1
2026-06-29,2026-06-30,Oyam,ecmwf_ifs025,2.2
2026-06-29,2026-07-01,Oyam,ecmwf_ifs025,1.6
2026-06-29,2026-07-02,Oyam,ecmwf_ifs025,9.7
2026-06-29,2026-07-03,Oyam,ecmwf_ifs025,2.9
2026-06-29,2026-07-04,Oyam,ecmwf_ifs025,0.1
2026-06-29,2026-07-05,Oyam,ecmwf_ifs025,5.0
2026-06-29,2026-06-30,Oyam,ecmwf_aifs025_single,0.7
2026-06-29,2026-07-01,Oyam,ecmwf_aifs025_single,2.1
2026-06-29,2026-07-02,Oyam,ecmwf_aifs025_single,7.5
2026-06-29,2026-07-03,Oyam,ecmwf_aifs025_single,1.7
2026-06-29,2026-07-04,Oyam,ecmwf_aifs025_single,0.4
2026-06-29,2026-07-05,Oyam,ecmwf_aifs025_single,2.7
2026-06-29,2026-06-30,Oyam,gfs_seamless,1.0
2026-06-29,2026-07-01,Oyam,gfs_seamless,3.3
2026-06-29,2026-07-02,Oyam,gfs_seamless,9.3
2026-06-29,2026-07-03,Oyam,gfs_seamless,3.8
2026-06-29,2026-07-04,Oyam,gfs_seamless,2.8
2026-06-29,2026-07-05,Oyam,gfs_seamless,1.3
2026-06-29,2026-06-30,Oyam,icon_seamless,0.0
2026-06-29,2026-07-01,Oyam,icon_seamless,4.5
2026-06-29,2026-07-02,Oyam,icon_seamless,4.7
2026-06-29,2026-07-03,Oyam,icon_seamless,1.5
2026-06-29,2026-07-04,Oyam,icon_seamless,0.9
2026-06-29,2026-07-05,Oyam,icon_seamless,6.6
2026-06-29,2026-06-30,Oyam,ukmo_seamless,0.1
2026-06-29,2026-07-01,Oyam,ukmo_seamless,1.1
2026-06-29,2026-07-02,Oyam,ukmo_seamless,0.3
2026-06-29,2026-07-03,Oyam,ukmo_seamless,2.1
2026-06-29,2026-07-04,Oyam,ukmo_seamless,0.0
2026-06-29,2026-07-05,Oyam,ukmo_seamless,1.2
2026-06-29,2026-06-30,Oyam,meteofrance_seamless,0.0
2026-06-29,2026-07-01,Oyam,meteofrance_seamless,0.9
2026-06-29,2026-07-02,Oyam,meteofrance_seamless,0.0
2026-06-29,2026-06-30,Oyam,jma_seamless,0.6
2026-06-29,2026-07-01,Oyam,jma_seamless,2.3
2026-06-29,2026-07-02,Oyam,jma_seamless,3.0
2026-06-29,2026-07-03,Oyam,jma_seamless,2.3
2026-06-29,2026-07-04,Oyam,jma_seamless,1.5
2026-06-29,2026-07-05,Oyam,jma_seamless,4.9
2026-06-29,2026-06-30,Oyam,gem_seamless,3.6
2026-06-29,2026-07-01,Oyam,gem_seamless,5.8
2026-06-29,2026-07-02,Oyam,gem_seamless,4.7
2026-06-29,2026-07-03,Oyam,gem_seamless,0.1
2026-06-29,2026-07-04,Oyam,gem_seamless,1.5
2026-06-29,2026-07-05,Oyam,gem_seamless,1.5
2026-06-29,2026-06-30,Oyam,knmi_seamless,0.4
2026-06-29,2026-07-01,Oyam,knmi_seamless,8.0
2026-06-29,2026-07-02,Oyam,knmi_seamless,9.8
2026-06-29,2026-07-03,Oyam,knmi_seamless,3.6
2026-06-29,2026-07-04,Oyam,knmi_seamless,0.0
2026-06-29,2026-07-05,Oyam,knmi_seamless,4.4
2026-06-29,2026-06-30,Apac,ecmwf_ifs025,0.7
2026-06-29,2026-07-01,Apac,ecmwf_ifs025,4.0
2026-06-29,2026-07-02,Apac,ecmwf_ifs025,12.3
2026-06-29,2026-07-03,Apac,ecmwf_ifs025,2.8
2026-06-29,2026-07-04,Apac,ecmwf_ifs025,0.2
2026-06-29,2026-07-05,Apac,ecmwf_ifs025,2.1
2026-06-29,2026-06-30,Apac,ecmwf_aifs025_single,0.5
2026-06-29,2026-07-01,Apac,ecmwf_aifs025_single,1.7
2026-06-29,2026-07-02,Apac,ecmwf_aifs025_single,7.1
2026-06-29,2026-07-03,Apac,ecmwf_aifs025_single,1.3
2026-06-29,2026-07-04,Apac,ecmwf_aifs025_single,0.3
2026-06-29,2026-07-05,Apac,ecmwf_aifs025_single,2.3
2026-06-29,2026-06-30,Apac,gfs_seamless,0.8
2026-06-29,2026-07-01,Apac,gfs_seamless,0.5
2026-06-29,2026-07-02,Apac,gfs_seamless,5.5
2026-06-29,2026-07-03,Apac,gfs_seamless,4.4
2026-06-29,2026-07-04,Apac,gfs_seamless,1.5
2026-06-29,2026-07-05,Apac,gfs_seamless,0.8
2026-06-29,2026-06-30,Apac,icon_seamless,0.0
2026-06-29,2026-07-01,Apac,icon_seamless,0.9
2026-06-29,2026-07-02,Apac,icon_seamless,2.5
2026-06-29,2026-07-03,Apac,icon_seamless,0.7
2026-06-29,2026-07-04,Apac,icon_seamless,0.0
2026-06-29,2026-07-05,Apac,icon_seamless,10.4
2026-06-29,2026-06-30,Apac,ukmo_seamless,0.0
2026-06-29,2026-07-01,Apac,ukmo_seamless,0.3
2026-06-29,2026-07-02,Apac,ukmo_seamless,0.6
2026-06-29,2026-07-03,Apac,ukmo_seamless,0.9
2026-06-29,2026-07-04,Apac,ukmo_seamless,0.0
2026-06-29,2026-07-05,Apac,ukmo_seamless,1.8
2026-06-29,2026-06-30,Apac,meteofrance_seamless,0.0
2026-06-29,2026-07-01,Apac,meteofrance_seamless,1.0
2026-06-29,2026-07-02,Apac,meteofrance_seamless,0.4
2026-06-29,2026-06-30,Apac,jma_seamless,0.0
2026-06-29,2026-07-01,Apac,jma_seamless,0.3
2026-06-29,2026-07-02,Apac,jma_seamless,1.6
2026-06-29,2026-07-03,Apac,jma_seamless,0.4
2026-06-29,2026-07-04,Apac,jma_seamless,0.0
2026-06-29,2026-07-05,Apac,jma_seamless,0.6
2026-06-29,2026-06-30,Apac,gem_seamless,1.4
2026-06-29,2026-07-01,Apac,gem_seamless,1.1
2026-06-29,2026-07-02,Apac,gem_seamless,4.4
2026-06-29,2026-07-03,Apac,gem_seamless,0.0
2026-06-29,2026-07-04,Apac,gem_seamless,0.0
2026-06-29,2026-07-05,Apac,gem_seamless,0.0
2026-06-29,2026-06-30,Apac,knmi_seamless,0.1
2026-06-29,2026-07-01,Apac,knmi_seamless,7.6
2026-06-29,2026-07-02,Apac,knmi_seamless,4.0
2026-06-29,2026-07-03,Apac,knmi_seamless,0.5
2026-06-29,2026-07-04,Apac,knmi_seamless,2.8
2026-06-29,2026-07-05,Apac,knmi_seamless,3.8
2026-06-29,2026-06-30,Gulu,ecmwf_ifs025,0.9
2026-06-29,2026-07-01,Gulu,ecmwf_ifs025,3.6
2026-06-29,2026-07-02,Gulu,ecmwf_ifs025,6.7
2026-06-29,2026-07-03,Gulu,ecmwf_ifs025,2.4
2026-06-29,2026-07-04,Gulu,ecmwf_ifs025,0.4
2026-06-29,2026-07-05,Gulu,ecmwf_ifs025,20.7
2026-06-29,2026-06-30,Gulu,ecmwf_aifs025_single,0.7
2026-06-29,2026-07-01,Gulu,ecmwf_aifs025_single,2.3
2026-06-29,2026-07-02,Gulu,ecmwf_aifs025_single,6.9
2026-06-29,2026-07-03,Gulu,ecmwf_aifs025_single,2.4
2026-06-29,2026-07-04,Gulu,ecmwf_aifs025_single,0.4
2026-06-29,2026-07-05,Gulu,ecmwf_aifs025_single,2.6
2026-06-29,2026-06-30,Gulu,gfs_seamless,1.7
2026-06-29,2026-07-01,Gulu,gfs_seamless,4.8
2026-06-29,2026-07-02,Gulu,gfs_seamless,10.2
2026-06-29,2026-07-03,Gulu,gfs_seamless,2.1
2026-06-29,2026-07-04,Gulu,gfs_seamless,2.9
2026-06-29,2026-07-05,Gulu,gfs_seamless,2.1
2026-06-29,2026-06-30,Gulu,icon_seamless,0.3
2026-06-29,2026-07-01,Gulu,icon_seamless,10.0
2026-06-29,2026-07-02,Gulu,icon_seamless,9.0
2026-06-29,2026-07-03,Gulu,icon_seamless,0.0
2026-06-29,2026-07-04,Gulu,icon_seamless,0.9
2026-06-29,2026-07-05,Gulu,icon_seamless,11.4
2026-06-29,2026-06-30,Gulu,ukmo_seamless,0.0
2026-06-29,2026-07-01,Gulu,ukmo_seamless,0.7
2026-06-29,2026-07-02,Gulu,ukmo_seamless,3.3
2026-06-29,2026-07-03,Gulu,ukmo_seamless,1.8
2026-06-29,2026-07-04,Gulu,ukmo_seamless,0.9
2026-06-29,2026-07-05,Gulu,ukmo_seamless,1.8
2026-06-29,2026-06-30,Gulu,meteofrance_seamless,0.0
2026-06-29,2026-07-01,Gulu,meteofrance_seamless,12.6
2026-06-29,2026-07-02,Gulu,meteofrance_seamless,1.8
2026-06-29,2026-06-30,Gulu,jma_seamless,0.2
2026-06-29,2026-07-01,Gulu,jma_seamless,6.4
2026-06-29,2026-07-02,Gulu,jma_seamless,5.8
2026-06-29,2026-07-03,Gulu,jma_seamless,4.3
2026-06-29,2026-07-04,Gulu,jma_seamless,2.9
2026-06-29,2026-07-05,Gulu,jma_seamless,12.1
2026-06-29,2026-06-30,Gulu,gem_seamless,0.0
2026-06-29,2026-07-01,Gulu,gem_seamless,5.2
2026-06-29,2026-07-02,Gulu,gem_seamless,32.2
2026-06-29,2026-07-03,Gulu,gem_seamless,1.2
2026-06-29,2026-07-04,Gulu,gem_seamless,0.9
2026-06-29,2026-07-05,Gulu,gem_seamless,18.9
2026-06-29,2026-06-30,Gulu,knmi_seamless,0.1
2026-06-29,2026-07-01,Gulu,knmi_seamless,9.2
2026-06-29,2026-07-02,Gulu,knmi_seamless,3.2
2026-06-29,2026-07-03,Gulu,knmi_seamless,0.9
2026-06-29,2026-07-04,Gulu,knmi_seamless,0.3
2026-06-29,2026-07-05,Gulu,knmi_seamless,13.3
2026-06-29,2026-06-30,Omoro,ecmwf_ifs025,0.7
2026-06-29,2026-07-01,Omoro,ecmwf_ifs025,3.5
2026-06-29,2026-07-02,Omoro,ecmwf_ifs025,14.7
2026-06-29,2026-07-03,Omoro,ecmwf_ifs025,3.4
2026-06-29,2026-07-04,Omoro,ecmwf_ifs025,0.8
2026-06-29,2026-07-05,Omoro,ecmwf_ifs025,5.3
2026-06-29,2026-06-30,Omoro,ecmwf_aifs025_single,0.7
2026-06-29,2026-07-01,Omoro,ecmwf_aifs025_single,1.8
2026-06-29,2026-07-02,Omoro,ecmwf_aifs025_single,6.6
2026-06-29,2026-07-03,Omoro,ecmwf_aifs025_single,2.5
2026-06-29,2026-07-04,Omoro,ecmwf_aifs025_single,0.5
2026-06-29,2026-07-05,Omoro,ecmwf_aifs025_single,2.5
2026-06-29,2026-06-30,Omoro,gfs_seamless,2.3
2026-06-29,2026-07-01,Omoro,gfs_seamless,1.8
2026-06-29,2026-07-02,Omoro,gfs_seamless,8.5
2026-06-29,2026-07-03,Omoro,gfs_seamless,6.1
2026-06-29,2026-07-04,Omoro,gfs_seamless,3.2
2026-06-29,2026-07-05,Omoro,gfs_seamless,2.5
2026-06-29,2026-06-30,Omoro,icon_seamless,0.0
2026-06-29,2026-07-01,Omoro,icon_seamless,7.1
2026-06-29,2026-07-02,Omoro,icon_seamless,10.7
2026-06-29,2026-07-03,Omoro,icon_seamless,2.7
2026-06-29,2026-07-04,Omoro,icon_seamless,0.0
2026-06-29,2026-07-05,Omoro,icon_seamless,6.9
2026-06-29,2026-06-30,Omoro,ukmo_seamless,0.0
2026-06-29,2026-07-01,Omoro,ukmo_seamless,0.3
2026-06-29,2026-07-02,Omoro,ukmo_seamless,2.4
2026-06-29,2026-07-03,Omoro,ukmo_seamless,1.5
2026-06-29,2026-07-04,Omoro,ukmo_seamless,0.3
2026-06-29,2026-07-05,Omoro,ukmo_seamless,1.8
2026-06-29,2026-06-30,Omoro,meteofrance_seamless,0.0
2026-06-29,2026-07-01,Omoro,meteofrance_seamless,11.7
2026-06-29,2026-07-02,Omoro,meteofrance_seamless,0.3
2026-06-29,2026-06-30,Omoro,jma_seamless,0.6
2026-06-29,2026-07-01,Omoro,jma_seamless,2.3
2026-06-29,2026-07-02,Omoro,jma_seamless,3.0
2026-06-29,2026-07-03,Omoro,jma_seamless,2.3
2026-06-29,2026-07-04,Omoro,jma_seamless,1.5
2026-06-29,2026-07-05,Omoro,jma_seamless,4.9
2026-06-29,2026-06-30,Omoro,gem_seamless,3.8
2026-06-29,2026-07-01,Omoro,gem_seamless,5.3
2026-06-29,2026-07-02,Omoro,gem_seamless,9.7
2026-06-29,2026-07-03,Omoro,gem_seamless,8.4
2026-06-29,2026-07-04,Omoro,gem_seamless,1.7
2026-06-29,2026-07-05,Omoro,gem_seamless,7.6
2026-06-29,2026-06-30,Omoro,knmi_seamless,0.2
2026-06-29,2026-07-01,Omoro,knmi_seamless,9.5
2026-06-29,2026-07-02,Omoro,knmi_seamless,5.6
2026-06-29,2026-07-03,Omoro,knmi_seamless,5.4
2026-06-29,2026-07-04,Omoro,knmi_seamless,3.1
2026-06-29,2026-07-05,Omoro,knmi_seamless,4.1
2026-06-29,2026-06-30,Nwoya,ecmwf_ifs025,0.6
2026-06-29,2026-07-01,Nwoya,ecmwf_ifs025,3.5
2026-06-29,2026-07-02,Nwoya,ecmwf_ifs025,2.1
2026-06-29,2026-07-03,Nwoya,ecmwf_ifs025,3.3
2026-06-29,2026-07-04,Nwoya,ecmwf_ifs025,0.4
2026-06-29,2026-07-05,Nwoya,ecmwf_ifs025,13.4
2026-06-29,2026-06-30,Nwoya,ecmwf_aifs025_single,0.9
2026-06-29,2026-07-01,Nwoya,ecmwf_aifs025_single,2.7
2026-06-29,2026-07-02,Nwoya,ecmwf_aifs025_single,7.4
2026-06-29,2026-07-03,Nwoya,ecmwf_aifs025_single,1.5
2026-06-29,2026-07-04,Nwoya,ecmwf_aifs025_single,0.5
2026-06-29,2026-07-05,Nwoya,ecmwf_aifs025_single,3.1
2026-06-29,2026-06-30,Nwoya,gfs_seamless,0.3
2026-06-29,2026-07-01,Nwoya,gfs_seamless,8.7
2026-06-29,2026-07-02,Nwoya,gfs_seamless,9.4
2026-06-29,2026-07-03,Nwoya,gfs_seamless,0.7
2026-06-29,2026-07-04,Nwoya,gfs_seamless,1.1
2026-06-29,2026-07-05,Nwoya,gfs_seamless,3.7
2026-06-29,2026-06-30,Nwoya,icon_seamless,0.4
2026-06-29,2026-07-01,Nwoya,icon_seamless,5.5
2026-06-29,2026-07-02,Nwoya,icon_seamless,3.2
2026-06-29,2026-07-03,Nwoya,icon_seamless,2.2
2026-06-29,2026-07-04,Nwoya,icon_seamless,1.5
2026-06-29,2026-07-05,Nwoya,icon_seamless,7.2
2026-06-29,2026-06-30,Nwoya,ukmo_seamless,0.2
2026-06-29,2026-07-01,Nwoya,ukmo_seamless,5.1
2026-06-29,2026-07-02,Nwoya,ukmo_seamless,2.7
2026-06-29,2026-07-03,Nwoya,ukmo_seamless,0.6
2026-06-29,2026-07-04,Nwoya,ukmo_seamless,2.7
2026-06-29,2026-07-05,Nwoya,ukmo_seamless,6.0
2026-06-29,2026-06-30,Nwoya,meteofrance_seamless,0.3
2026-06-29,2026-07-01,Nwoya,meteofrance_seamless,20.5
2026-06-29,2026-07-02,Nwoya,meteofrance_seamless,2.7
2026-06-29,2026-06-30,Nwoya,jma_seamless,0.4
2026-06-29,2026-07-01,Nwoya,jma_seamless,2.7
2026-06-29,2026-07-02,Nwoya,jma_seamless,2.3
2026-06-29,2026-07-03,Nwoya,jma_seamless,5.0
2026-06-29,2026-07-04,Nwoya,jma_seamless,1.5
2026-06-29,2026-07-05,Nwoya,jma_seamless,8.1
2026-06-29,2026-06-30,Nwoya,gem_seamless,0.0
2026-06-29,2026-07-01,Nwoya,gem_seamless,5.2
2026-06-29,2026-07-02,Nwoya,gem_seamless,10.4
2026-06-29,2026-07-03,Nwoya,gem_seamless,43.3
2026-06-29,2026-07-04,Nwoya,gem_seamless,1.1
2026-06-29,2026-07-05,Nwoya,gem_seamless,1.9
2026-06-29,2026-06-30,Nwoya,knmi_seamless,0.1
2026-06-29,2026-07-01,Nwoya,knmi_seamless,5.2
2026-06-29,2026-07-02,Nwoya,knmi_seamless,1.5
2026-06-29,2026-07-03,Nwoya,knmi_seamless,3.2
2026-06-29,2026-07-04,Nwoya,knmi_seamless,0.0
2026-06-29,2026-07-05,Nwoya,knmi_seamless,13.3
2026-06-29,2026-06-30,Amuru,ecmwf_ifs025,0.4
2026-06-29,2026-07-01,Amuru,ecmwf_ifs025,11.9
2026-06-29,2026-07-02,Amuru,ecmwf_ifs025,7.6
2026-06-29,2026-07-03,Amuru,ecmwf_ifs025,2.8
2026-06-29,2026-07-04,Amuru,ecmwf_ifs025,2.7
2026-06-29,2026-07-05,Amuru,ecmwf_ifs025,11.6
2026-06-29,2026-06-30,Amuru,ecmwf_aifs025_single,1.1
2026-06-29,2026-07-01,Amuru,ecmwf_aifs025_single,3.0
2026-06-29,2026-07-02,Amuru,ecmwf_aifs025_single,7.4
2026-06-29,2026-07-03,Amuru,ecmwf_aifs025_single,1.8
2026-06-29,2026-07-04,Amuru,ecmwf_aifs025_single,0.6
2026-06-29,2026-07-05,Amuru,ecmwf_aifs025_single,3.3
2026-06-29,2026-06-30,Amuru,gfs_seamless,0.8
2026-06-29,2026-07-01,Amuru,gfs_seamless,6.3
2026-06-29,2026-07-02,Amuru,gfs_seamless,14.7
2026-06-29,2026-07-03,Amuru,gfs_seamless,1.1
2026-06-29,2026-07-04,Amuru,gfs_seamless,2.2
2026-06-29,2026-07-05,Amuru,gfs_seamless,7.1
2026-06-29,2026-06-30,Amuru,icon_seamless,0.8
2026-06-29,2026-07-01,Amuru,icon_seamless,3.5
2026-06-29,2026-07-02,Amuru,icon_seamless,6.1
2026-06-29,2026-07-03,Amuru,icon_seamless,1.2
2026-06-29,2026-07-04,Amuru,icon_seamless,4.5
2026-06-29,2026-07-05,Amuru,icon_seamless,13.2
2026-06-29,2026-06-30,Amuru,ukmo_seamless,0.3
2026-06-29,2026-07-01,Amuru,ukmo_seamless,3.4
2026-06-29,2026-07-02,Amuru,ukmo_seamless,3.3
2026-06-29,2026-07-03,Amuru,ukmo_seamless,3.3
2026-06-29,2026-07-04,Amuru,ukmo_seamless,2.1
2026-06-29,2026-07-05,Amuru,ukmo_seamless,6.9
2026-06-29,2026-06-30,Amuru,meteofrance_seamless,0.3
2026-06-29,2026-07-01,Amuru,meteofrance_seamless,30.4
2026-06-29,2026-07-02,Amuru,meteofrance_seamless,9.0
2026-06-29,2026-06-30,Amuru,jma_seamless,2.5
2026-06-29,2026-07-01,Amuru,jma_seamless,9.0
2026-06-29,2026-07-02,Amuru,jma_seamless,7.5
2026-06-29,2026-07-03,Amuru,jma_seamless,9.9
2026-06-29,2026-07-04,Amuru,jma_seamless,1.8
2026-06-29,2026-07-05,Amuru,jma_seamless,16.2
2026-06-29,2026-06-30,Amuru,gem_seamless,7.2
2026-06-29,2026-07-01,Amuru,gem_seamless,9.2
2026-06-29,2026-07-02,Amuru,gem_seamless,5.6
2026-06-29,2026-07-03,Amuru,gem_seamless,3.6
2026-06-29,2026-07-04,Amuru,gem_seamless,4.5
2026-06-29,2026-07-05,Amuru,gem_seamless,0.0
2026-06-29,2026-06-30,Amuru,knmi_seamless,0.3
2026-06-29,2026-07-01,Amuru,knmi_seamless,10.0
2026-06-29,2026-07-02,Amuru,knmi_seamless,7.3
2026-06-29,2026-07-03,Amuru,knmi_seamless,2.5
2026-06-29,2026-07-04,Amuru,knmi_seamless,2.4
2026-06-29,2026-07-05,Amuru,knmi_seamless,12.4
2026-06-29,2026-06-30,Lamwo,ecmwf_ifs025,0.2
2026-06-29,2026-07-01,Lamwo,ecmwf_ifs025,4.7
2026-06-29,2026-07-02,Lamwo,ecmwf_ifs025,3.4
2026-06-29,2026-07-03,Lamwo,ecmwf_ifs025,8.7
2026-06-29,2026-07-04,Lamwo,ecmwf_ifs025,2.2
2026-06-29,2026-07-05,Lamwo,ecmwf_ifs025,14.7
2026-06-29,2026-06-30,Lamwo,ecmwf_aifs025_single,0.8
2026-06-29,2026-07-01,Lamwo,ecmwf_aifs025_single,2.3
2026-06-29,2026-07-02,Lamwo,ecmwf_aifs025_single,5.5
2026-06-29,2026-07-03,Lamwo,ecmwf_aifs025_single,3.9
2026-06-29,2026-07-04,Lamwo,ecmwf_aifs025_single,1.1
2026-06-29,2026-07-05,Lamwo,ecmwf_aifs025_single,2.7
2026-06-29,2026-06-30,Lamwo,gfs_seamless,0.3
2026-06-29,2026-07-01,Lamwo,gfs_seamless,2.9
2026-06-29,2026-07-02,Lamwo,gfs_seamless,1.5
2026-06-29,2026-07-03,Lamwo,gfs_seamless,5.8
2026-06-29,2026-07-04,Lamwo,gfs_seamless,2.6
2026-06-29,2026-07-05,Lamwo,gfs_seamless,3.1
2026-06-29,2026-06-30,Lamwo,icon_seamless,0.0
2026-06-29,2026-07-01,Lamwo,icon_seamless,3.1
2026-06-29,2026-07-02,Lamwo,icon_seamless,22.9
2026-06-29,2026-07-03,Lamwo,icon_seamless,0.3
2026-06-29,2026-07-04,Lamwo,icon_seamless,1.8
2026-06-29,2026-07-05,Lamwo,icon_seamless,11.1
2026-06-29,2026-06-30,Lamwo,ukmo_seamless,0.0
2026-06-29,2026-07-01,Lamwo,ukmo_seamless,0.8
2026-06-29,2026-07-02,Lamwo,ukmo_seamless,1.8
2026-06-29,2026-07-03,Lamwo,ukmo_seamless,3.6
2026-06-29,2026-07-04,Lamwo,ukmo_seamless,3.3
2026-06-29,2026-07-05,Lamwo,ukmo_seamless,3.6
2026-06-29,2026-06-30,Lamwo,meteofrance_seamless,3.3
2026-06-29,2026-07-01,Lamwo,meteofrance_seamless,5.3
2026-06-29,2026-07-02,Lamwo,meteofrance_seamless,9.3
2026-06-29,2026-06-30,Lamwo,jma_seamless,1.7
2026-06-29,2026-07-01,Lamwo,jma_seamless,3.7
2026-06-29,2026-07-02,Lamwo,jma_seamless,7.4
2026-06-29,2026-07-03,Lamwo,jma_seamless,7.3
2026-06-29,2026-07-04,Lamwo,jma_seamless,5.2
2026-06-29,2026-07-05,Lamwo,jma_seamless,20.1
2026-06-29,2026-06-30,Lamwo,gem_seamless,2.3
2026-06-29,2026-07-01,Lamwo,gem_seamless,10.3
2026-06-29,2026-07-02,Lamwo,gem_seamless,1.0
2026-06-29,2026-07-03,Lamwo,gem_seamless,0.3
2026-06-29,2026-07-04,Lamwo,gem_seamless,3.9
2026-06-29,2026-07-05,Lamwo,gem_seamless,4.7
2026-06-29,2026-06-30,Lamwo,knmi_seamless,0.8
2026-06-29,2026-07-01,Lamwo,knmi_seamless,4.9
2026-06-29,2026-07-02,Lamwo,knmi_seamless,3.7
2026-06-29,2026-07-03,Lamwo,knmi_seamless,7.7
2026-06-29,2026-07-04,Lamwo,knmi_seamless,2.8
2026-06-29,2026-07-05,Lamwo,knmi_seamless,17.6
2026-06-29,2026-06-30,Amolatar,ecmwf_ifs025,0.2
2026-06-29,2026-07-01,Amolatar,ecmwf_ifs025,1.3
2026-06-29,2026-07-02,Amolatar,ecmwf_ifs025,3.3
2026-06-29,2026-07-03,Amolatar,ecmwf_ifs025,0.0
2026-06-29,2026-07-04,Amolatar,ecmwf_ifs025,1.3
2026-06-29,2026-07-05,Amolatar,ecmwf_ifs025,2.5
2026-06-29,2026-06-30,Amolatar,ecmwf_aifs025_single,0.4
2026-06-29,2026-07-01,Amolatar,ecmwf_aifs025_single,1.4
2026-06-29,2026-07-02,Amolatar,ecmwf_aifs025_single,5.9
2026-06-29,2026-07-03,Amolatar,ecmwf_aifs025_single,1.3
2026-06-29,2026-07-04,Amolatar,ecmwf_aifs025_single,0.2
2026-06-29,2026-07-05,Amolatar,ecmwf_aifs025_single,1.8
2026-06-29,2026-06-30,Amolatar,gfs_seamless,0.0
2026-06-29,2026-07-01,Amolatar,gfs_seamless,2.7
2026-06-29,2026-07-02,Amolatar,gfs_seamless,0.0
2026-06-29,2026-07-03,Amolatar,gfs_seamless,0.2
2026-06-29,2026-07-04,Amolatar,gfs_seamless,0.3
2026-06-29,2026-07-05,Amolatar,gfs_seamless,0.5
2026-06-29,2026-06-30,Amolatar,icon_seamless,0.1
2026-06-29,2026-07-01,Amolatar,icon_seamless,2.4
2026-06-29,2026-07-02,Amolatar,icon_seamless,0.0
2026-06-29,2026-07-03,Amolatar,icon_seamless,0.0
2026-06-29,2026-07-04,Amolatar,icon_seamless,1.6
2026-06-29,2026-07-05,Amolatar,icon_seamless,4.3
2026-06-29,2026-06-30,Amolatar,ukmo_seamless,0.6
2026-06-29,2026-07-01,Amolatar,ukmo_seamless,0.3
2026-06-29,2026-07-02,Amolatar,ukmo_seamless,0.3
2026-06-29,2026-07-03,Amolatar,ukmo_seamless,0.6
2026-06-29,2026-07-04,Amolatar,ukmo_seamless,0.3
2026-06-29,2026-07-05,Amolatar,ukmo_seamless,0.8
2026-06-29,2026-06-30,Amolatar,meteofrance_seamless,0.0
2026-06-29,2026-07-01,Amolatar,meteofrance_seamless,0.0
2026-06-29,2026-07-02,Amolatar,meteofrance_seamless,0.8
2026-06-29,2026-06-30,Amolatar,jma_seamless,0.0
2026-06-29,2026-07-01,Amolatar,jma_seamless,0.2
2026-06-29,2026-07-02,Amolatar,jma_seamless,0.1
2026-06-29,2026-07-03,Amolatar,jma_seamless,0.2
2026-06-29,2026-07-04,Amolatar,jma_seamless,0.0
2026-06-29,2026-07-05,Amolatar,jma_seamless,0.0
2026-06-29,2026-06-30,Amolatar,gem_seamless,0.0
2026-06-29,2026-07-01,Amolatar,gem_seamless,0.4
2026-06-29,2026-07-02,Amolatar,gem_seamless,0.0
2026-06-29,2026-07-03,Amolatar,gem_seamless,0.0
2026-06-29,2026-07-04,Amolatar,gem_seamless,0.2
2026-06-29,2026-07-05,Amolatar,gem_seamless,0.4
2026-06-29,2026-06-30,Amolatar,knmi_seamless,0.3
2026-06-29,2026-07-01,Amolatar,knmi_seamless,1.6
2026-06-29,2026-07-02,Amolatar,knmi_seamless,2.2
2026-06-29,2026-07-03,Amolatar,knmi_seamless,0.0
2026-06-29,2026-07-04,Amolatar,knmi_seamless,0.2
2026-06-29,2026-07-05,Amolatar,knmi_seamless,3.9
2026-06-29,2026-06-30,Kalaki,ecmwf_ifs025,0.3
2026-06-29,2026-07-01,Kalaki,ecmwf_ifs025,1.1
2026-06-29,2026-07-02,Kalaki,ecmwf_ifs025,3.1
2026-06-29,2026-07-03,Kalaki,ecmwf_ifs025,7.1
2026-06-29,2026-07-04,Kalaki,ecmwf_ifs025,0.5
2026-06-29,2026-07-05,Kalaki,ecmwf_ifs025,2.0
2026-06-29,2026-06-30,Kalaki,ecmwf_aifs025_single,0.7
2026-06-29,2026-07-01,Kalaki,ecmwf_aifs025_single,1.4
2026-06-29,2026-07-02,Kalaki,ecmwf_aifs025_single,5.6
2026-06-29,2026-07-03,Kalaki,ecmwf_aifs025_single,3.0
2026-06-29,2026-07-04,Kalaki,ecmwf_aifs025_single,0.7
2026-06-29,2026-07-05,Kalaki,ecmwf_aifs025_single,2.2
2026-06-29,2026-06-30,Kalaki,gfs_seamless,0.8
2026-06-29,2026-07-01,Kalaki,gfs_seamless,0.8
2026-06-29,2026-07-02,Kalaki,gfs_seamless,5.2
2026-06-29,2026-07-03,Kalaki,gfs_seamless,6.9
2026-06-29,2026-07-04,Kalaki,gfs_seamless,0.2
2026-06-29,2026-07-05,Kalaki,gfs_seamless,0.0
2026-06-29,2026-06-30,Kalaki,icon_seamless,0.0
2026-06-29,2026-07-01,Kalaki,icon_seamless,1.0
2026-06-29,2026-07-02,Kalaki,icon_seamless,0.3
2026-06-29,2026-07-03,Kalaki,icon_seamless,0.4
2026-06-29,2026-07-04,Kalaki,icon_seamless,0.0
2026-06-29,2026-07-05,Kalaki,icon_seamless,1.5
2026-06-29,2026-06-30,Kalaki,ukmo_seamless,0.3
2026-06-29,2026-07-01,Kalaki,ukmo_seamless,0.0
2026-06-29,2026-07-02,Kalaki,ukmo_seamless,0.6
2026-06-29,2026-07-03,Kalaki,ukmo_seamless,0.6
2026-06-29,2026-07-04,Kalaki,ukmo_seamless,0.0
2026-06-29,2026-07-05,Kalaki,ukmo_seamless,1.3
2026-06-29,2026-06-30,Kalaki,meteofrance_seamless,0.2
2026-06-29,2026-07-01,Kalaki,meteofrance_seamless,0.3
2026-06-29,2026-07-02,Kalaki,meteofrance_seamless,0.4
2026-06-29,2026-06-30,Kalaki,jma_seamless,0.1
2026-06-29,2026-07-01,Kalaki,jma_seamless,2.7
2026-06-29,2026-07-02,Kalaki,jma_seamless,2.3
2026-06-29,2026-07-03,Kalaki,jma_seamless,2.0
2026-06-29,2026-07-04,Kalaki,jma_seamless,0.0
2026-06-29,2026-07-05,Kalaki,jma_seamless,5.4
2026-06-29,2026-06-30,Kalaki,gem_seamless,0.9
2026-06-29,2026-07-01,Kalaki,gem_seamless,1.9
2026-06-29,2026-07-02,Kalaki,gem_seamless,9.4
2026-06-29,2026-07-03,Kalaki,gem_seamless,0.0
2026-06-29,2026-07-04,Kalaki,gem_seamless,4.2
2026-06-29,2026-07-05,Kalaki,gem_seamless,2.6
2026-06-29,2026-06-30,Kalaki,knmi_seamless,0.2
2026-06-29,2026-07-01,Kalaki,knmi_seamless,5.4
2026-06-29,2026-07-02,Kalaki,knmi_seamless,4.0
2026-06-29,2026-07-03,Kalaki,knmi_seamless,2.2
2026-06-29,2026-07-04,Kalaki,knmi_seamless,3.0
2026-06-29,2026-07-05,Kalaki,knmi_seamless,6.9
2026-06-29,2026-06-30,Amuria,ecmwf_ifs025,0.3
2026-06-29,2026-07-01,Amuria,ecmwf_ifs025,1.1
2026-06-29,2026-07-02,Amuria,ecmwf_ifs025,3.1
2026-06-29,2026-07-03,Amuria,ecmwf_ifs025,7.1
2026-06-29,2026-07-04,Amuria,ecmwf_ifs025,0.5
2026-06-29,2026-07-05,Amuria,ecmwf_ifs025,2.0
2026-06-29,2026-06-30,Amuria,ecmwf_aifs025_single,0.7
2026-06-29,2026-07-01,Amuria,ecmwf_aifs025_single,1.4
2026-06-29,2026-07-02,Amuria,ecmwf_aifs025_single,5.6
2026-06-29,2026-07-03,Amuria,ecmwf_aifs025_single,3.0
2026-06-29,2026-07-04,Amuria,ecmwf_aifs025_single,0.7
2026-06-29,2026-07-05,Amuria,ecmwf_aifs025_single,2.2
2026-06-29,2026-06-30,Amuria,gfs_seamless,1.7
2026-06-29,2026-07-01,Amuria,gfs_seamless,0.9
2026-06-29,2026-07-02,Amuria,gfs_seamless,4.6
2026-06-29,2026-07-03,Amuria,gfs_seamless,3.6
2026-06-29,2026-07-04,Amuria,gfs_seamless,0.1
2026-06-29,2026-07-05,Amuria,gfs_seamless,0.6
2026-06-29,2026-06-30,Amuria,icon_seamless,0.2
2026-06-29,2026-07-01,Amuria,icon_seamless,1.0
2026-06-29,2026-07-02,Amuria,icon_seamless,1.0
2026-06-29,2026-07-03,Amuria,icon_seamless,0.3
2026-06-29,2026-07-04,Amuria,icon_seamless,0.4
2026-06-29,2026-07-05,Amuria,icon_seamless,8.0
2026-06-29,2026-06-30,Amuria,ukmo_seamless,0.1
2026-06-29,2026-07-01,Amuria,ukmo_seamless,0.0
2026-06-29,2026-07-02,Amuria,ukmo_seamless,0.9
2026-06-29,2026-07-03,Amuria,ukmo_seamless,1.5
2026-06-29,2026-07-04,Amuria,ukmo_seamless,0.0
2026-06-29,2026-07-05,Amuria,ukmo_seamless,0.6
2026-06-29,2026-06-30,Amuria,meteofrance_seamless,0.2
2026-06-29,2026-07-01,Amuria,meteofrance_seamless,0.3
2026-06-29,2026-07-02,Amuria,meteofrance_seamless,0.4
2026-06-29,2026-06-30,Amuria,jma_seamless,0.1
2026-06-29,2026-07-01,Amuria,jma_seamless,2.7
2026-06-29,2026-07-02,Amuria,jma_seamless,2.3
2026-06-29,2026-07-03,Amuria,jma_seamless,2.0
2026-06-29,2026-07-04,Amuria,jma_seamless,0.0
2026-06-29,2026-07-05,Amuria,jma_seamless,5.4
2026-06-29,2026-06-30,Amuria,gem_seamless,1.9
2026-06-29,2026-07-01,Amuria,gem_seamless,5.0
2026-06-29,2026-07-02,Amuria,gem_seamless,10.6
2026-06-29,2026-07-03,Amuria,gem_seamless,0.2
2026-06-29,2026-07-04,Amuria,gem_seamless,4.8
2026-06-29,2026-07-05,Amuria,gem_seamless,4.2
2026-06-29,2026-06-30,Amuria,knmi_seamless,0.4
2026-06-29,2026-07-01,Amuria,knmi_seamless,4.2
2026-06-29,2026-07-02,Amuria,knmi_seamless,4.3
2026-06-29,2026-07-03,Amuria,knmi_seamless,5.5
2026-06-29,2026-07-04,Amuria,knmi_seamless,2.3
2026-06-29,2026-07-05,Amuria,knmi_seamless,2.2
2026-06-29,2026-06-30,Kaberamaido,ecmwf_ifs025,0.0
2026-06-29,2026-07-01,Kaberamaido,ecmwf_ifs025,2.1
2026-06-29,2026-07-02,Kaberamaido,ecmwf_ifs025,6.9
2026-06-29,2026-07-03,Kaberamaido,ecmwf_ifs025,0.7
2026-06-29,2026-07-04,Kaberamaido,ecmwf_ifs025,0.0
2026-06-29,2026-07-05,Kaberamaido,ecmwf_ifs025,5.8
2026-06-29,2026-06-30,Kaberamaido,ecmwf_aifs025_single,0.6
2026-06-29,2026-07-01,Kaberamaido,ecmwf_aifs025_single,1.6
2026-06-29,2026-07-02,Kaberamaido,ecmwf_aifs025_single,6.2
2026-06-29,2026-07-03,Kaberamaido,ecmwf_aifs025_single,1.5
2026-06-29,2026-07-04,Kaberamaido,ecmwf_aifs025_single,0.4
2026-06-29,2026-07-05,Kaberamaido,ecmwf_aifs025_single,2.1
2026-06-29,2026-06-30,Kaberamaido,gfs_seamless,0.8
2026-06-29,2026-07-01,Kaberamaido,gfs_seamless,0.7
2026-06-29,2026-07-02,Kaberamaido,gfs_seamless,2.4
2026-06-29,2026-07-03,Kaberamaido,gfs_seamless,0.6
2026-06-29,2026-07-04,Kaberamaido,gfs_seamless,0.6
2026-06-29,2026-07-05,Kaberamaido,gfs_seamless,0.3
2026-06-29,2026-06-30,Kaberamaido,icon_seamless,0.0
2026-06-29,2026-07-01,Kaberamaido,icon_seamless,2.1
2026-06-29,2026-07-02,Kaberamaido,icon_seamless,0.1
2026-06-29,2026-07-03,Kaberamaido,icon_seamless,0.0
2026-06-29,2026-07-04,Kaberamaido,icon_seamless,0.0
2026-06-29,2026-07-05,Kaberamaido,icon_seamless,1.0
2026-06-29,2026-06-30,Kaberamaido,ukmo_seamless,0.6
2026-06-29,2026-07-01,Kaberamaido,ukmo_seamless,0.0
2026-06-29,2026-07-02,Kaberamaido,ukmo_seamless,0.6
2026-06-29,2026-07-03,Kaberamaido,ukmo_seamless,1.8
2026-06-29,2026-07-04,Kaberamaido,ukmo_seamless,0.3
2026-06-29,2026-07-05,Kaberamaido,ukmo_seamless,1.4
2026-06-29,2026-06-30,Kaberamaido,meteofrance_seamless,0.0
2026-06-29,2026-07-01,Kaberamaido,meteofrance_seamless,0.4
2026-06-29,2026-07-02,Kaberamaido,meteofrance_seamless,0.0
2026-06-29,2026-06-30,Kaberamaido,jma_seamless,0.0
2026-06-29,2026-07-01,Kaberamaido,jma_seamless,0.2
2026-06-29,2026-07-02,Kaberamaido,jma_seamless,0.1
2026-06-29,2026-07-03,Kaberamaido,jma_seamless,0.2
2026-06-29,2026-07-04,Kaberamaido,jma_seamless,0.0
2026-06-29,2026-07-05,Kaberamaido,jma_seamless,0.0
2026-06-29,2026-06-30,Kaberamaido,gem_seamless,0.0
2026-06-29,2026-07-01,Kaberamaido,gem_seamless,0.0
2026-06-29,2026-07-02,Kaberamaido,gem_seamless,0.2
2026-06-29,2026-07-03,Kaberamaido,gem_seamless,0.0
2026-06-29,2026-07-04,Kaberamaido,gem_seamless,0.6
2026-06-29,2026-07-05,Kaberamaido,gem_seamless,1.8
2026-06-29,2026-06-30,Kaberamaido,knmi_seamless,0.1
2026-06-29,2026-07-01,Kaberamaido,knmi_seamless,0.6
2026-06-29,2026-07-02,Kaberamaido,knmi_seamless,3.1
2026-06-29,2026-07-03,Kaberamaido,knmi_seamless,0.2
2026-06-29,2026-07-04,Kaberamaido,knmi_seamless,2.0
2026-06-29,2026-07-05,Kaberamaido,knmi_seamless,7.0
2026-06-29,2026-06-30,Kagadi,ecmwf_ifs025,0.1
2026-06-29,2026-07-01,Kagadi,ecmwf_ifs025,2.4
2026-06-29,2026-07-02,Kagadi,ecmwf_ifs025,4.9
2026-06-29,2026-07-03,Kagadi,ecmwf_ifs025,2.2
2026-06-29,2026-07-04,Kagadi,ecmwf_ifs025,1.6
2026-06-29,2026-07-05,Kagadi,ecmwf_ifs025,1.3
2026-06-29,2026-06-30,Kagadi,ecmwf_aifs025_single,0.0
2026-06-29,2026-07-01,Kagadi,ecmwf_aifs025_single,1.1
2026-06-29,2026-07-02,Kagadi,ecmwf_aifs025_single,4.0
2026-06-29,2026-07-03,Kagadi,ecmwf_aifs025_single,0.7
2026-06-29,2026-07-04,Kagadi,ecmwf_aifs025_single,0.6
2026-06-29,2026-07-05,Kagadi,ecmwf_aifs025_single,1.2
2026-06-29,2026-06-30,Kagadi,gfs_seamless,0.5
2026-06-29,2026-07-01,Kagadi,gfs_seamless,0.1
2026-06-29,2026-07-02,Kagadi,gfs_seamless,3.4
2026-06-29,2026-07-03,Kagadi,gfs_seamless,1.1
2026-06-29,2026-07-04,Kagadi,gfs_seamless,0.0
2026-06-29,2026-07-05,Kagadi,gfs_seamless,0.2
2026-06-29,2026-06-30,Kagadi,icon_seamless,0.8
2026-06-29,2026-07-01,Kagadi,icon_seamless,0.2
2026-06-29,2026-07-02,Kagadi,icon_seamless,9.0
2026-06-29,2026-07-03,Kagadi,icon_seamless,5.7
2026-06-29,2026-07-04,Kagadi,icon_seamless,3.3
2026-06-29,2026-07-05,Kagadi,icon_seamless,0.6
2026-06-29,2026-06-30,Kagadi,ukmo_seamless,1.1
2026-06-29,2026-07-01,Kagadi,ukmo_seamless,0.6
2026-06-29,2026-07-02,Kagadi,ukmo_seamless,0.0
2026-06-29,2026-07-03,Kagadi,ukmo_seamless,0.6
2026-06-29,2026-07-04,Kagadi,ukmo_seamless,0.9
2026-06-29,2026-07-05,Kagadi,ukmo_seamless,1.8
2026-06-29,2026-06-30,Kagadi,meteofrance_seamless,0.0
2026-06-29,2026-07-01,Kagadi,meteofrance_seamless,2.0
2026-06-29,2026-07-02,Kagadi,meteofrance_seamless,2.0
2026-06-29,2026-06-30,Kagadi,jma_seamless,0.0
2026-06-29,2026-07-01,Kagadi,jma_seamless,0.0
2026-06-29,2026-07-02,Kagadi,jma_seamless,0.4
2026-06-29,2026-07-03,Kagadi,jma_seamless,0.0
2026-06-29,2026-07-04,Kagadi,jma_seamless,0.0
2026-06-29,2026-07-05,Kagadi,jma_seamless,0.0
2026-06-29,2026-06-30,Kagadi,gem_seamless,4.0
2026-06-29,2026-07-01,Kagadi,gem_seamless,2.7
2026-06-29,2026-07-02,Kagadi,gem_seamless,4.1
2026-06-29,2026-07-03,Kagadi,gem_seamless,0.2
2026-06-29,2026-07-04,Kagadi,gem_seamless,0.0
2026-06-29,2026-07-05,Kagadi,gem_seamless,0.9
2026-06-29,2026-06-30,Kagadi,knmi_seamless,0.2
2026-06-29,2026-07-01,Kagadi,knmi_seamless,1.8
2026-06-29,2026-07-02,Kagadi,knmi_seamless,1.8
2026-06-29,2026-07-03,Kagadi,knmi_seamless,2.6
2026-06-29,2026-07-04,Kagadi,knmi_seamless,1.3
2026-06-29,2026-07-05,Kagadi,knmi_seamless,1.2
2026-06-29,2026-06-30,Dokolo,ecmwf_ifs025,0.5
2026-06-29,2026-07-01,Dokolo,ecmwf_ifs025,1.6
2026-06-29,2026-07-02,Dokolo,ecmwf_ifs025,7.5
2026-06-29,2026-07-03,Dokolo,ecmwf_ifs025,0.1
2026-06-29,2026-07-04,Dokolo,ecmwf_ifs025,0.0
2026-06-29,2026-07-05,Dokolo,ecmwf_ifs025,7.0
2026-06-29,2026-06-30,Dokolo,ecmwf_aifs025_single,0.6
2026-06-29,2026-07-01,Dokolo,ecmwf_aifs025_single,1.6
2026-06-29,2026-07-02,Dokolo,ecmwf_aifs025_single,6.8
2026-06-29,2026-07-03,Dokolo,ecmwf_aifs025_single,1.7
2026-06-29,2026-07-04,Dokolo,ecmwf_aifs025_single,0.3
2026-06-29,2026-07-05,Dokolo,ecmwf_aifs025_single,2.2
2026-06-29,2026-06-30,Dokolo,gfs_seamless,0.6
2026-06-29,2026-07-01,Dokolo,gfs_seamless,3.5
2026-06-29,2026-07-02,Dokolo,gfs_seamless,1.9
2026-06-29,2026-07-03,Dokolo,gfs_seamless,3.5
2026-06-29,2026-07-04,Dokolo,gfs_seamless,0.4
2026-06-29,2026-07-05,Dokolo,gfs_seamless,0.9
2026-06-29,2026-06-30,Dokolo,icon_seamless,0.1
2026-06-29,2026-07-01,Dokolo,icon_seamless,1.0
2026-06-29,2026-07-02,Dokolo,icon_seamless,2.8
2026-06-29,2026-07-03,Dokolo,icon_seamless,1.0
2026-06-29,2026-07-04,Dokolo,icon_seamless,0.2
2026-06-29,2026-07-05,Dokolo,icon_seamless,8.2
2026-06-29,2026-06-30,Dokolo,ukmo_seamless,0.0
2026-06-29,2026-07-01,Dokolo,ukmo_seamless,0.0
2026-06-29,2026-07-02,Dokolo,ukmo_seamless,0.3
2026-06-29,2026-07-03,Dokolo,ukmo_seamless,0.9
2026-06-29,2026-07-04,Dokolo,ukmo_seamless,0.0
2026-06-29,2026-07-05,Dokolo,ukmo_seamless,0.8
2026-06-29,2026-06-30,Dokolo,meteofrance_seamless,0.0
2026-06-29,2026-07-01,Dokolo,meteofrance_seamless,0.6
2026-06-29,2026-07-02,Dokolo,meteofrance_seamless,1.1
2026-06-29,2026-06-30,Dokolo,jma_seamless,0.0
2026-06-29,2026-07-01,Dokolo,jma_seamless,1.1
2026-06-29,2026-07-02,Dokolo,jma_seamless,1.7
2026-06-29,2026-07-03,Dokolo,jma_seamless,1.0
2026-06-29,2026-07-04,Dokolo,jma_seamless,0.5
2026-06-29,2026-07-05,Dokolo,jma_seamless,0.9
2026-06-29,2026-06-30,Dokolo,gem_seamless,0.0
2026-06-29,2026-07-01,Dokolo,gem_seamless,0.0
2026-06-29,2026-07-02,Dokolo,gem_seamless,1.2
2026-06-29,2026-07-03,Dokolo,gem_seamless,0.0
2026-06-29,2026-07-04,Dokolo,gem_seamless,0.0
2026-06-29,2026-07-05,Dokolo,gem_seamless,7.8
2026-06-29,2026-06-30,Dokolo,knmi_seamless,0.1
2026-06-29,2026-07-01,Dokolo,knmi_seamless,4.5
2026-06-29,2026-07-02,Dokolo,knmi_seamless,3.1
2026-06-29,2026-07-03,Dokolo,knmi_seamless,0.1
2026-06-29,2026-07-04,Dokolo,knmi_seamless,2.0
2026-06-29,2026-07-05,Dokolo,knmi_seamless,4.8
2026-06-29,2026-06-30,Kwania,ecmwf_ifs025,0.0
2026-06-29,2026-07-01,Kwania,ecmwf_ifs025,0.8
2026-06-29,2026-07-02,Kwania,ecmwf_ifs025,8.7
2026-06-29,2026-07-03,Kwania,ecmwf_ifs025,0.0
2026-06-29,2026-07-04,Kwania,ecmwf_ifs025,0.1
2026-06-29,2026-07-05,Kwania,ecmwf_ifs025,5.0
2026-06-29,2026-06-30,Kwania,ecmwf_aifs025_single,0.4
2026-06-29,2026-07-01,Kwania,ecmwf_aifs025_single,1.6
2026-06-29,2026-07-02,Kwania,ecmwf_aifs025_single,6.4
2026-06-29,2026-07-03,Kwania,ecmwf_aifs025_single,1.2
2026-06-29,2026-07-04,Kwania,ecmwf_aifs025_single,0.2
2026-06-29,2026-07-05,Kwania,ecmwf_aifs025_single,2.1
2026-06-29,2026-06-30,Kwania,gfs_seamless,0.2
2026-06-29,2026-07-01,Kwania,gfs_seamless,4.5
2026-06-29,2026-07-02,Kwania,gfs_seamless,5.9
2026-06-29,2026-07-03,Kwania,gfs_seamless,2.6
2026-06-29,2026-07-04,Kwania,gfs_seamless,0.3
2026-06-29,2026-07-05,Kwania,gfs_seamless,0.6
2026-06-29,2026-06-30,Kwania,icon_seamless,0.2
2026-06-29,2026-07-01,Kwania,icon_seamless,0.4
2026-06-29,2026-07-02,Kwania,icon_seamless,2.3
2026-06-29,2026-07-03,Kwania,icon_seamless,0.2
2026-06-29,2026-07-04,Kwania,icon_seamless,0.4
2026-06-29,2026-07-05,Kwania,icon_seamless,10.0
2026-06-29,2026-06-30,Kwania,ukmo_seamless,0.0
2026-06-29,2026-07-01,Kwania,ukmo_seamless,0.1
2026-06-29,2026-07-02,Kwania,ukmo_seamless,0.0
2026-06-29,2026-07-03,Kwania,ukmo_seamless,1.2
2026-06-29,2026-07-04,Kwania,ukmo_seamless,0.0
2026-06-29,2026-07-05,Kwania,ukmo_seamless,0.6
2026-06-29,2026-06-30,Kwania,meteofrance_seamless,0.0
2026-06-29,2026-07-01,Kwania,meteofrance_seamless,0.3
2026-06-29,2026-07-02,Kwania,meteofrance_seamless,0.5
2026-06-29,2026-06-30,Kwania,jma_seamless,0.0
2026-06-29,2026-07-01,Kwania,jma_seamless,1.1
2026-06-29,2026-07-02,Kwania,jma_seamless,1.7
2026-06-29,2026-07-03,Kwania,jma_seamless,1.0
2026-06-29,2026-07-04,Kwania,jma_seamless,0.5
2026-06-29,2026-07-05,Kwania,jma_seamless,0.9
2026-06-29,2026-06-30,Kwania,gem_seamless,0.2
2026-06-29,2026-07-01,Kwania,gem_seamless,0.0
2026-06-29,2026-07-02,Kwania,gem_seamless,2.7
2026-06-29,2026-07-03,Kwania,gem_seamless,0.0
2026-06-29,2026-07-04,Kwania,gem_seamless,0.0
2026-06-29,2026-07-05,Kwania,gem_seamless,3.0
2026-06-29,2026-06-30,Kwania,knmi_seamless,0.0
2026-06-29,2026-07-01,Kwania,knmi_seamless,3.2
2026-06-29,2026-07-02,Kwania,knmi_seamless,2.6
2026-06-29,2026-07-03,Kwania,knmi_seamless,0.0
2026-06-29,2026-07-04,Kwania,knmi_seamless,1.4
2026-06-29,2026-07-05,Kwania,knmi_seamless,1.9
2026-06-29,2026-06-30,Kyenjojo,ecmwf_ifs025,0.0
2026-06-29,2026-07-01,Kyenjojo,ecmwf_ifs025,1.6
2026-06-29,2026-07-02,Kyenjojo,ecmwf_ifs025,3.0
2026-06-29,2026-07-03,Kyenjojo,ecmwf_ifs025,1.2
2026-06-29,2026-07-04,Kyenjojo,ecmwf_ifs025,0.4
2026-06-29,2026-07-05,Kyenjojo,ecmwf_ifs025,0.8
2026-06-29,2026-06-30,Kyenjojo,ecmwf_aifs025_single,0.0
2026-06-29,2026-07-01,Kyenjojo,ecmwf_aifs025_single,0.7
2026-06-29,2026-07-02,Kyenjojo,ecmwf_aifs025_single,2.1
2026-06-29,2026-07-03,Kyenjojo,ecmwf_aifs025_single,0.4
2026-06-29,2026-07-04,Kyenjojo,ecmwf_aifs025_single,0.3
2026-06-29,2026-07-05,Kyenjojo,ecmwf_aifs025_single,0.7
2026-06-29,2026-06-30,Kyenjojo,gfs_seamless,0.2
2026-06-29,2026-07-01,Kyenjojo,gfs_seamless,0.0
2026-06-29,2026-07-02,Kyenjojo,gfs_seamless,0.9
2026-06-29,2026-07-03,Kyenjojo,gfs_seamless,1.0
2026-06-29,2026-07-04,Kyenjojo,gfs_seamless,0.0
2026-06-29,2026-07-05,Kyenjojo,gfs_seamless,0.0
2026-06-29,2026-06-30,Kyenjojo,icon_seamless,0.2
2026-06-29,2026-07-01,Kyenjojo,icon_seamless,0.0
2026-06-29,2026-07-02,Kyenjojo,icon_seamless,0.0
2026-06-29,2026-07-03,Kyenjojo,icon_seamless,3.5
2026-06-29,2026-07-04,Kyenjojo,icon_seamless,4.1
2026-06-29,2026-07-05,Kyenjojo,icon_seamless,1.1
2026-06-29,2026-06-30,Kyenjojo,ukmo_seamless,1.1
2026-06-29,2026-07-01,Kyenjojo,ukmo_seamless,0.6
2026-06-29,2026-07-02,Kyenjojo,ukmo_seamless,0.3
2026-06-29,2026-07-03,Kyenjojo,ukmo_seamless,0.6
2026-06-29,2026-07-04,Kyenjojo,ukmo_seamless,0.3
2026-06-29,2026-07-05,Kyenjojo,ukmo_seamless,2.6
2026-06-29,2026-06-30,Kyenjojo,meteofrance_seamless,0.0
2026-06-29,2026-07-01,Kyenjojo,meteofrance_seamless,0.0
2026-06-29,2026-07-02,Kyenjojo,meteofrance_seamless,1.6
2026-06-29,2026-06-30,Kyenjojo,jma_seamless,0.0
2026-06-29,2026-07-01,Kyenjojo,jma_seamless,0.0
2026-06-29,2026-07-02,Kyenjojo,jma_seamless,0.5
2026-06-29,2026-07-03,Kyenjojo,jma_seamless,0.1
2026-06-29,2026-07-04,Kyenjojo,jma_seamless,0.0
2026-06-29,2026-07-05,Kyenjojo,jma_seamless,0.1
2026-06-29,2026-06-30,Kyenjojo,gem_seamless,0.4
2026-06-29,2026-07-01,Kyenjojo,gem_seamless,5.1
2026-06-29,2026-07-02,Kyenjojo,gem_seamless,3.0
2026-06-29,2026-07-03,Kyenjojo,gem_seamless,0.9
2026-06-29,2026-07-04,Kyenjojo,gem_seamless,0.3
2026-06-29,2026-07-05,Kyenjojo,gem_seamless,0.0
2026-06-29,2026-06-30,Kyenjojo,knmi_seamless,0.0
2026-06-29,2026-07-01,Kyenjojo,knmi_seamless,1.3
2026-06-29,2026-07-02,Kyenjojo,knmi_seamless,3.1
2026-06-29,2026-07-03,Kyenjojo,knmi_seamless,1.2
2026-06-29,2026-07-04,Kyenjojo,knmi_seamless,0.0
2026-06-29,2026-07-05,Kyenjojo,knmi_seamless,1.2
2026-06-30,2026-07-02,Agago,ecmwf_ifs025,2.2
2026-06-30,2026-07-03,Agago,ecmwf_ifs025,2.2
2026-06-30,2026-07-04,Agago,ecmwf_ifs025,4.1
2026-06-30,2026-07-05,Agago,ecmwf_ifs025,2.9
2026-06-30,2026-07-06,Agago,ecmwf_ifs025,0.5
2026-06-30,2026-07-07,Agago,ecmwf_ifs025,1.2
2026-06-30,2026-07-02,Agago,ecmwf_aifs025_single,6.5
2026-06-30,2026-07-03,Agago,ecmwf_aifs025_single,3.1
2026-06-30,2026-07-04,Agago,ecmwf_aifs025_single,1.2
2026-06-30,2026-07-05,Agago,ecmwf_aifs025_single,1.9
2026-06-30,2026-07-06,Agago,ecmwf_aifs025_single,1.8
2026-06-30,2026-07-07,Agago,ecmwf_aifs025_single,0.3
2026-06-30,2026-07-02,Agago,gfs_seamless,4.1
2026-06-30,2026-07-03,Agago,gfs_seamless,4.0
2026-06-30,2026-07-04,Agago,gfs_seamless,9.4
2026-06-30,2026-07-05,Agago,gfs_seamless,1.6
2026-06-30,2026-07-06,Agago,gfs_seamless,0.0
2026-06-30,2026-07-07,Agago,gfs_seamless,0.2
2026-06-30,2026-07-02,Agago,icon_seamless,10.1
2026-06-30,2026-07-03,Agago,icon_seamless,3.5
2026-06-30,2026-07-04,Agago,icon_seamless,0.3
2026-06-30,2026-07-05,Agago,icon_seamless,3.0
2026-06-30,2026-07-06,Agago,icon_seamless,1.8
2026-06-30,2026-07-07,Agago,icon_seamless,0.0
2026-06-30,2026-07-02,Agago,ukmo_seamless,13.4
2026-06-30,2026-07-03,Agago,ukmo_seamless,0.0
2026-06-30,2026-07-04,Agago,ukmo_seamless,0.0
2026-06-30,2026-07-05,Agago,ukmo_seamless,0.0
2026-06-30,2026-07-06,Agago,ukmo_seamless,0.3
2026-06-30,2026-07-02,Agago,meteofrance_seamless,8.0
2026-06-30,2026-07-03,Agago,meteofrance_seamless,0.0
2026-06-30,2026-07-02,Agago,jma_seamless,1.8
2026-06-30,2026-07-03,Agago,jma_seamless,5.2
2026-06-30,2026-07-04,Agago,jma_seamless,0.9
2026-06-30,2026-07-05,Agago,jma_seamless,11.9
2026-06-30,2026-07-06,Agago,jma_seamless,2.6
2026-06-30,2026-07-07,Agago,jma_seamless,5.2
2026-06-30,2026-07-02,Agago,gem_seamless,23.3
2026-06-30,2026-07-03,Agago,gem_seamless,1.6
2026-06-30,2026-07-04,Agago,gem_seamless,4.8
2026-06-30,2026-07-05,Agago,gem_seamless,1.8
2026-06-30,2026-07-06,Agago,gem_seamless,2.8
2026-06-30,2026-07-07,Agago,gem_seamless,2.8
2026-06-30,2026-07-02,Agago,knmi_seamless,3.1
2026-06-30,2026-07-03,Agago,knmi_seamless,1.1
2026-06-30,2026-07-04,Agago,knmi_seamless,2.4
2026-06-30,2026-07-05,Agago,knmi_seamless,3.3
2026-06-30,2026-07-06,Agago,knmi_seamless,0.8
2026-06-30,2026-07-07,Agago,knmi_seamless,0.6
2026-06-30,2026-07-02,Otuke,ecmwf_ifs025,5.7
2026-06-30,2026-07-03,Otuke,ecmwf_ifs025,1.6
2026-06-30,2026-07-04,Otuke,ecmwf_ifs025,2.0
2026-06-30,2026-07-05,Otuke,ecmwf_ifs025,2.4
2026-06-30,2026-07-06,Otuke,ecmwf_ifs025,2.0
2026-06-30,2026-07-07,Otuke,ecmwf_ifs025,4.2
2026-06-30,2026-07-02,Otuke,ecmwf_aifs025_single,6.8
2026-06-30,2026-07-03,Otuke,ecmwf_aifs025_single,2.7
2026-06-30,2026-07-04,Otuke,ecmwf_aifs025_single,1.0
2026-06-30,2026-07-05,Otuke,ecmwf_aifs025_single,1.9
2026-06-30,2026-07-06,Otuke,ecmwf_aifs025_single,2.2
2026-06-30,2026-07-07,Otuke,ecmwf_aifs025_single,0.5
2026-06-30,2026-07-02,Otuke,gfs_seamless,8.7
2026-06-30,2026-07-03,Otuke,gfs_seamless,5.2
2026-06-30,2026-07-04,Otuke,gfs_seamless,0.7
2026-06-30,2026-07-05,Otuke,gfs_seamless,0.0
2026-06-30,2026-07-06,Otuke,gfs_seamless,0.0
2026-06-30,2026-07-07,Otuke,gfs_seamless,0.0
2026-06-30,2026-07-02,Otuke,icon_seamless,9.8
2026-06-30,2026-07-03,Otuke,icon_seamless,2.7
2026-06-30,2026-07-04,Otuke,icon_seamless,0.0
2026-06-30,2026-07-05,Otuke,icon_seamless,1.2
2026-06-30,2026-07-06,Otuke,icon_seamless,10.2
2026-06-30,2026-07-07,Otuke,icon_seamless,0.0
2026-06-30,2026-07-02,Otuke,ukmo_seamless,13.9
2026-06-30,2026-07-03,Otuke,ukmo_seamless,0.0
2026-06-30,2026-07-04,Otuke,ukmo_seamless,0.0
2026-06-30,2026-07-05,Otuke,ukmo_seamless,0.2
2026-06-30,2026-07-06,Otuke,ukmo_seamless,4.6
2026-06-30,2026-07-02,Otuke,meteofrance_seamless,9.3
2026-06-30,2026-07-03,Otuke,meteofrance_seamless,0.0
2026-06-30,2026-07-02,Otuke,jma_seamless,9.7
2026-06-30,2026-07-03,Otuke,jma_seamless,4.0
2026-06-30,2026-07-04,Otuke,jma_seamless,0.0
2026-06-30,2026-07-05,Otuke,jma_seamless,4.5
2026-06-30,2026-07-06,Otuke,jma_seamless,6.0
2026-06-30,2026-07-07,Otuke,jma_seamless,2.3
2026-06-30,2026-07-02,Otuke,gem_seamless,22.0
2026-06-30,2026-07-03,Otuke,gem_seamless,0.0
2026-06-30,2026-07-04,Otuke,gem_seamless,4.9
2026-06-30,2026-07-05,Otuke,gem_seamless,1.7
2026-06-30,2026-07-06,Otuke,gem_seamless,3.5
2026-06-30,2026-07-07,Otuke,gem_seamless,1.0
2026-06-30,2026-07-02,Otuke,knmi_seamless,2.7
2026-06-30,2026-07-03,Otuke,knmi_seamless,0.8
2026-06-30,2026-07-04,Otuke,knmi_seamless,1.7
2026-06-30,2026-07-05,Otuke,knmi_seamless,0.7
2026-06-30,2026-07-06,Otuke,knmi_seamless,1.5
2026-06-30,2026-07-07,Otuke,knmi_seamless,2.0
2026-06-30,2026-07-02,Kitgum,ecmwf_ifs025,7.6
2026-06-30,2026-07-03,Kitgum,ecmwf_ifs025,9.2
2026-06-30,2026-07-04,Kitgum,ecmwf_ifs025,1.7
2026-06-30,2026-07-05,Kitgum,ecmwf_ifs025,5.0
2026-06-30,2026-07-06,Kitgum,ecmwf_ifs025,0.5
2026-06-30,2026-07-07,Kitgum,ecmwf_ifs025,1.6
2026-06-30,2026-07-02,Kitgum,ecmwf_aifs025_single,7.0
2026-06-30,2026-07-03,Kitgum,ecmwf_aifs025_single,2.5
2026-06-30,2026-07-04,Kitgum,ecmwf_aifs025_single,1.2
2026-06-30,2026-07-05,Kitgum,ecmwf_aifs025_single,1.8
2026-06-30,2026-07-06,Kitgum,ecmwf_aifs025_single,1.7
2026-06-30,2026-07-07,Kitgum,ecmwf_aifs025_single,0.3
2026-06-30,2026-07-02,Kitgum,gfs_seamless,7.2
2026-06-30,2026-07-03,Kitgum,gfs_seamless,1.8
2026-06-30,2026-07-04,Kitgum,gfs_seamless,7.8
2026-06-30,2026-07-05,Kitgum,gfs_seamless,1.1
2026-06-30,2026-07-06,Kitgum,gfs_seamless,1.2
2026-06-30,2026-07-07,Kitgum,gfs_seamless,0.0
2026-06-30,2026-07-02,Kitgum,icon_seamless,15.4
2026-06-30,2026-07-03,Kitgum,icon_seamless,0.7
2026-06-30,2026-07-04,Kitgum,icon_seamless,0.3
2026-06-30,2026-07-05,Kitgum,icon_seamless,7.8
2026-06-30,2026-07-06,Kitgum,icon_seamless,1.2
2026-06-30,2026-07-07,Kitgum,icon_seamless,0.0
2026-06-30,2026-07-02,Kitgum,ukmo_seamless,10.6
2026-06-30,2026-07-03,Kitgum,ukmo_seamless,0.0
2026-06-30,2026-07-04,Kitgum,ukmo_seamless,0.0
2026-06-30,2026-07-05,Kitgum,ukmo_seamless,0.2
2026-06-30,2026-07-06,Kitgum,ukmo_seamless,0.4
2026-06-30,2026-07-02,Kitgum,meteofrance_seamless,9.1
2026-06-30,2026-07-03,Kitgum,meteofrance_seamless,0.0
2026-06-30,2026-07-02,Kitgum,jma_seamless,6.8
2026-06-30,2026-07-03,Kitgum,jma_seamless,5.5
2026-06-30,2026-07-04,Kitgum,jma_seamless,3.8
2026-06-30,2026-07-05,Kitgum,jma_seamless,4.2
2026-06-30,2026-07-06,Kitgum,jma_seamless,4.9
2026-06-30,2026-07-07,Kitgum,jma_seamless,4.4
2026-06-30,2026-07-02,Kitgum,gem_seamless,38.2
2026-06-30,2026-07-03,Kitgum,gem_seamless,0.3
2026-06-30,2026-07-04,Kitgum,gem_seamless,5.4
2026-06-30,2026-07-05,Kitgum,gem_seamless,7.5
2026-06-30,2026-07-06,Kitgum,gem_seamless,1.1
2026-06-30,2026-07-07,Kitgum,gem_seamless,2.0
2026-06-30,2026-07-02,Kitgum,knmi_seamless,7.2
2026-06-30,2026-07-03,Kitgum,knmi_seamless,9.6
2026-06-30,2026-07-04,Kitgum,knmi_seamless,2.1
2026-06-30,2026-07-05,Kitgum,knmi_seamless,4.2
2026-06-30,2026-07-06,Kitgum,knmi_seamless,0.5
2026-06-30,2026-07-07,Kitgum,knmi_seamless,0.6
2026-06-30,2026-07-02,Pader,ecmwf_ifs025,6.0
2026-06-30,2026-07-03,Pader,ecmwf_ifs025,3.6
2026-06-30,2026-07-04,Pader,ecmwf_ifs025,5.8
2026-06-30,2026-07-05,Pader,ecmwf_ifs025,3.4
2026-06-30,2026-07-06,Pader,ecmwf_ifs025,0.6
2026-06-30,2026-07-07,Pader,ecmwf_ifs025,1.2
2026-06-30,2026-07-02,Pader,ecmwf_aifs025_single,7.6
2026-06-30,2026-07-03,Pader,ecmwf_aifs025_single,2.5
2026-06-30,2026-07-04,Pader,ecmwf_aifs025_single,1.2
2026-06-30,2026-07-05,Pader,ecmwf_aifs025_single,1.9
2026-06-30,2026-07-06,Pader,ecmwf_aifs025_single,1.9
2026-06-30,2026-07-07,Pader,ecmwf_aifs025_single,0.4
2026-06-30,2026-07-02,Pader,gfs_seamless,5.4
2026-06-30,2026-07-03,Pader,gfs_seamless,3.9
2026-06-30,2026-07-04,Pader,gfs_seamless,6.5
2026-06-30,2026-07-05,Pader,gfs_seamless,0.0
2026-06-30,2026-07-06,Pader,gfs_seamless,0.6
2026-06-30,2026-07-07,Pader,gfs_seamless,0.0
2026-06-30,2026-07-02,Pader,icon_seamless,4.4
2026-06-30,2026-07-03,Pader,icon_seamless,3.2
2026-06-30,2026-07-04,Pader,icon_seamless,1.8
2026-06-30,2026-07-05,Pader,icon_seamless,3.6
2026-06-30,2026-07-06,Pader,icon_seamless,7.5
2026-06-30,2026-07-07,Pader,icon_seamless,0.0
2026-06-30,2026-07-02,Pader,ukmo_seamless,7.6
2026-06-30,2026-07-03,Pader,ukmo_seamless,0.3
2026-06-30,2026-07-04,Pader,ukmo_seamless,0.3
2026-06-30,2026-07-05,Pader,ukmo_seamless,0.5
2026-06-30,2026-07-06,Pader,ukmo_seamless,0.9
2026-06-30,2026-07-02,Pader,meteofrance_seamless,3.5
2026-06-30,2026-07-03,Pader,meteofrance_seamless,0.0
2026-06-30,2026-07-02,Pader,jma_seamless,10.1
2026-06-30,2026-07-03,Pader,jma_seamless,7.7
2026-06-30,2026-07-04,Pader,jma_seamless,0.2
2026-06-30,2026-07-05,Pader,jma_seamless,7.1
2026-06-30,2026-07-06,Pader,jma_seamless,2.2
2026-06-30,2026-07-07,Pader,jma_seamless,4.8
2026-06-30,2026-07-02,Pader,gem_seamless,40.7
2026-06-30,2026-07-03,Pader,gem_seamless,0.0
2026-06-30,2026-07-04,Pader,gem_seamless,10.4
2026-06-30,2026-07-05,Pader,gem_seamless,4.6
2026-06-30,2026-07-06,Pader,gem_seamless,1.9
2026-06-30,2026-07-07,Pader,gem_seamless,1.1
2026-06-30,2026-07-02,Pader,knmi_seamless,3.8
2026-06-30,2026-07-03,Pader,knmi_seamless,1.6
2026-06-30,2026-07-04,Pader,knmi_seamless,5.1
2026-06-30,2026-07-05,Pader,knmi_seamless,3.6
2026-06-30,2026-07-06,Pader,knmi_seamless,0.5
2026-06-30,2026-07-07,Pader,knmi_seamless,1.2
2026-06-30,2026-07-02,Alebtong,ecmwf_ifs025,11.6
2026-06-30,2026-07-03,Alebtong,ecmwf_ifs025,0.3
2026-06-30,2026-07-04,Alebtong,ecmwf_ifs025,3.3
2026-06-30,2026-07-05,Alebtong,ecmwf_ifs025,3.4
2026-06-30,2026-07-06,Alebtong,ecmwf_ifs025,3.6
2026-06-30,2026-07-07,Alebtong,ecmwf_ifs025,1.0
2026-06-30,2026-07-02,Alebtong,ecmwf_aifs025_single,7.1
2026-06-30,2026-07-03,Alebtong,ecmwf_aifs025_single,2.5
2026-06-30,2026-07-04,Alebtong,ecmwf_aifs025_single,0.9
2026-06-30,2026-07-05,Alebtong,ecmwf_aifs025_single,2.2
2026-06-30,2026-07-06,Alebtong,ecmwf_aifs025_single,2.8
2026-06-30,2026-07-07,Alebtong,ecmwf_aifs025_single,1.0
2026-06-30,2026-07-02,Alebtong,gfs_seamless,10.7
2026-06-30,2026-07-03,Alebtong,gfs_seamless,2.3
2026-06-30,2026-07-04,Alebtong,gfs_seamless,2.7
2026-06-30,2026-07-05,Alebtong,gfs_seamless,0.3
2026-06-30,2026-07-06,Alebtong,gfs_seamless,0.3
2026-06-30,2026-07-07,Alebtong,gfs_seamless,0.0
2026-06-30,2026-07-02,Alebtong,icon_seamless,1.3
2026-06-30,2026-07-03,Alebtong,icon_seamless,1.8
2026-06-30,2026-07-04,Alebtong,icon_seamless,0.3
2026-06-30,2026-07-05,Alebtong,icon_seamless,1.5
2026-06-30,2026-07-06,Alebtong,icon_seamless,5.7
2026-06-30,2026-07-07,Alebtong,icon_seamless,0.9
2026-06-30,2026-07-02,Alebtong,ukmo_seamless,10.8
2026-06-30,2026-07-03,Alebtong,ukmo_seamless,0.0
2026-06-30,2026-07-04,Alebtong,ukmo_seamless,0.0
2026-06-30,2026-07-05,Alebtong,ukmo_seamless,0.4
2026-06-30,2026-07-06,Alebtong,ukmo_seamless,5.0
2026-06-30,2026-07-02,Alebtong,meteofrance_seamless,8.2
2026-06-30,2026-07-03,Alebtong,meteofrance_seamless,0.0
2026-06-30,2026-07-02,Alebtong,jma_seamless,5.2
2026-06-30,2026-07-03,Alebtong,jma_seamless,3.8
2026-06-30,2026-07-04,Alebtong,jma_seamless,3.2
2026-06-30,2026-07-05,Alebtong,jma_seamless,5.7
2026-06-30,2026-07-06,Alebtong,jma_seamless,4.0
2026-06-30,2026-07-07,Alebtong,jma_seamless,3.6
2026-06-30,2026-07-02,Alebtong,gem_seamless,43.4
2026-06-30,2026-07-03,Alebtong,gem_seamless,0.0
2026-06-30,2026-07-04,Alebtong,gem_seamless,2.7
2026-06-30,2026-07-05,Alebtong,gem_seamless,2.7
2026-06-30,2026-07-06,Alebtong,gem_seamless,5.4
2026-06-30,2026-07-07,Alebtong,gem_seamless,1.3
2026-06-30,2026-07-02,Alebtong,knmi_seamless,3.9
2026-06-30,2026-07-03,Alebtong,knmi_seamless,0.5
2026-06-30,2026-07-04,Alebtong,knmi_seamless,2.2
2026-06-30,2026-07-05,Alebtong,knmi_seamless,1.3
2026-06-30,2026-07-06,Alebtong,knmi_seamless,3.6
2026-06-30,2026-07-07,Alebtong,knmi_seamless,4.4
2026-06-30,2026-07-02,Lira,ecmwf_ifs025,10.4
2026-06-30,2026-07-03,Lira,ecmwf_ifs025,0.4
2026-06-30,2026-07-04,Lira,ecmwf_ifs025,7.8
2026-06-30,2026-07-05,Lira,ecmwf_ifs025,3.6
2026-06-30,2026-07-06,Lira,ecmwf_ifs025,1.5
2026-06-30,2026-07-07,Lira,ecmwf_ifs025,7.2
2026-06-30,2026-07-02,Lira,ecmwf_aifs025_single,8.1
2026-06-30,2026-07-03,Lira,ecmwf_aifs025_single,2.2
2026-06-30,2026-07-04,Lira,ecmwf_aifs025_single,0.7
2026-06-30,2026-07-05,Lira,ecmwf_aifs025_single,2.2
2026-06-30,2026-07-06,Lira,ecmwf_aifs025_single,2.7
2026-06-30,2026-07-07,Lira,ecmwf_aifs025_single,0.9
2026-06-30,2026-07-02,Lira,gfs_seamless,10.3
2026-06-30,2026-07-03,Lira,gfs_seamless,3.4
2026-06-30,2026-07-04,Lira,gfs_seamless,2.8
2026-06-30,2026-07-05,Lira,gfs_seamless,0.0
2026-06-30,2026-07-06,Lira,gfs_seamless,0.3
2026-06-30,2026-07-07,Lira,gfs_seamless,0.0
2026-06-30,2026-07-02,Lira,icon_seamless,1.0
2026-06-30,2026-07-03,Lira,icon_seamless,0.8
2026-06-30,2026-07-04,Lira,icon_seamless,0.0
2026-06-30,2026-07-05,Lira,icon_seamless,3.0
2026-06-30,2026-07-06,Lira,icon_seamless,8.8
2026-06-30,2026-07-07,Lira,icon_seamless,12.8
2026-06-30,2026-07-02,Lira,ukmo_seamless,8.4
2026-06-30,2026-07-03,Lira,ukmo_seamless,0.0
2026-06-30,2026-07-04,Lira,ukmo_seamless,0.0
2026-06-30,2026-07-05,Lira,ukmo_seamless,0.0
2026-06-30,2026-07-06,Lira,ukmo_seamless,4.7
2026-06-30,2026-07-02,Lira,meteofrance_seamless,6.4
2026-06-30,2026-07-03,Lira,meteofrance_seamless,0.0
2026-06-30,2026-07-02,Lira,jma_seamless,5.2
2026-06-30,2026-07-03,Lira,jma_seamless,3.8
2026-06-30,2026-07-04,Lira,jma_seamless,3.2
2026-06-30,2026-07-05,Lira,jma_seamless,5.7
2026-06-30,2026-07-06,Lira,jma_seamless,4.0
2026-06-30,2026-07-07,Lira,jma_seamless,3.6
2026-06-30,2026-07-02,Lira,gem_seamless,53.2
2026-06-30,2026-07-03,Lira,gem_seamless,0.0
2026-06-30,2026-07-04,Lira,gem_seamless,10.6
2026-06-30,2026-07-05,Lira,gem_seamless,10.7
2026-06-30,2026-07-06,Lira,gem_seamless,1.3
2026-06-30,2026-07-07,Lira,gem_seamless,1.0
2026-06-30,2026-07-02,Lira,knmi_seamless,4.8
2026-06-30,2026-07-03,Lira,knmi_seamless,0.2
2026-06-30,2026-07-04,Lira,knmi_seamless,9.9
2026-06-30,2026-07-05,Lira,knmi_seamless,5.9
2026-06-30,2026-07-06,Lira,knmi_seamless,5.4
2026-06-30,2026-07-07,Lira,knmi_seamless,7.0
2026-06-30,2026-07-02,Kole,ecmwf_ifs025,6.8
2026-06-30,2026-07-03,Kole,ecmwf_ifs025,0.1
2026-06-30,2026-07-04,Kole,ecmwf_ifs025,1.6
2026-06-30,2026-07-05,Kole,ecmwf_ifs025,6.9
2026-06-30,2026-07-06,Kole,ecmwf_ifs025,1.0
2026-06-30,2026-07-07,Kole,ecmwf_ifs025,13.0
2026-06-30,2026-07-02,Kole,ecmwf_aifs025_single,9.0
2026-06-30,2026-07-03,Kole,ecmwf_aifs025_single,1.4
2026-06-30,2026-07-04,Kole,ecmwf_aifs025_single,0.7
2026-06-30,2026-07-05,Kole,ecmwf_aifs025_single,2.4
2026-06-30,2026-07-06,Kole,ecmwf_aifs025_single,3.3
2026-06-30,2026-07-07,Kole,ecmwf_aifs025_single,1.7
2026-06-30,2026-07-02,Kole,gfs_seamless,18.4
2026-06-30,2026-07-03,Kole,gfs_seamless,1.6
2026-06-30,2026-07-04,Kole,gfs_seamless,4.8
2026-06-30,2026-07-05,Kole,gfs_seamless,0.4
2026-06-30,2026-07-06,Kole,gfs_seamless,0.6
2026-06-30,2026-07-07,Kole,gfs_seamless,0.0
2026-06-30,2026-07-02,Kole,icon_seamless,0.2
2026-06-30,2026-07-03,Kole,icon_seamless,0.5
2026-06-30,2026-07-04,Kole,icon_seamless,0.0
2026-06-30,2026-07-05,Kole,icon_seamless,3.6
2026-06-30,2026-07-06,Kole,icon_seamless,7.5
2026-06-30,2026-07-07,Kole,icon_seamless,14.7
2026-06-30,2026-07-02,Kole,ukmo_seamless,9.0
2026-06-30,2026-07-03,Kole,ukmo_seamless,0.0
2026-06-30,2026-07-04,Kole,ukmo_seamless,0.0
2026-06-30,2026-07-05,Kole,ukmo_seamless,0.3
2026-06-30,2026-07-06,Kole,ukmo_seamless,2.9
2026-06-30,2026-07-02,Kole,meteofrance_seamless,1.4
2026-06-30,2026-07-03,Kole,meteofrance_seamless,0.0
2026-06-30,2026-07-02,Kole,jma_seamless,4.8
2026-06-30,2026-07-03,Kole,jma_seamless,2.4
2026-06-30,2026-07-04,Kole,jma_seamless,3.2
2026-06-30,2026-07-05,Kole,jma_seamless,3.8
2026-06-30,2026-07-06,Kole,jma_seamless,4.9
2026-06-30,2026-07-07,Kole,jma_seamless,4.9
2026-06-30,2026-07-02,Kole,gem_seamless,67.6
2026-06-30,2026-07-03,Kole,gem_seamless,0.0
2026-06-30,2026-07-04,Kole,gem_seamless,7.2
2026-06-30,2026-07-05,Kole,gem_seamless,6.9
2026-06-30,2026-07-06,Kole,gem_seamless,0.8
2026-06-30,2026-07-07,Kole,gem_seamless,1.1
2026-06-30,2026-07-02,Kole,knmi_seamless,7.1
2026-06-30,2026-07-03,Kole,knmi_seamless,0.1
2026-06-30,2026-07-04,Kole,knmi_seamless,5.5
2026-06-30,2026-07-05,Kole,knmi_seamless,3.7
2026-06-30,2026-07-06,Kole,knmi_seamless,4.1
2026-06-30,2026-07-07,Kole,knmi_seamless,7.4
2026-06-30,2026-07-02,Oyam,ecmwf_ifs025,9.9
2026-06-30,2026-07-03,Oyam,ecmwf_ifs025,3.4
2026-06-30,2026-07-04,Oyam,ecmwf_ifs025,0.3
2026-06-30,2026-07-05,Oyam,ecmwf_ifs025,2.3
2026-06-30,2026-07-06,Oyam,ecmwf_ifs025,1.6
2026-06-30,2026-07-07,Oyam,ecmwf_ifs025,4.2
2026-06-30,2026-07-02,Oyam,ecmwf_aifs025_single,10.1
2026-06-30,2026-07-03,Oyam,ecmwf_aifs025_single,1.4
2026-06-30,2026-07-04,Oyam,ecmwf_aifs025_single,0.7
2026-06-30,2026-07-05,Oyam,ecmwf_aifs025_single,2.7
2026-06-30,2026-07-06,Oyam,ecmwf_aifs025_single,3.5
2026-06-30,2026-07-07,Oyam,ecmwf_aifs025_single,1.8
2026-06-30,2026-07-02,Oyam,gfs_seamless,16.7
2026-06-30,2026-07-03,Oyam,gfs_seamless,2.4
2026-06-30,2026-07-04,Oyam,gfs_seamless,2.0
2026-06-30,2026-07-05,Oyam,gfs_seamless,1.3
2026-06-30,2026-07-06,Oyam,gfs_seamless,0.6
2026-06-30,2026-07-07,Oyam,gfs_seamless,0.6
2026-06-30,2026-07-02,Oyam,icon_seamless,0.1
2026-06-30,2026-07-03,Oyam,icon_seamless,0.0
2026-06-30,2026-07-04,Oyam,icon_seamless,0.0
2026-06-30,2026-07-05,Oyam,icon_seamless,6.0
2026-06-30,2026-07-06,Oyam,icon_seamless,5.5
2026-06-30,2026-07-07,Oyam,icon_seamless,8.3
2026-06-30,2026-07-02,Oyam,ukmo_seamless,11.1
2026-06-30,2026-07-03,Oyam,ukmo_seamless,0.0
2026-06-30,2026-07-04,Oyam,ukmo_seamless,0.0
2026-06-30,2026-07-05,Oyam,ukmo_seamless,2.1
2026-06-30,2026-07-06,Oyam,ukmo_seamless,1.1
2026-06-30,2026-07-02,Oyam,meteofrance_seamless,1.4
2026-06-30,2026-07-03,Oyam,meteofrance_seamless,0.0
2026-06-30,2026-07-02,Oyam,jma_seamless,4.8
2026-06-30,2026-07-03,Oyam,jma_seamless,2.4
2026-06-30,2026-07-04,Oyam,jma_seamless,3.2
2026-06-30,2026-07-05,Oyam,jma_seamless,3.8
2026-06-30,2026-07-06,Oyam,jma_seamless,4.9
2026-06-30,2026-07-07,Oyam,jma_seamless,4.9
2026-06-30,2026-07-02,Oyam,gem_seamless,80.5
2026-06-30,2026-07-03,Oyam,gem_seamless,0.0
2026-06-30,2026-07-04,Oyam,gem_seamless,0.9
2026-06-30,2026-07-05,Oyam,gem_seamless,1.5
2026-06-30,2026-07-06,Oyam,gem_seamless,1.1
2026-06-30,2026-07-07,Oyam,gem_seamless,1.3
2026-06-30,2026-07-02,Oyam,knmi_seamless,10.3
2026-06-30,2026-07-03,Oyam,knmi_seamless,0.1
2026-06-30,2026-07-04,Oyam,knmi_seamless,0.6
2026-06-30,2026-07-05,Oyam,knmi_seamless,2.3
2026-06-30,2026-07-06,Oyam,knmi_seamless,2.6
2026-06-30,2026-07-07,Oyam,knmi_seamless,2.0
2026-06-30,2026-07-02,Apac,ecmwf_ifs025,12.3
2026-06-30,2026-07-03,Apac,ecmwf_ifs025,0.2
2026-06-30,2026-07-04,Apac,ecmwf_ifs025,1.6
2026-06-30,2026-07-05,Apac,ecmwf_ifs025,2.9
2026-06-30,2026-07-06,Apac,ecmwf_ifs025,1.2
2026-06-30,2026-07-07,Apac,ecmwf_ifs025,5.8
2026-06-30,2026-07-02,Apac,ecmwf_aifs025_single,8.9
2026-06-30,2026-07-03,Apac,ecmwf_aifs025_single,1.3
2026-06-30,2026-07-04,Apac,ecmwf_aifs025_single,0.6
2026-06-30,2026-07-05,Apac,ecmwf_aifs025_single,2.2
2026-06-30,2026-07-06,Apac,ecmwf_aifs025_single,3.0
2026-06-30,2026-07-07,Apac,ecmwf_aifs025_single,1.7
2026-06-30,2026-07-02,Apac,gfs_seamless,9.4
2026-06-30,2026-07-03,Apac,gfs_seamless,0.7
2026-06-30,2026-07-04,Apac,gfs_seamless,1.1
2026-06-30,2026-07-05,Apac,gfs_seamless,0.0
2026-06-30,2026-07-06,Apac,gfs_seamless,0.0
2026-06-30,2026-07-07,Apac,gfs_seamless,0.3
2026-06-30,2026-07-02,Apac,icon_seamless,0.0
2026-06-30,2026-07-03,Apac,icon_seamless,0.0
2026-06-30,2026-07-04,Apac,icon_seamless,0.0
2026-06-30,2026-07-05,Apac,icon_seamless,3.8
2026-06-30,2026-07-06,Apac,icon_seamless,1.6
2026-06-30,2026-07-07,Apac,icon_seamless,3.3
2026-06-30,2026-07-02,Apac,ukmo_seamless,2.1
2026-06-30,2026-07-03,Apac,ukmo_seamless,0.6
2026-06-30,2026-07-04,Apac,ukmo_seamless,0.0
2026-06-30,2026-07-05,Apac,ukmo_seamless,3.0
2026-06-30,2026-07-06,Apac,ukmo_seamless,0.9
2026-06-30,2026-07-02,Apac,meteofrance_seamless,1.4
2026-06-30,2026-07-03,Apac,meteofrance_seamless,0.0
2026-06-30,2026-07-02,Apac,jma_seamless,0.6
2026-06-30,2026-07-03,Apac,jma_seamless,0.0
2026-06-30,2026-07-04,Apac,jma_seamless,1.5
2026-06-30,2026-07-05,Apac,jma_seamless,1.0
2026-06-30,2026-07-06,Apac,jma_seamless,0.3
2026-06-30,2026-07-07,Apac,jma_seamless,3.3
2026-06-30,2026-07-02,Apac,gem_seamless,5.5
2026-06-30,2026-07-03,Apac,gem_seamless,0.0
2026-06-30,2026-07-04,Apac,gem_seamless,0.3
2026-06-30,2026-07-05,Apac,gem_seamless,2.1
2026-06-30,2026-07-06,Apac,gem_seamless,2.4
2026-06-30,2026-07-07,Apac,gem_seamless,0.3
2026-06-30,2026-07-02,Apac,knmi_seamless,5.6
2026-06-30,2026-07-03,Apac,knmi_seamless,0.8
2026-06-30,2026-07-04,Apac,knmi_seamless,0.6
2026-06-30,2026-07-05,Apac,knmi_seamless,5.3
2026-06-30,2026-07-06,Apac,knmi_seamless,2.3
2026-06-30,2026-07-07,Apac,knmi_seamless,3.4
2026-06-30,2026-07-02,Gulu,ecmwf_ifs025,18.1
2026-06-30,2026-07-03,Gulu,ecmwf_ifs025,0.1
2026-06-30,2026-07-04,Gulu,ecmwf_ifs025,2.0
2026-06-30,2026-07-05,Gulu,ecmwf_ifs025,4.0
2026-06-30,2026-07-06,Gulu,ecmwf_ifs025,3.6
2026-06-30,2026-07-07,Gulu,ecmwf_ifs025,3.2
2026-06-30,2026-07-02,Gulu,ecmwf_aifs025_single,10.5
2026-06-30,2026-07-03,Gulu,ecmwf_aifs025_single,1.5
2026-06-30,2026-07-04,Gulu,ecmwf_aifs025_single,0.7
2026-06-30,2026-07-05,Gulu,ecmwf_aifs025_single,2.4
2026-06-30,2026-07-06,Gulu,ecmwf_aifs025_single,3.1
2026-06-30,2026-07-07,Gulu,ecmwf_aifs025_single,1.2
2026-06-30,2026-07-02,Gulu,gfs_seamless,12.0
2026-06-30,2026-07-03,Gulu,gfs_seamless,3.6
2026-06-30,2026-07-04,Gulu,gfs_seamless,2.3
2026-06-30,2026-07-05,Gulu,gfs_seamless,1.6
2026-06-30,2026-07-06,Gulu,gfs_seamless,1.2
2026-06-30,2026-07-07,Gulu,gfs_seamless,0.0
2026-06-30,2026-07-02,Gulu,icon_seamless,0.4
2026-06-30,2026-07-03,Gulu,icon_seamless,8.7
2026-06-30,2026-07-04,Gulu,icon_seamless,1.2
2026-06-30,2026-07-05,Gulu,icon_seamless,18.6
2026-06-30,2026-07-06,Gulu,icon_seamless,6.3
2026-06-30,2026-07-07,Gulu,icon_seamless,6.9
2026-06-30,2026-07-02,Gulu,ukmo_seamless,9.2
2026-06-30,2026-07-03,Gulu,ukmo_seamless,0.0
2026-06-30,2026-07-04,Gulu,ukmo_seamless,0.0
2026-06-30,2026-07-05,Gulu,ukmo_seamless,2.7
2026-06-30,2026-07-06,Gulu,ukmo_seamless,0.0
2026-06-30,2026-07-02,Gulu,meteofrance_seamless,2.9
2026-06-30,2026-07-03,Gulu,meteofrance_seamless,0.0
2026-06-30,2026-07-02,Gulu,jma_seamless,5.6
2026-06-30,2026-07-03,Gulu,jma_seamless,7.6
2026-06-30,2026-07-04,Gulu,jma_seamless,7.8
2026-06-30,2026-07-05,Gulu,jma_seamless,7.2
2026-06-30,2026-07-06,Gulu,jma_seamless,6.6
2026-06-30,2026-07-07,Gulu,jma_seamless,6.2
2026-06-30,2026-07-02,Gulu,gem_seamless,76.4
2026-06-30,2026-07-03,Gulu,gem_seamless,0.0
2026-06-30,2026-07-04,Gulu,gem_seamless,1.0
2026-06-30,2026-07-05,Gulu,gem_seamless,0.7
2026-06-30,2026-07-06,Gulu,gem_seamless,3.6
2026-06-30,2026-07-07,Gulu,gem_seamless,0.3
2026-06-30,2026-07-02,Gulu,knmi_seamless,21.7
2026-06-30,2026-07-03,Gulu,knmi_seamless,0.1
2026-06-30,2026-07-04,Gulu,knmi_seamless,1.7
2026-06-30,2026-07-05,Gulu,knmi_seamless,7.5
2026-06-30,2026-07-06,Gulu,knmi_seamless,4.3
2026-06-30,2026-07-07,Gulu,knmi_seamless,6.8
2026-06-30,2026-07-02,Omoro,ecmwf_ifs025,4.3
2026-06-30,2026-07-03,Omoro,ecmwf_ifs025,0.2
2026-06-30,2026-07-04,Omoro,ecmwf_ifs025,2.6
2026-06-30,2026-07-05,Omoro,ecmwf_ifs025,4.6
2026-06-30,2026-07-06,Omoro,ecmwf_ifs025,4.4
2026-06-30,2026-07-07,Omoro,ecmwf_ifs025,4.8
2026-06-30,2026-07-02,Omoro,ecmwf_aifs025_single,9.2
2026-06-30,2026-07-03,Omoro,ecmwf_aifs025_single,1.8
2026-06-30,2026-07-04,Omoro,ecmwf_aifs025_single,0.8
2026-06-30,2026-07-05,Omoro,ecmwf_aifs025_single,2.3
2026-06-30,2026-07-06,Omoro,ecmwf_aifs025_single,2.8
2026-06-30,2026-07-07,Omoro,ecmwf_aifs025_single,1.1
2026-06-30,2026-07-02,Omoro,gfs_seamless,8.1
2026-06-30,2026-07-03,Omoro,gfs_seamless,7.7
2026-06-30,2026-07-04,Omoro,gfs_seamless,14.5
2026-06-30,2026-07-05,Omoro,gfs_seamless,0.0
2026-06-30,2026-07-06,Omoro,gfs_seamless,0.3
2026-06-30,2026-07-07,Omoro,gfs_seamless,1.2
2026-06-30,2026-07-02,Omoro,icon_seamless,1.1
2026-06-30,2026-07-03,Omoro,icon_seamless,0.2
2026-06-30,2026-07-04,Omoro,icon_seamless,0.3
2026-06-30,2026-07-05,Omoro,icon_seamless,4.5
2026-06-30,2026-07-06,Omoro,icon_seamless,8.7
2026-06-30,2026-07-07,Omoro,icon_seamless,5.4
2026-06-30,2026-07-02,Omoro,ukmo_seamless,6.4
2026-06-30,2026-07-03,Omoro,ukmo_seamless,0.0
2026-06-30,2026-07-04,Omoro,ukmo_seamless,0.0
2026-06-30,2026-07-05,Omoro,ukmo_seamless,0.6
2026-06-30,2026-07-06,Omoro,ukmo_seamless,2.3
2026-06-30,2026-07-02,Omoro,meteofrance_seamless,3.5
2026-06-30,2026-07-03,Omoro,meteofrance_seamless,0.0
2026-06-30,2026-07-02,Omoro,jma_seamless,4.8
2026-06-30,2026-07-03,Omoro,jma_seamless,2.4
2026-06-30,2026-07-04,Omoro,jma_seamless,3.2
2026-06-30,2026-07-05,Omoro,jma_seamless,3.8
2026-06-30,2026-07-06,Omoro,jma_seamless,4.9
2026-06-30,2026-07-07,Omoro,jma_seamless,4.9
2026-06-30,2026-07-02,Omoro,gem_seamless,52.9
2026-06-30,2026-07-03,Omoro,gem_seamless,0.0
2026-06-30,2026-07-04,Omoro,gem_seamless,12.8
2026-06-30,2026-07-05,Omoro,gem_seamless,14.2
2026-06-30,2026-07-06,Omoro,gem_seamless,0.9
2026-06-30,2026-07-07,Omoro,gem_seamless,0.0
2026-06-30,2026-07-02,Omoro,knmi_seamless,5.5
2026-06-30,2026-07-03,Omoro,knmi_seamless,0.2
2026-06-30,2026-07-04,Omoro,knmi_seamless,1.9
2026-06-30,2026-07-05,Omoro,knmi_seamless,3.9
2026-06-30,2026-07-06,Omoro,knmi_seamless,6.3
2026-06-30,2026-07-07,Omoro,knmi_seamless,6.2
2026-06-30,2026-07-02,Nwoya,ecmwf_ifs025,4.3
2026-06-30,2026-07-03,Nwoya,ecmwf_ifs025,0.3
2026-06-30,2026-07-04,Nwoya,ecmwf_ifs025,1.4
2026-06-30,2026-07-05,Nwoya,ecmwf_ifs025,2.2
2026-06-30,2026-07-06,Nwoya,ecmwf_ifs025,3.0
2026-06-30,2026-07-07,Nwoya,ecmwf_ifs025,12.0
2026-06-30,2026-07-02,Nwoya,ecmwf_aifs025_single,11.3
2026-06-30,2026-07-03,Nwoya,ecmwf_aifs025_single,1.1
2026-06-30,2026-07-04,Nwoya,ecmwf_aifs025_single,0.7
2026-06-30,2026-07-05,Nwoya,ecmwf_aifs025_single,3.0
2026-06-30,2026-07-06,Nwoya,ecmwf_aifs025_single,3.8
2026-06-30,2026-07-07,Nwoya,ecmwf_aifs025_single,1.9
2026-06-30,2026-07-02,Nwoya,gfs_seamless,13.3
2026-06-30,2026-07-03,Nwoya,gfs_seamless,1.8
2026-06-30,2026-07-04,Nwoya,gfs_seamless,4.9
2026-06-30,2026-07-05,Nwoya,gfs_seamless,1.0
2026-06-30,2026-07-06,Nwoya,gfs_seamless,1.1
2026-06-30,2026-07-07,Nwoya,gfs_seamless,0.1
2026-06-30,2026-07-02,Nwoya,icon_seamless,0.4
2026-06-30,2026-07-03,Nwoya,icon_seamless,1.6
2026-06-30,2026-07-04,Nwoya,icon_seamless,13.8
2026-06-30,2026-07-05,Nwoya,icon_seamless,4.5
2026-06-30,2026-07-06,Nwoya,icon_seamless,2.1
2026-06-30,2026-07-07,Nwoya,icon_seamless,6.9
2026-06-30,2026-07-02,Nwoya,ukmo_seamless,8.9
2026-06-30,2026-07-03,Nwoya,ukmo_seamless,0.0
2026-06-30,2026-07-04,Nwoya,ukmo_seamless,0.3
2026-06-30,2026-07-05,Nwoya,ukmo_seamless,5.7
2026-06-30,2026-07-06,Nwoya,ukmo_seamless,0.3
2026-06-30,2026-07-02,Nwoya,meteofrance_seamless,1.5
2026-06-30,2026-07-03,Nwoya,meteofrance_seamless,0.0
2026-06-30,2026-07-02,Nwoya,jma_seamless,4.5
2026-06-30,2026-07-03,Nwoya,jma_seamless,4.4
2026-06-30,2026-07-04,Nwoya,jma_seamless,2.7
2026-06-30,2026-07-05,Nwoya,jma_seamless,10.8
2026-06-30,2026-07-06,Nwoya,jma_seamless,6.2
2026-06-30,2026-07-07,Nwoya,jma_seamless,4.7
2026-06-30,2026-07-02,Nwoya,gem_seamless,12.8
2026-06-30,2026-07-03,Nwoya,gem_seamless,0.0
2026-06-30,2026-07-04,Nwoya,gem_seamless,0.0
2026-06-30,2026-07-05,Nwoya,gem_seamless,0.3
2026-06-30,2026-07-06,Nwoya,gem_seamless,5.8
2026-06-30,2026-07-07,Nwoya,gem_seamless,4.2
2026-06-30,2026-07-02,Nwoya,knmi_seamless,4.1
2026-06-30,2026-07-03,Nwoya,knmi_seamless,0.1
2026-06-30,2026-07-04,Nwoya,knmi_seamless,1.3
2026-06-30,2026-07-05,Nwoya,knmi_seamless,2.8
2026-06-30,2026-07-06,Nwoya,knmi_seamless,5.7
2026-06-30,2026-07-07,Nwoya,knmi_seamless,6.8
2026-06-30,2026-07-02,Amuru,ecmwf_ifs025,10.4
2026-06-30,2026-07-03,Amuru,ecmwf_ifs025,0.3
2026-06-30,2026-07-04,Amuru,ecmwf_ifs025,1.1
2026-06-30,2026-07-05,Amuru,ecmwf_ifs025,4.4
2026-06-30,2026-07-06,Amuru,ecmwf_ifs025,2.1
2026-06-30,2026-07-07,Amuru,ecmwf_ifs025,5.6
2026-06-30,2026-07-02,Amuru,ecmwf_aifs025_single,11.6
2026-06-30,2026-07-03,Amuru,ecmwf_aifs025_single,1.3
2026-06-30,2026-07-04,Amuru,ecmwf_aifs025_single,0.8
2026-06-30,2026-07-05,Amuru,ecmwf_aifs025_single,3.1
2026-06-30,2026-07-06,Amuru,ecmwf_aifs025_single,4.1
2026-06-30,2026-07-07,Amuru,ecmwf_aifs025_single,1.7
2026-06-30,2026-07-02,Amuru,gfs_seamless,17.6
2026-06-30,2026-07-03,Amuru,gfs_seamless,0.6
2026-06-30,2026-07-04,Amuru,gfs_seamless,1.3
2026-06-30,2026-07-05,Amuru,gfs_seamless,1.9
2026-06-30,2026-07-06,Amuru,gfs_seamless,0.5
2026-06-30,2026-07-07,Amuru,gfs_seamless,1.4
2026-06-30,2026-07-02,Amuru,icon_seamless,2.4
2026-06-30,2026-07-03,Amuru,icon_seamless,9.1
2026-06-30,2026-07-04,Amuru,icon_seamless,2.1
2026-06-30,2026-07-05,Amuru,icon_seamless,15.0
2026-06-30,2026-07-06,Amuru,icon_seamless,4.5
2026-06-30,2026-07-07,Amuru,icon_seamless,9.6
2026-06-30,2026-07-02,Amuru,ukmo_seamless,5.7
2026-06-30,2026-07-03,Amuru,ukmo_seamless,0.0
2026-06-30,2026-07-04,Amuru,ukmo_seamless,0.6
2026-06-30,2026-07-05,Amuru,ukmo_seamless,2.1
2026-06-30,2026-07-06,Amuru,ukmo_seamless,0.3
2026-06-30,2026-07-02,Amuru,meteofrance_seamless,5.6
2026-06-30,2026-07-03,Amuru,meteofrance_seamless,0.0
2026-06-30,2026-07-02,Amuru,jma_seamless,9.4
2026-06-30,2026-07-03,Amuru,jma_seamless,11.7
2026-06-30,2026-07-04,Amuru,jma_seamless,3.9
2026-06-30,2026-07-05,Amuru,jma_seamless,15.0
2026-06-30,2026-07-06,Amuru,jma_seamless,11.2
2026-06-30,2026-07-07,Amuru,jma_seamless,8.3
2026-06-30,2026-07-02,Amuru,gem_seamless,4.3
2026-06-30,2026-07-03,Amuru,gem_seamless,0.0
2026-06-30,2026-07-04,Amuru,gem_seamless,1.8
2026-06-30,2026-07-05,Amuru,gem_seamless,1.5
2026-06-30,2026-07-06,Amuru,gem_seamless,14.3
2026-06-30,2026-07-07,Amuru,gem_seamless,2.5
2026-06-30,2026-07-02,Amuru,knmi_seamless,8.9
2026-06-30,2026-07-03,Amuru,knmi_seamless,0.4
2026-06-30,2026-07-04,Amuru,knmi_seamless,1.3
2026-06-30,2026-07-05,Amuru,knmi_seamless,5.5
2026-06-30,2026-07-06,Amuru,knmi_seamless,3.1
2026-06-30,2026-07-07,Amuru,knmi_seamless,5.4
2026-06-30,2026-07-02,Lamwo,ecmwf_ifs025,19.4
2026-06-30,2026-07-03,Lamwo,ecmwf_ifs025,6.2
2026-06-30,2026-07-04,Lamwo,ecmwf_ifs025,1.8
2026-06-30,2026-07-05,Lamwo,ecmwf_ifs025,6.8
2026-06-30,2026-07-06,Lamwo,ecmwf_ifs025,1.4
2026-06-30,2026-07-07,Lamwo,ecmwf_ifs025,11.4
2026-06-30,2026-07-02,Lamwo,ecmwf_aifs025_single,9.1
2026-06-30,2026-07-03,Lamwo,ecmwf_aifs025_single,2.4
2026-06-30,2026-07-04,Lamwo,ecmwf_aifs025_single,1.6
2026-06-30,2026-07-05,Lamwo,ecmwf_aifs025_single,2.3
2026-06-30,2026-07-06,Lamwo,ecmwf_aifs025_single,2.5
2026-06-30,2026-07-07,Lamwo,ecmwf_aifs025_single,0.4
2026-06-30,2026-07-02,Lamwo,gfs_seamless,9.6
2026-06-30,2026-07-03,Lamwo,gfs_seamless,5.0
2026-06-30,2026-07-04,Lamwo,gfs_seamless,4.9
2026-06-30,2026-07-05,Lamwo,gfs_seamless,1.5
2026-06-30,2026-07-06,Lamwo,gfs_seamless,8.7
2026-06-30,2026-07-07,Lamwo,gfs_seamless,0.0
2026-06-30,2026-07-02,Lamwo,icon_seamless,8.8
2026-06-30,2026-07-03,Lamwo,icon_seamless,2.0
2026-06-30,2026-07-04,Lamwo,icon_seamless,1.2
2026-06-30,2026-07-05,Lamwo,icon_seamless,10.2
2026-06-30,2026-07-06,Lamwo,icon_seamless,1.2
2026-06-30,2026-07-07,Lamwo,icon_seamless,0.0
2026-06-30,2026-07-02,Lamwo,ukmo_seamless,10.1
2026-06-30,2026-07-03,Lamwo,ukmo_seamless,0.0
2026-06-30,2026-07-04,Lamwo,ukmo_seamless,0.0
2026-06-30,2026-07-05,Lamwo,ukmo_seamless,0.6
2026-06-30,2026-07-06,Lamwo,ukmo_seamless,0.6
2026-06-30,2026-07-02,Lamwo,meteofrance_seamless,15.2
2026-06-30,2026-07-03,Lamwo,meteofrance_seamless,0.0
2026-06-30,2026-07-02,Lamwo,jma_seamless,13.0
2026-06-30,2026-07-03,Lamwo,jma_seamless,6.3
2026-06-30,2026-07-04,Lamwo,jma_seamless,5.7
2026-06-30,2026-07-05,Lamwo,jma_seamless,10.3
2026-06-30,2026-07-06,Lamwo,jma_seamless,12.8
2026-06-30,2026-07-07,Lamwo,jma_seamless,13.4
2026-06-30,2026-07-02,Lamwo,gem_seamless,21.0
2026-06-30,2026-07-03,Lamwo,gem_seamless,0.0
2026-06-30,2026-07-04,Lamwo,gem_seamless,1.2
2026-06-30,2026-07-05,Lamwo,gem_seamless,6.8
2026-06-30,2026-07-06,Lamwo,gem_seamless,3.1
2026-06-30,2026-07-07,Lamwo,gem_seamless,2.7
2026-06-30,2026-07-02,Lamwo,knmi_seamless,16.1
2026-06-30,2026-07-03,Lamwo,knmi_seamless,6.2
2026-06-30,2026-07-04,Lamwo,knmi_seamless,2.9
2026-06-30,2026-07-05,Lamwo,knmi_seamless,7.0
2026-06-30,2026-07-06,Lamwo,knmi_seamless,4.3
2026-06-30,2026-07-07,Lamwo,knmi_seamless,7.2
2026-06-30,2026-07-02,Amolatar,ecmwf_ifs025,8.6
2026-06-30,2026-07-03,Amolatar,ecmwf_ifs025,0.0
2026-06-30,2026-07-04,Amolatar,ecmwf_ifs025,0.3
2026-06-30,2026-07-05,Amolatar,ecmwf_ifs025,5.9
2026-06-30,2026-07-06,Amolatar,ecmwf_ifs025,2.0
2026-06-30,2026-07-07,Amolatar,ecmwf_ifs025,5.0
2026-06-30,2026-07-02,Amolatar,ecmwf_aifs025_single,6.6
2026-06-30,2026-07-03,Amolatar,ecmwf_aifs025_single,1.5
2026-06-30,2026-07-04,Amolatar,ecmwf_aifs025_single,0.5
2026-06-30,2026-07-05,Amolatar,ecmwf_aifs025_single,2.0
2026-06-30,2026-07-06,Amolatar,ecmwf_aifs025_single,2.7
2026-06-30,2026-07-07,Amolatar,ecmwf_aifs025_single,1.7
2026-06-30,2026-07-02,Amolatar,gfs_seamless,0.5
2026-06-30,2026-07-03,Amolatar,gfs_seamless,2.2
2026-06-30,2026-07-04,Amolatar,gfs_seamless,2.4
2026-06-30,2026-07-05,Amolatar,gfs_seamless,0.4
2026-06-30,2026-07-06,Amolatar,gfs_seamless,0.0
2026-06-30,2026-07-07,Amolatar,gfs_seamless,0.0
2026-06-30,2026-07-02,Amolatar,icon_seamless,0.9
2026-06-30,2026-07-03,Amolatar,icon_seamless,0.0
2026-06-30,2026-07-04,Amolatar,icon_seamless,0.0
2026-06-30,2026-07-05,Amolatar,icon_seamless,0.7
2026-06-30,2026-07-06,Amolatar,icon_seamless,0.2
2026-06-30,2026-07-07,Amolatar,icon_seamless,0.3
2026-06-30,2026-07-02,Amolatar,ukmo_seamless,1.4
2026-06-30,2026-07-03,Amolatar,ukmo_seamless,0.3
2026-06-30,2026-07-04,Amolatar,ukmo_seamless,0.0
2026-06-30,2026-07-05,Amolatar,ukmo_seamless,1.5
2026-06-30,2026-07-06,Amolatar,ukmo_seamless,0.5
2026-06-30,2026-07-02,Amolatar,meteofrance_seamless,1.2
2026-06-30,2026-07-03,Amolatar,meteofrance_seamless,0.0
2026-06-30,2026-07-02,Amolatar,jma_seamless,0.8
2026-06-30,2026-07-03,Amolatar,jma_seamless,0.1
2026-06-30,2026-07-04,Amolatar,jma_seamless,0.0
2026-06-30,2026-07-05,Amolatar,jma_seamless,0.0
2026-06-30,2026-07-06,Amolatar,jma_seamless,0.3
2026-06-30,2026-07-07,Amolatar,jma_seamless,0.7
2026-06-30,2026-07-02,Amolatar,gem_seamless,3.2
2026-06-30,2026-07-03,Amolatar,gem_seamless,0.0
2026-06-30,2026-07-04,Amolatar,gem_seamless,0.0
2026-06-30,2026-07-05,Amolatar,gem_seamless,0.0
2026-06-30,2026-07-06,Amolatar,gem_seamless,0.6
2026-06-30,2026-07-07,Amolatar,gem_seamless,0.0
2026-06-30,2026-07-02,Amolatar,knmi_seamless,3.9
2026-06-30,2026-07-03,Amolatar,knmi_seamless,0.0
2026-06-30,2026-07-04,Amolatar,knmi_seamless,0.8
2026-06-30,2026-07-05,Amolatar,knmi_seamless,7.6
2026-06-30,2026-07-06,Amolatar,knmi_seamless,2.1
2026-06-30,2026-07-07,Amolatar,knmi_seamless,3.0
2026-06-30,2026-07-02,Kalaki,ecmwf_ifs025,3.2
2026-06-30,2026-07-03,Kalaki,ecmwf_ifs025,0.5
2026-06-30,2026-07-04,Kalaki,ecmwf_ifs025,1.5
2026-06-30,2026-07-05,Kalaki,ecmwf_ifs025,6.7
2026-06-30,2026-07-06,Kalaki,ecmwf_ifs025,1.5
2026-06-30,2026-07-07,Kalaki,ecmwf_ifs025,1.8
2026-06-30,2026-07-02,Kalaki,ecmwf_aifs025_single,6.4
2026-06-30,2026-07-03,Kalaki,ecmwf_aifs025_single,3.0
2026-06-30,2026-07-04,Kalaki,ecmwf_aifs025_single,1.1
2026-06-30,2026-07-05,Kalaki,ecmwf_aifs025_single,2.3
2026-06-30,2026-07-06,Kalaki,ecmwf_aifs025_single,2.8
2026-06-30,2026-07-07,Kalaki,ecmwf_aifs025_single,1.0
2026-06-30,2026-07-02,Kalaki,gfs_seamless,10.5
2026-06-30,2026-07-03,Kalaki,gfs_seamless,2.1
2026-06-30,2026-07-04,Kalaki,gfs_seamless,2.7
2026-06-30,2026-07-05,Kalaki,gfs_seamless,0.6
2026-06-30,2026-07-06,Kalaki,gfs_seamless,0.3
2026-06-30,2026-07-07,Kalaki,gfs_seamless,0.0
2026-06-30,2026-07-02,Kalaki,icon_seamless,0.7
2026-06-30,2026-07-03,Kalaki,icon_seamless,0.0
2026-06-30,2026-07-04,Kalaki,icon_seamless,0.0
2026-06-30,2026-07-05,Kalaki,icon_seamless,2.2
2026-06-30,2026-07-06,Kalaki,icon_seamless,5.8
2026-06-30,2026-07-07,Kalaki,icon_seamless,2.5
2026-06-30,2026-07-02,Kalaki,ukmo_seamless,2.1
2026-06-30,2026-07-03,Kalaki,ukmo_seamless,0.1
2026-06-30,2026-07-04,Kalaki,ukmo_seamless,0.3
2026-06-30,2026-07-05,Kalaki,ukmo_seamless,0.9
2026-06-30,2026-07-06,Kalaki,ukmo_seamless,7.0
2026-06-30,2026-07-02,Kalaki,meteofrance_seamless,17.4
2026-06-30,2026-07-03,Kalaki,meteofrance_seamless,0.0
2026-06-30,2026-07-02,Kalaki,jma_seamless,5.8
2026-06-30,2026-07-03,Kalaki,jma_seamless,2.7
2026-06-30,2026-07-04,Kalaki,jma_seamless,0.5
2026-06-30,2026-07-05,Kalaki,jma_seamless,2.8
2026-06-30,2026-07-06,Kalaki,jma_seamless,3.2
2026-06-30,2026-07-07,Kalaki,jma_seamless,5.9
2026-06-30,2026-07-02,Kalaki,gem_seamless,7.0
2026-06-30,2026-07-03,Kalaki,gem_seamless,0.0
2026-06-30,2026-07-04,Kalaki,gem_seamless,4.2
2026-06-30,2026-07-05,Kalaki,gem_seamless,0.4
2026-06-30,2026-07-06,Kalaki,gem_seamless,3.2
2026-06-30,2026-07-07,Kalaki,gem_seamless,1.4
2026-06-30,2026-07-02,Kalaki,knmi_seamless,2.6
2026-06-30,2026-07-03,Kalaki,knmi_seamless,1.0
2026-06-30,2026-07-04,Kalaki,knmi_seamless,4.1
2026-06-30,2026-07-05,Kalaki,knmi_seamless,3.6
2026-06-30,2026-07-06,Kalaki,knmi_seamless,2.4
2026-06-30,2026-07-07,Kalaki,knmi_seamless,1.0
2026-06-30,2026-07-02,Amuria,ecmwf_ifs025,3.2
2026-06-30,2026-07-03,Amuria,ecmwf_ifs025,0.5
2026-06-30,2026-07-04,Amuria,ecmwf_ifs025,1.5
2026-06-30,2026-07-05,Amuria,ecmwf_ifs025,6.7
2026-06-30,2026-07-06,Amuria,ecmwf_ifs025,1.5
2026-06-30,2026-07-07,Amuria,ecmwf_ifs025,1.8
2026-06-30,2026-07-02,Amuria,ecmwf_aifs025_single,6.4
2026-06-30,2026-07-03,Amuria,ecmwf_aifs025_single,3.0
2026-06-30,2026-07-04,Amuria,ecmwf_aifs025_single,1.1
2026-06-30,2026-07-05,Amuria,ecmwf_aifs025_single,2.3
2026-06-30,2026-07-06,Amuria,ecmwf_aifs025_single,2.8
2026-06-30,2026-07-07,Amuria,ecmwf_aifs025_single,1.0
2026-06-30,2026-07-02,Amuria,gfs_seamless,10.6
2026-06-30,2026-07-03,Amuria,gfs_seamless,1.0
2026-06-30,2026-07-04,Amuria,gfs_seamless,3.2
2026-06-30,2026-07-05,Amuria,gfs_seamless,0.6
2026-06-30,2026-07-06,Amuria,gfs_seamless,0.6
2026-06-30,2026-07-07,Amuria,gfs_seamless,0.0
2026-06-30,2026-07-02,Amuria,icon_seamless,1.3
2026-06-30,2026-07-03,Amuria,icon_seamless,0.0
2026-06-30,2026-07-04,Amuria,icon_seamless,1.2
2026-06-30,2026-07-05,Amuria,icon_seamless,2.1
2026-06-30,2026-07-06,Amuria,icon_seamless,12.7
2026-06-30,2026-07-07,Amuria,icon_seamless,5.3
2026-06-30,2026-07-02,Amuria,ukmo_seamless,3.5
2026-06-30,2026-07-03,Amuria,ukmo_seamless,0.0
2026-06-30,2026-07-04,Amuria,ukmo_seamless,0.0
2026-06-30,2026-07-05,Amuria,ukmo_seamless,0.0
2026-06-30,2026-07-06,Amuria,ukmo_seamless,9.0
2026-06-30,2026-07-02,Amuria,meteofrance_seamless,17.4
2026-06-30,2026-07-03,Amuria,meteofrance_seamless,0.0
2026-06-30,2026-07-02,Amuria,jma_seamless,5.8
2026-06-30,2026-07-03,Amuria,jma_seamless,2.7
2026-06-30,2026-07-04,Amuria,jma_seamless,0.5
2026-06-30,2026-07-05,Amuria,jma_seamless,2.8
2026-06-30,2026-07-06,Amuria,jma_seamless,3.2
2026-06-30,2026-07-07,Amuria,jma_seamless,5.9
2026-06-30,2026-07-02,Amuria,gem_seamless,5.1
2026-06-30,2026-07-03,Amuria,gem_seamless,0.0
2026-06-30,2026-07-04,Amuria,gem_seamless,4.4
2026-06-30,2026-07-05,Amuria,gem_seamless,0.3
2026-06-30,2026-07-06,Amuria,gem_seamless,3.5
2026-06-30,2026-07-07,Amuria,gem_seamless,1.6
2026-06-30,2026-07-02,Amuria,knmi_seamless,1.6
2026-06-30,2026-07-03,Amuria,knmi_seamless,0.5
2026-06-30,2026-07-04,Amuria,knmi_seamless,6.0
2026-06-30,2026-07-05,Amuria,knmi_seamless,3.3
2026-06-30,2026-07-06,Amuria,knmi_seamless,1.4
2026-06-30,2026-07-07,Amuria,knmi_seamless,2.0
2026-06-30,2026-07-02,Kaberamaido,ecmwf_ifs025,11.8
2026-06-30,2026-07-03,Kaberamaido,ecmwf_ifs025,0.0
2026-06-30,2026-07-04,Kaberamaido,ecmwf_ifs025,6.3
2026-06-30,2026-07-05,Kaberamaido,ecmwf_ifs025,5.7
2026-06-30,2026-07-06,Kaberamaido,ecmwf_ifs025,2.8
2026-06-30,2026-07-07,Kaberamaido,ecmwf_ifs025,2.0
2026-06-30,2026-07-02,Kaberamaido,ecmwf_aifs025_single,7.0
2026-06-30,2026-07-03,Kaberamaido,ecmwf_aifs025_single,1.6
2026-06-30,2026-07-04,Kaberamaido,ecmwf_aifs025_single,0.6
2026-06-30,2026-07-05,Kaberamaido,ecmwf_aifs025_single,2.2
2026-06-30,2026-07-06,Kaberamaido,ecmwf_aifs025_single,2.9
2026-06-30,2026-07-07,Kaberamaido,ecmwf_aifs025_single,1.9
2026-06-30,2026-07-02,Kaberamaido,gfs_seamless,4.2
2026-06-30,2026-07-03,Kaberamaido,gfs_seamless,3.0
2026-06-30,2026-07-04,Kaberamaido,gfs_seamless,0.7
2026-06-30,2026-07-05,Kaberamaido,gfs_seamless,0.0
2026-06-30,2026-07-06,Kaberamaido,gfs_seamless,0.0
2026-06-30,2026-07-07,Kaberamaido,gfs_seamless,0.0
2026-06-30,2026-07-02,Kaberamaido,icon_seamless,0.0
2026-06-30,2026-07-03,Kaberamaido,icon_seamless,0.0
2026-06-30,2026-07-04,Kaberamaido,icon_seamless,0.2
2026-06-30,2026-07-05,Kaberamaido,icon_seamless,0.5
2026-06-30,2026-07-06,Kaberamaido,icon_seamless,2.2
2026-06-30,2026-07-07,Kaberamaido,icon_seamless,2.5
2026-06-30,2026-07-02,Kaberamaido,ukmo_seamless,2.2
2026-06-30,2026-07-03,Kaberamaido,ukmo_seamless,0.0
2026-06-30,2026-07-04,Kaberamaido,ukmo_seamless,0.3
2026-06-30,2026-07-05,Kaberamaido,ukmo_seamless,0.3
2026-06-30,2026-07-06,Kaberamaido,ukmo_seamless,1.7
2026-06-30,2026-07-02,Kaberamaido,meteofrance_seamless,7.3
2026-06-30,2026-07-03,Kaberamaido,meteofrance_seamless,0.0
2026-06-30,2026-07-02,Kaberamaido,jma_seamless,0.8
2026-06-30,2026-07-03,Kaberamaido,jma_seamless,0.1
2026-06-30,2026-07-04,Kaberamaido,jma_seamless,0.0
2026-06-30,2026-07-05,Kaberamaido,jma_seamless,0.0
2026-06-30,2026-07-06,Kaberamaido,jma_seamless,0.3
2026-06-30,2026-07-07,Kaberamaido,jma_seamless,0.7
2026-06-30,2026-07-02,Kaberamaido,gem_seamless,2.8
2026-06-30,2026-07-03,Kaberamaido,gem_seamless,0.0
2026-06-30,2026-07-04,Kaberamaido,gem_seamless,0.3
2026-06-30,2026-07-05,Kaberamaido,gem_seamless,0.0
2026-06-30,2026-07-06,Kaberamaido,gem_seamless,1.8
2026-06-30,2026-07-07,Kaberamaido,gem_seamless,0.9
2026-06-30,2026-07-02,Kaberamaido,knmi_seamless,9.1
2026-06-30,2026-07-03,Kaberamaido,knmi_seamless,0.5
2026-06-30,2026-07-04,Kaberamaido,knmi_seamless,5.6
2026-06-30,2026-07-05,Kaberamaido,knmi_seamless,5.0
2026-06-30,2026-07-06,Kaberamaido,knmi_seamless,3.4
2026-06-30,2026-07-07,Kaberamaido,knmi_seamless,2.2
2026-06-30,2026-07-02,Kagadi,ecmwf_ifs025,12.8
2026-06-30,2026-07-03,Kagadi,ecmwf_ifs025,1.2
2026-06-30,2026-07-04,Kagadi,ecmwf_ifs025,2.0
2026-06-30,2026-07-05,Kagadi,ecmwf_ifs025,2.3
2026-06-30,2026-07-06,Kagadi,ecmwf_ifs025,2.0
2026-06-30,2026-07-07,Kagadi,ecmwf_ifs025,2.0
2026-06-30,2026-07-02,Kagadi,ecmwf_aifs025_single,4.7
2026-06-30,2026-07-03,Kagadi,ecmwf_aifs025_single,1.2
2026-06-30,2026-07-04,Kagadi,ecmwf_aifs025_single,0.7
2026-06-30,2026-07-05,Kagadi,ecmwf_aifs025_single,1.0
2026-06-30,2026-07-06,Kagadi,ecmwf_aifs025_single,1.4
2026-06-30,2026-07-07,Kagadi,ecmwf_aifs025_single,0.7
2026-06-30,2026-07-02,Kagadi,gfs_seamless,4.0
2026-06-30,2026-07-03,Kagadi,gfs_seamless,0.2
2026-06-30,2026-07-04,Kagadi,gfs_seamless,1.4
2026-06-30,2026-07-05,Kagadi,gfs_seamless,0.1
2026-06-30,2026-07-06,Kagadi,gfs_seamless,0.2
2026-06-30,2026-07-07,Kagadi,gfs_seamless,0.3
2026-06-30,2026-07-02,Kagadi,icon_seamless,2.6
2026-06-30,2026-07-03,Kagadi,icon_seamless,1.0
2026-06-30,2026-07-04,Kagadi,icon_seamless,2.9
2026-06-30,2026-07-05,Kagadi,icon_seamless,1.6
2026-06-30,2026-07-06,Kagadi,icon_seamless,0.8
2026-06-30,2026-07-07,Kagadi,icon_seamless,0.0
2026-06-30,2026-07-02,Kagadi,ukmo_seamless,1.3
2026-06-30,2026-07-03,Kagadi,ukmo_seamless,0.3
2026-06-30,2026-07-04,Kagadi,ukmo_seamless,0.3
2026-06-30,2026-07-05,Kagadi,ukmo_seamless,1.3
2026-06-30,2026-07-06,Kagadi,ukmo_seamless,1.7
2026-06-30,2026-07-02,Kagadi,meteofrance_seamless,1.1
2026-06-30,2026-07-03,Kagadi,meteofrance_seamless,0.1
2026-06-30,2026-07-02,Kagadi,jma_seamless,1.3
2026-06-30,2026-07-03,Kagadi,jma_seamless,0.1
2026-06-30,2026-07-04,Kagadi,jma_seamless,0.0
2026-06-30,2026-07-05,Kagadi,jma_seamless,0.0
2026-06-30,2026-07-06,Kagadi,jma_seamless,0.0
2026-06-30,2026-07-07,Kagadi,jma_seamless,-0.1
2026-06-30,2026-07-02,Kagadi,gem_seamless,4.4
2026-06-30,2026-07-03,Kagadi,gem_seamless,6.4
2026-06-30,2026-07-04,Kagadi,gem_seamless,0.0
2026-06-30,2026-07-05,Kagadi,gem_seamless,0.2
2026-06-30,2026-07-06,Kagadi,gem_seamless,1.0
2026-06-30,2026-07-07,Kagadi,gem_seamless,0.6
2026-06-30,2026-07-02,Kagadi,knmi_seamless,12.6
2026-06-30,2026-07-03,Kagadi,knmi_seamless,1.1
2026-06-30,2026-07-04,Kagadi,knmi_seamless,0.6
2026-06-30,2026-07-05,Kagadi,knmi_seamless,0.9
2026-06-30,2026-07-06,Kagadi,knmi_seamless,3.0
2026-06-30,2026-07-07,Kagadi,knmi_seamless,1.8
2026-06-30,2026-07-02,Dokolo,ecmwf_ifs025,8.2
2026-06-30,2026-07-03,Dokolo,ecmwf_ifs025,0.1
2026-06-30,2026-07-04,Dokolo,ecmwf_ifs025,0.8
2026-06-30,2026-07-05,Dokolo,ecmwf_ifs025,2.7
2026-06-30,2026-07-06,Dokolo,ecmwf_ifs025,1.7
2026-06-30,2026-07-07,Dokolo,ecmwf_ifs025,1.8
2026-06-30,2026-07-02,Dokolo,ecmwf_aifs025_single,8.0
2026-06-30,2026-07-03,Dokolo,ecmwf_aifs025_single,1.7
2026-06-30,2026-07-04,Dokolo,ecmwf_aifs025_single,0.5
2026-06-30,2026-07-05,Dokolo,ecmwf_aifs025_single,2.3
2026-06-30,2026-07-06,Dokolo,ecmwf_aifs025_single,3.1
2026-06-30,2026-07-07,Dokolo,ecmwf_aifs025_single,1.8
2026-06-30,2026-07-02,Dokolo,gfs_seamless,8.0
2026-06-30,2026-07-03,Dokolo,gfs_seamless,3.2
2026-06-30,2026-07-04,Dokolo,gfs_seamless,2.5
2026-06-30,2026-07-05,Dokolo,gfs_seamless,0.3
2026-06-30,2026-07-06,Dokolo,gfs_seamless,0.3
2026-06-30,2026-07-07,Dokolo,gfs_seamless,0.9
2026-06-30,2026-07-02,Dokolo,icon_seamless,0.0
2026-06-30,2026-07-03,Dokolo,icon_seamless,0.0
2026-06-30,2026-07-04,Dokolo,icon_seamless,1.4
2026-06-30,2026-07-05,Dokolo,icon_seamless,2.6
2026-06-30,2026-07-06,Dokolo,icon_seamless,5.3
2026-06-30,2026-07-07,Dokolo,icon_seamless,11.7
2026-06-30,2026-07-02,Dokolo,ukmo_seamless,2.1
2026-06-30,2026-07-03,Dokolo,ukmo_seamless,0.0
2026-06-30,2026-07-04,Dokolo,ukmo_seamless,0.0
2026-06-30,2026-07-05,Dokolo,ukmo_seamless,0.3
2026-06-30,2026-07-06,Dokolo,ukmo_seamless,1.4
2026-06-30,2026-07-02,Dokolo,meteofrance_seamless,0.3
2026-06-30,2026-07-03,Dokolo,meteofrance_seamless,0.0
2026-06-30,2026-07-02,Dokolo,jma_seamless,1.5
2026-06-30,2026-07-03,Dokolo,jma_seamless,1.8
2026-06-30,2026-07-04,Dokolo,jma_seamless,0.9
2026-06-30,2026-07-05,Dokolo,jma_seamless,0.8
2026-06-30,2026-07-06,Dokolo,jma_seamless,1.4
2026-06-30,2026-07-07,Dokolo,jma_seamless,5.6
2026-06-30,2026-07-02,Dokolo,gem_seamless,0.1
2026-06-30,2026-07-03,Dokolo,gem_seamless,0.0
2026-06-30,2026-07-04,Dokolo,gem_seamless,0.9
2026-06-30,2026-07-05,Dokolo,gem_seamless,0.3
2026-06-30,2026-07-06,Dokolo,gem_seamless,1.2
2026-06-30,2026-07-07,Dokolo,gem_seamless,0.5
2026-06-30,2026-07-02,Dokolo,knmi_seamless,4.0
2026-06-30,2026-07-03,Dokolo,knmi_seamless,0.0
2026-06-30,2026-07-04,Dokolo,knmi_seamless,1.5
2026-06-30,2026-07-05,Dokolo,knmi_seamless,1.8
2026-06-30,2026-07-06,Dokolo,knmi_seamless,1.5
2026-06-30,2026-07-07,Dokolo,knmi_seamless,2.4
2026-06-30,2026-07-02,Kwania,ecmwf_ifs025,5.9
2026-06-30,2026-07-03,Kwania,ecmwf_ifs025,0.2
2026-06-30,2026-07-04,Kwania,ecmwf_ifs025,0.4
2026-06-30,2026-07-05,Kwania,ecmwf_ifs025,7.0
2026-06-30,2026-07-06,Kwania,ecmwf_ifs025,1.1
2026-06-30,2026-07-07,Kwania,ecmwf_ifs025,4.0
2026-06-30,2026-07-02,Kwania,ecmwf_aifs025_single,7.6
2026-06-30,2026-07-03,Kwania,ecmwf_aifs025_single,1.3
2026-06-30,2026-07-04,Kwania,ecmwf_aifs025_single,0.5
2026-06-30,2026-07-05,Kwania,ecmwf_aifs025_single,2.1
2026-06-30,2026-07-06,Kwania,ecmwf_aifs025_single,2.8
2026-06-30,2026-07-07,Kwania,ecmwf_aifs025_single,1.6
2026-06-30,2026-07-02,Kwania,gfs_seamless,6.4
2026-06-30,2026-07-03,Kwania,gfs_seamless,1.5
2026-06-30,2026-07-04,Kwania,gfs_seamless,1.7
2026-06-30,2026-07-05,Kwania,gfs_seamless,0.7
2026-06-30,2026-07-06,Kwania,gfs_seamless,0.0
2026-06-30,2026-07-07,Kwania,gfs_seamless,0.6
2026-06-30,2026-07-02,Kwania,icon_seamless,0.4
2026-06-30,2026-07-03,Kwania,icon_seamless,0.0
2026-06-30,2026-07-04,Kwania,icon_seamless,1.0
2026-06-30,2026-07-05,Kwania,icon_seamless,6.4
2026-06-30,2026-07-06,Kwania,icon_seamless,1.7
2026-06-30,2026-07-07,Kwania,icon_seamless,3.8
2026-06-30,2026-07-02,Kwania,ukmo_seamless,1.7
2026-06-30,2026-07-03,Kwania,ukmo_seamless,0.3
2026-06-30,2026-07-04,Kwania,ukmo_seamless,0.0
2026-06-30,2026-07-05,Kwania,ukmo_seamless,1.5
2026-06-30,2026-07-06,Kwania,ukmo_seamless,0.6
2026-06-30,2026-07-02,Kwania,meteofrance_seamless,0.2
2026-06-30,2026-07-03,Kwania,meteofrance_seamless,0.0
2026-06-30,2026-07-02,Kwania,jma_seamless,1.5
2026-06-30,2026-07-03,Kwania,jma_seamless,1.8
2026-06-30,2026-07-04,Kwania,jma_seamless,0.9
2026-06-30,2026-07-05,Kwania,jma_seamless,0.8
2026-06-30,2026-07-06,Kwania,jma_seamless,1.4
2026-06-30,2026-07-07,Kwania,jma_seamless,5.6
2026-06-30,2026-07-02,Kwania,gem_seamless,1.9
2026-06-30,2026-07-03,Kwania,gem_seamless,0.0
2026-06-30,2026-07-04,Kwania,gem_seamless,0.5
2026-06-30,2026-07-05,Kwania,gem_seamless,0.1
2026-06-30,2026-07-06,Kwania,gem_seamless,1.4
2026-06-30,2026-07-07,Kwania,gem_seamless,0.4
2026-06-30,2026-07-02,Kwania,knmi_seamless,2.5
2026-06-30,2026-07-03,Kwania,knmi_seamless,0.5
2026-06-30,2026-07-04,Kwania,knmi_seamless,4.0
2026-06-30,2026-07-05,Kwania,knmi_seamless,4.6
2026-06-30,2026-07-06,Kwania,knmi_seamless,0.9
2026-06-30,2026-07-07,Kwania,knmi_seamless,2.2
2026-06-30,2026-07-02,Kyenjojo,ecmwf_ifs025,7.0
2026-06-30,2026-07-03,Kyenjojo,ecmwf_ifs025,0.5
2026-06-30,2026-07-04,Kyenjojo,ecmwf_ifs025,0.4
2026-06-30,2026-07-05,Kyenjojo,ecmwf_ifs025,0.8
2026-06-30,2026-07-06,Kyenjojo,ecmwf_ifs025,1.7
2026-06-30,2026-07-07,Kyenjojo,ecmwf_ifs025,1.2
2026-06-30,2026-07-02,Kyenjojo,ecmwf_aifs025_single,2.5
2026-06-30,2026-07-03,Kyenjojo,ecmwf_aifs025_single,0.8
2026-06-30,2026-07-04,Kyenjojo,ecmwf_aifs025_single,0.3
2026-06-30,2026-07-05,Kyenjojo,ecmwf_aifs025_single,0.6
2026-06-30,2026-07-06,Kyenjojo,ecmwf_aifs025_single,1.1
2026-06-30,2026-07-07,Kyenjojo,ecmwf_aifs025_single,0.5
2026-06-30,2026-07-02,Kyenjojo,gfs_seamless,2.3
2026-06-30,2026-07-03,Kyenjojo,gfs_seamless,0.0
2026-06-30,2026-07-04,Kyenjojo,gfs_seamless,0.0
2026-06-30,2026-07-05,Kyenjojo,gfs_seamless,0.1
2026-06-30,2026-07-06,Kyenjojo,gfs_seamless,0.0
2026-06-30,2026-07-07,Kyenjojo,gfs_seamless,0.0
2026-06-30,2026-07-02,Kyenjojo,icon_seamless,0.0
2026-06-30,2026-07-03,Kyenjojo,icon_seamless,0.0
2026-06-30,2026-07-04,Kyenjojo,icon_seamless,0.4
2026-06-30,2026-07-05,Kyenjojo,icon_seamless,0.2
2026-06-30,2026-07-06,Kyenjojo,icon_seamless,0.0
2026-06-30,2026-07-07,Kyenjojo,icon_seamless,0.0
2026-06-30,2026-07-02,Kyenjojo,ukmo_seamless,1.3
2026-06-30,2026-07-03,Kyenjojo,ukmo_seamless,0.0
2026-06-30,2026-07-04,Kyenjojo,ukmo_seamless,0.3
2026-06-30,2026-07-05,Kyenjojo,ukmo_seamless,0.6
2026-06-30,2026-07-06,Kyenjojo,ukmo_seamless,1.2
2026-06-30,2026-07-02,Kyenjojo,meteofrance_seamless,0.4
2026-06-30,2026-07-03,Kyenjojo,meteofrance_seamless,0.0
2026-06-30,2026-07-02,Kyenjojo,jma_seamless,0.3
2026-06-30,2026-07-03,Kyenjojo,jma_seamless,0.1
2026-06-30,2026-07-04,Kyenjojo,jma_seamless,0.0
2026-06-30,2026-07-05,Kyenjojo,jma_seamless,0.2
2026-06-30,2026-07-06,Kyenjojo,jma_seamless,0.3
2026-06-30,2026-07-07,Kyenjojo,jma_seamless,0.4
2026-06-30,2026-07-02,Kyenjojo,gem_seamless,3.7
2026-06-30,2026-07-03,Kyenjojo,gem_seamless,0.9
2026-06-30,2026-07-04,Kyenjojo,gem_seamless,0.0
2026-06-30,2026-07-05,Kyenjojo,gem_seamless,0.2
2026-06-30,2026-07-06,Kyenjojo,gem_seamless,0.4
2026-06-30,2026-07-07,Kyenjojo,gem_seamless,0.6
2026-06-30,2026-07-02,Kyenjojo,knmi_seamless,4.8
2026-06-30,2026-07-03,Kyenjojo,knmi_seamless,0.9
2026-06-30,2026-07-04,Kyenjojo,knmi_seamless,0.6
2026-06-30,2026-07-05,Kyenjojo,knmi_seamless,1.5
2026-06-30,2026-07-06,Kyenjojo,knmi_seamless,2.4
2026-06-30,2026-07-07,Kyenjojo,knmi_seamless,4.8
2026-07-01,2026-07-03,Agago,ecmwf_ifs025,0.2
2026-07-01,2026-07-04,Agago,ecmwf_ifs025,1.3
2026-07-01,2026-07-05,Agago,ecmwf_ifs025,2.7
2026-07-01,2026-07-06,Agago,ecmwf_ifs025,0.5
2026-07-01,2026-07-07,Agago,ecmwf_ifs025,0.7
2026-07-01,2026-07-08,Agago,ecmwf_ifs025,0.2
2026-07-01,2026-07-03,Agago,ecmwf_aifs025_single,2.3
2026-07-01,2026-07-04,Agago,ecmwf_aifs025_single,1.1
2026-07-01,2026-07-05,Agago,ecmwf_aifs025_single,1.8
2026-07-01,2026-07-06,Agago,ecmwf_aifs025_single,2.1
2026-07-01,2026-07-07,Agago,ecmwf_aifs025_single,0.6
2026-07-01,2026-07-08,Agago,ecmwf_aifs025_single,0.0
2026-07-01,2026-07-03,Agago,gfs_seamless,2.1
2026-07-01,2026-07-04,Agago,gfs_seamless,6.2
2026-07-01,2026-07-05,Agago,gfs_seamless,2.4
2026-07-01,2026-07-06,Agago,gfs_seamless,1.2
2026-07-01,2026-07-07,Agago,gfs_seamless,0.9
2026-07-01,2026-07-08,Agago,gfs_seamless,1.8
2026-07-01,2026-07-03,Agago,icon_seamless,0.0
2026-07-01,2026-07-04,Agago,icon_seamless,0.1
2026-07-01,2026-07-05,Agago,icon_seamless,1.5
2026-07-01,2026-07-06,Agago,icon_seamless,0.5
2026-07-01,2026-07-07,Agago,icon_seamless,0.7
2026-07-01,2026-07-08,Agago,icon_seamless,0.0
2026-07-01,2026-07-03,Agago,ukmo_seamless,0.4
2026-07-01,2026-07-04,Agago,ukmo_seamless,0.0
2026-07-01,2026-07-05,Agago,ukmo_seamless,0.3
2026-07-01,2026-07-06,Agago,ukmo_seamless,6.9
2026-07-01,2026-07-07,Agago,ukmo_seamless,0.0
2026-07-01,2026-07-03,Agago,meteofrance_seamless,0.0
2026-07-01,2026-07-04,Agago,meteofrance_seamless,0.0
2026-07-01,2026-07-03,Agago,jma_seamless,9.1
2026-07-01,2026-07-04,Agago,jma_seamless,2.2
2026-07-01,2026-07-05,Agago,jma_seamless,9.8
2026-07-01,2026-07-06,Agago,jma_seamless,4.4
2026-07-01,2026-07-07,Agago,jma_seamless,2.5
2026-07-01,2026-07-08,Agago,jma_seamless,2.4
2026-07-01,2026-07-03,Agago,gem_seamless,0.3
2026-07-01,2026-07-04,Agago,gem_seamless,0.7
2026-07-01,2026-07-05,Agago,gem_seamless,5.6
2026-07-01,2026-07-06,Agago,gem_seamless,5.5
2026-07-01,2026-07-07,Agago,gem_seamless,2.4
2026-07-01,2026-07-08,Agago,gem_seamless,0.2
2026-07-01,2026-07-03,Agago,knmi_seamless,0.3
2026-07-01,2026-07-04,Agago,knmi_seamless,2.4
2026-07-01,2026-07-05,Agago,knmi_seamless,2.1
2026-07-01,2026-07-06,Agago,knmi_seamless,0.0
2026-07-01,2026-07-07,Agago,knmi_seamless,0.0
2026-07-01,2026-07-08,Agago,knmi_seamless,0.0
2026-07-01,2026-07-03,Otuke,ecmwf_ifs025,0.9
2026-07-01,2026-07-04,Otuke,ecmwf_ifs025,0.3
2026-07-01,2026-07-05,Otuke,ecmwf_ifs025,5.3
2026-07-01,2026-07-06,Otuke,ecmwf_ifs025,0.8
2026-07-01,2026-07-07,Otuke,ecmwf_ifs025,2.1
2026-07-01,2026-07-08,Otuke,ecmwf_ifs025,1.6
2026-07-01,2026-07-03,Otuke,ecmwf_aifs025_single,2.3
2026-07-01,2026-07-04,Otuke,ecmwf_aifs025_single,0.9
2026-07-01,2026-07-05,Otuke,ecmwf_aifs025_single,1.8
2026-07-01,2026-07-06,Otuke,ecmwf_aifs025_single,2.5
2026-07-01,2026-07-07,Otuke,ecmwf_aifs025_single,0.9
2026-07-01,2026-07-08,Otuke,ecmwf_aifs025_single,0.0
2026-07-01,2026-07-03,Otuke,gfs_seamless,0.8
2026-07-01,2026-07-04,Otuke,gfs_seamless,2.9
2026-07-01,2026-07-05,Otuke,gfs_seamless,5.6
2026-07-01,2026-07-06,Otuke,gfs_seamless,1.3
2026-07-01,2026-07-07,Otuke,gfs_seamless,0.4
2026-07-01,2026-07-08,Otuke,gfs_seamless,0.6
2026-07-01,2026-07-03,Otuke,icon_seamless,0.9
2026-07-01,2026-07-04,Otuke,icon_seamless,0.0
2026-07-01,2026-07-05,Otuke,icon_seamless,3.7
2026-07-01,2026-07-06,Otuke,icon_seamless,10.0
2026-07-01,2026-07-07,Otuke,icon_seamless,4.3
2026-07-01,2026-07-08,Otuke,icon_seamless,0.0
2026-07-01,2026-07-03,Otuke,ukmo_seamless,0.2
2026-07-01,2026-07-04,Otuke,ukmo_seamless,0.0
2026-07-01,2026-07-05,Otuke,ukmo_seamless,0.8
2026-07-01,2026-07-06,Otuke,ukmo_seamless,2.5
2026-07-01,2026-07-07,Otuke,ukmo_seamless,0.0
2026-07-01,2026-07-03,Otuke,meteofrance_seamless,0.0
2026-07-01,2026-07-04,Otuke,meteofrance_seamless,0.4
2026-07-01,2026-07-03,Otuke,jma_seamless,7.4
2026-07-01,2026-07-04,Otuke,jma_seamless,0.6
2026-07-01,2026-07-05,Otuke,jma_seamless,5.9
2026-07-01,2026-07-06,Otuke,jma_seamless,1.4
2026-07-01,2026-07-07,Otuke,jma_seamless,5.8
2026-07-01,2026-07-08,Otuke,jma_seamless,3.4
2026-07-01,2026-07-03,Otuke,gem_seamless,1.0
2026-07-01,2026-07-04,Otuke,gem_seamless,1.1
2026-07-01,2026-07-05,Otuke,gem_seamless,1.0
2026-07-01,2026-07-06,Otuke,gem_seamless,3.8
2026-07-01,2026-07-07,Otuke,gem_seamless,2.1
2026-07-01,2026-07-08,Otuke,gem_seamless,0.2
2026-07-01,2026-07-03,Otuke,knmi_seamless,0.8
2026-07-01,2026-07-04,Otuke,knmi_seamless,4.9
2026-07-01,2026-07-05,Otuke,knmi_seamless,1.2
2026-07-01,2026-07-06,Otuke,knmi_seamless,0.7
2026-07-01,2026-07-07,Otuke,knmi_seamless,0.8
2026-07-01,2026-07-08,Otuke,knmi_seamless,1.2
2026-07-01,2026-07-03,Kitgum,ecmwf_ifs025,0.8
2026-07-01,2026-07-04,Kitgum,ecmwf_ifs025,2.3
2026-07-01,2026-07-05,Kitgum,ecmwf_ifs025,2.7
2026-07-01,2026-07-06,Kitgum,ecmwf_ifs025,1.7
2026-07-01,2026-07-07,Kitgum,ecmwf_ifs025,0.7
2026-07-01,2026-07-08,Kitgum,ecmwf_ifs025,0.2
2026-07-01,2026-07-03,Kitgum,ecmwf_aifs025_single,1.9
2026-07-01,2026-07-04,Kitgum,ecmwf_aifs025_single,1.1
2026-07-01,2026-07-05,Kitgum,ecmwf_aifs025_single,2.0
2026-07-01,2026-07-06,Kitgum,ecmwf_aifs025_single,2.0
2026-07-01,2026-07-07,Kitgum,ecmwf_aifs025_single,0.6
2026-07-01,2026-07-08,Kitgum,ecmwf_aifs025_single,0.0
2026-07-01,2026-07-03,Kitgum,gfs_seamless,2.0
2026-07-01,2026-07-04,Kitgum,gfs_seamless,1.6
2026-07-01,2026-07-05,Kitgum,gfs_seamless,2.7
2026-07-01,2026-07-06,Kitgum,gfs_seamless,3.5
2026-07-01,2026-07-07,Kitgum,gfs_seamless,1.2
2026-07-01,2026-07-08,Kitgum,gfs_seamless,0.5
2026-07-01,2026-07-03,Kitgum,icon_seamless,0.0
2026-07-01,2026-07-04,Kitgum,icon_seamless,1.1
2026-07-01,2026-07-05,Kitgum,icon_seamless,3.3
2026-07-01,2026-07-06,Kitgum,icon_seamless,10.5
2026-07-01,2026-07-07,Kitgum,icon_seamless,0.9
2026-07-01,2026-07-08,Kitgum,icon_seamless,0.0
2026-07-01,2026-07-03,Kitgum,ukmo_seamless,0.4
2026-07-01,2026-07-04,Kitgum,ukmo_seamless,0.0
2026-07-01,2026-07-05,Kitgum,ukmo_seamless,0.0
2026-07-01,2026-07-06,Kitgum,ukmo_seamless,0.0
2026-07-01,2026-07-07,Kitgum,ukmo_seamless,0.3
2026-07-01,2026-07-03,Kitgum,meteofrance_seamless,0.0
2026-07-01,2026-07-04,Kitgum,meteofrance_seamless,0.8
2026-07-01,2026-07-03,Kitgum,jma_seamless,1.4
2026-07-01,2026-07-04,Kitgum,jma_seamless,1.4
2026-07-01,2026-07-05,Kitgum,jma_seamless,3.0
2026-07-01,2026-07-06,Kitgum,jma_seamless,5.9
2026-07-01,2026-07-07,Kitgum,jma_seamless,1.6
2026-07-01,2026-07-08,Kitgum,jma_seamless,3.0
2026-07-01,2026-07-03,Kitgum,gem_seamless,0.3
2026-07-01,2026-07-04,Kitgum,gem_seamless,1.7
2026-07-01,2026-07-05,Kitgum,gem_seamless,0.7
2026-07-01,2026-07-06,Kitgum,gem_seamless,0.6
2026-07-01,2026-07-07,Kitgum,gem_seamless,1.2
2026-07-01,2026-07-08,Kitgum,gem_seamless,0.0
2026-07-01,2026-07-03,Kitgum,knmi_seamless,1.6
2026-07-01,2026-07-04,Kitgum,knmi_seamless,3.2
2026-07-01,2026-07-05,Kitgum,knmi_seamless,0.9
2026-07-01,2026-07-06,Kitgum,knmi_seamless,0.6
2026-07-01,2026-07-07,Kitgum,knmi_seamless,1.1
2026-07-01,2026-07-08,Kitgum,knmi_seamless,1.0
2026-07-01,2026-07-03,Pader,ecmwf_ifs025,0.4
2026-07-01,2026-07-04,Pader,ecmwf_ifs025,3.6
2026-07-01,2026-07-05,Pader,ecmwf_ifs025,2.0
2026-07-01,2026-07-06,Pader,ecmwf_ifs025,1.4
2026-07-01,2026-07-07,Pader,ecmwf_ifs025,0.2
2026-07-01,2026-07-08,Pader,ecmwf_ifs025,0.2
2026-07-01,2026-07-03,Pader,ecmwf_aifs025_single,1.7
2026-07-01,2026-07-04,Pader,ecmwf_aifs025_single,1.0
2026-07-01,2026-07-05,Pader,ecmwf_aifs025_single,1.9
2026-07-01,2026-07-06,Pader,ecmwf_aifs025_single,2.3
2026-07-01,2026-07-07,Pader,ecmwf_aifs025_single,0.8
2026-07-01,2026-07-08,Pader,ecmwf_aifs025_single,0.0
2026-07-01,2026-07-03,Pader,gfs_seamless,1.0
2026-07-01,2026-07-04,Pader,gfs_seamless,5.4
2026-07-01,2026-07-05,Pader,gfs_seamless,4.3
2026-07-01,2026-07-06,Pader,gfs_seamless,4.7
2026-07-01,2026-07-07,Pader,gfs_seamless,0.6
2026-07-01,2026-07-08,Pader,gfs_seamless,0.2
2026-07-01,2026-07-03,Pader,icon_seamless,0.0
2026-07-01,2026-07-04,Pader,icon_seamless,0.0
2026-07-01,2026-07-05,Pader,icon_seamless,2.7
2026-07-01,2026-07-06,Pader,icon_seamless,15.1
2026-07-01,2026-07-07,Pader,icon_seamless,8.0
2026-07-01,2026-07-08,Pader,icon_seamless,0.3
2026-07-01,2026-07-03,Pader,ukmo_seamless,0.2
2026-07-01,2026-07-04,Pader,ukmo_seamless,0.0
2026-07-01,2026-07-05,Pader,ukmo_seamless,0.3
2026-07-01,2026-07-06,Pader,ukmo_seamless,1.8
2026-07-01,2026-07-07,Pader,ukmo_seamless,1.2
2026-07-01,2026-07-03,Pader,meteofrance_seamless,0.0
2026-07-01,2026-07-04,Pader,meteofrance_seamless,0.0
2026-07-01,2026-07-03,Pader,jma_seamless,3.9
2026-07-01,2026-07-04,Pader,jma_seamless,1.4
2026-07-01,2026-07-05,Pader,jma_seamless,7.7
2026-07-01,2026-07-06,Pader,jma_seamless,4.4
2026-07-01,2026-07-07,Pader,jma_seamless,2.7
2026-07-01,2026-07-08,Pader,jma_seamless,5.4
2026-07-01,2026-07-03,Pader,gem_seamless,0.0
2026-07-01,2026-07-04,Pader,gem_seamless,0.9
2026-07-01,2026-07-05,Pader,gem_seamless,6.0
2026-07-01,2026-07-06,Pader,gem_seamless,3.0
2026-07-01,2026-07-07,Pader,gem_seamless,1.5
2026-07-01,2026-07-08,Pader,gem_seamless,0.0
2026-07-01,2026-07-03,Pader,knmi_seamless,0.2
2026-07-01,2026-07-04,Pader,knmi_seamless,2.5
2026-07-01,2026-07-05,Pader,knmi_seamless,1.8
2026-07-01,2026-07-06,Pader,knmi_seamless,4.4
2026-07-01,2026-07-07,Pader,knmi_seamless,0.3
2026-07-01,2026-07-08,Pader,knmi_seamless,0.4
2026-07-01,2026-07-03,Alebtong,ecmwf_ifs025,1.9
2026-07-01,2026-07-04,Alebtong,ecmwf_ifs025,0.3
2026-07-01,2026-07-05,Alebtong,ecmwf_ifs025,3.6
2026-07-01,2026-07-06,Alebtong,ecmwf_ifs025,2.9
2026-07-01,2026-07-07,Alebtong,ecmwf_ifs025,9.5
2026-07-01,2026-07-08,Alebtong,ecmwf_ifs025,1.0
2026-07-01,2026-07-03,Alebtong,ecmwf_aifs025_single,2.1
2026-07-01,2026-07-04,Alebtong,ecmwf_aifs025_single,0.7
2026-07-01,2026-07-05,Alebtong,ecmwf_aifs025_single,2.0
2026-07-01,2026-07-06,Alebtong,ecmwf_aifs025_single,3.1
2026-07-01,2026-07-07,Alebtong,ecmwf_aifs025_single,1.6
2026-07-01,2026-07-08,Alebtong,ecmwf_aifs025_single,0.2
2026-07-01,2026-07-03,Alebtong,gfs_seamless,0.7
2026-07-01,2026-07-04,Alebtong,gfs_seamless,4.8
2026-07-01,2026-07-05,Alebtong,gfs_seamless,4.4
2026-07-01,2026-07-06,Alebtong,gfs_seamless,0.5
2026-07-01,2026-07-07,Alebtong,gfs_seamless,0.7
2026-07-01,2026-07-08,Alebtong,gfs_seamless,0.5
2026-07-01,2026-07-03,Alebtong,icon_seamless,0.0
2026-07-01,2026-07-04,Alebtong,icon_seamless,0.0
2026-07-01,2026-07-05,Alebtong,icon_seamless,6.8
2026-07-01,2026-07-06,Alebtong,icon_seamless,5.4
2026-07-01,2026-07-07,Alebtong,icon_seamless,10.3
2026-07-01,2026-07-08,Alebtong,icon_seamless,0.6
2026-07-01,2026-07-03,Alebtong,ukmo_seamless,0.1
2026-07-01,2026-07-04,Alebtong,ukmo_seamless,0.0
2026-07-01,2026-07-05,Alebtong,ukmo_seamless,0.0
2026-07-01,2026-07-06,Alebtong,ukmo_seamless,3.3
2026-07-01,2026-07-07,Alebtong,ukmo_seamless,0.6
2026-07-01,2026-07-03,Alebtong,meteofrance_seamless,0.0
2026-07-01,2026-07-04,Alebtong,meteofrance_seamless,0.2
2026-07-01,2026-07-03,Alebtong,jma_seamless,1.5
2026-07-01,2026-07-04,Alebtong,jma_seamless,0.2
2026-07-01,2026-07-05,Alebtong,jma_seamless,4.7
2026-07-01,2026-07-06,Alebtong,jma_seamless,4.5
2026-07-01,2026-07-07,Alebtong,jma_seamless,3.4
2026-07-01,2026-07-08,Alebtong,jma_seamless,4.9
2026-07-01,2026-07-03,Alebtong,gem_seamless,1.0
2026-07-01,2026-07-04,Alebtong,gem_seamless,1.2
2026-07-01,2026-07-05,Alebtong,gem_seamless,0.0
2026-07-01,2026-07-06,Alebtong,gem_seamless,4.6
2026-07-01,2026-07-07,Alebtong,gem_seamless,1.1
2026-07-01,2026-07-08,Alebtong,gem_seamless,0.2
2026-07-01,2026-07-03,Alebtong,knmi_seamless,2.0
2026-07-01,2026-07-04,Alebtong,knmi_seamless,0.5
2026-07-01,2026-07-05,Alebtong,knmi_seamless,1.9
2026-07-01,2026-07-06,Alebtong,knmi_seamless,3.0
2026-07-01,2026-07-07,Alebtong,knmi_seamless,10.5
2026-07-01,2026-07-08,Alebtong,knmi_seamless,1.2
2026-07-01,2026-07-03,Lira,ecmwf_ifs025,0.5
2026-07-01,2026-07-04,Lira,ecmwf_ifs025,1.1
2026-07-01,2026-07-05,Lira,ecmwf_ifs025,5.9
2026-07-01,2026-07-06,Lira,ecmwf_ifs025,3.3
2026-07-01,2026-07-07,Lira,ecmwf_ifs025,5.4
2026-07-01,2026-07-08,Lira,ecmwf_ifs025,2.4
2026-07-01,2026-07-03,Lira,ecmwf_aifs025_single,1.6
2026-07-01,2026-07-04,Lira,ecmwf_aifs025_single,0.7
2026-07-01,2026-07-05,Lira,ecmwf_aifs025_single,2.0
2026-07-01,2026-07-06,Lira,ecmwf_aifs025_single,3.0
2026-07-01,2026-07-07,Lira,ecmwf_aifs025_single,1.5
2026-07-01,2026-07-08,Lira,ecmwf_aifs025_single,0.2
2026-07-01,2026-07-03,Lira,gfs_seamless,0.4
2026-07-01,2026-07-04,Lira,gfs_seamless,4.6
2026-07-01,2026-07-05,Lira,gfs_seamless,3.1
2026-07-01,2026-07-06,Lira,gfs_seamless,0.7
2026-07-01,2026-07-07,Lira,gfs_seamless,0.8
2026-07-01,2026-07-08,Lira,gfs_seamless,0.5
2026-07-01,2026-07-03,Lira,icon_seamless,0.0
2026-07-01,2026-07-04,Lira,icon_seamless,0.0
2026-07-01,2026-07-05,Lira,icon_seamless,6.1
2026-07-01,2026-07-06,Lira,icon_seamless,3.6
2026-07-01,2026-07-07,Lira,icon_seamless,2.6
2026-07-01,2026-07-08,Lira,icon_seamless,6.9
2026-07-01,2026-07-03,Lira,ukmo_seamless,0.1
2026-07-01,2026-07-04,Lira,ukmo_seamless,0.0
2026-07-01,2026-07-05,Lira,ukmo_seamless,0.3
2026-07-01,2026-07-06,Lira,ukmo_seamless,2.7
2026-07-01,2026-07-07,Lira,ukmo_seamless,1.5
2026-07-01,2026-07-03,Lira,meteofrance_seamless,0.0
2026-07-01,2026-07-04,Lira,meteofrance_seamless,0.2
2026-07-01,2026-07-03,Lira,jma_seamless,1.5
2026-07-01,2026-07-04,Lira,jma_seamless,0.2
2026-07-01,2026-07-05,Lira,jma_seamless,4.7
2026-07-01,2026-07-06,Lira,jma_seamless,4.5
2026-07-01,2026-07-07,Lira,jma_seamless,3.4
2026-07-01,2026-07-08,Lira,jma_seamless,4.9
2026-07-01,2026-07-03,Lira,gem_seamless,0.8
2026-07-01,2026-07-04,Lira,gem_seamless,0.5
2026-07-01,2026-07-05,Lira,gem_seamless,0.0
2026-07-01,2026-07-06,Lira,gem_seamless,1.8
2026-07-01,2026-07-07,Lira,gem_seamless,1.0
2026-07-01,2026-07-08,Lira,gem_seamless,0.4
2026-07-01,2026-07-03,Lira,knmi_seamless,0.4
2026-07-01,2026-07-04,Lira,knmi_seamless,1.8
2026-07-01,2026-07-05,Lira,knmi_seamless,5.8
2026-07-01,2026-07-06,Lira,knmi_seamless,3.6
2026-07-01,2026-07-07,Lira,knmi_seamless,15.8
2026-07-01,2026-07-08,Lira,knmi_seamless,1.6
2026-07-01,2026-07-03,Kole,ecmwf_ifs025,0.3
2026-07-01,2026-07-04,Kole,ecmwf_ifs025,0.5
2026-07-01,2026-07-05,Kole,ecmwf_ifs025,4.5
2026-07-01,2026-07-06,Kole,ecmwf_ifs025,3.9
2026-07-01,2026-07-07,Kole,ecmwf_ifs025,13.4
2026-07-01,2026-07-08,Kole,ecmwf_ifs025,0.8
2026-07-01,2026-07-03,Kole,ecmwf_aifs025_single,1.2
2026-07-01,2026-07-04,Kole,ecmwf_aifs025_single,0.3
2026-07-01,2026-07-05,Kole,ecmwf_aifs025_single,2.1
2026-07-01,2026-07-06,Kole,ecmwf_aifs025_single,3.5
2026-07-01,2026-07-07,Kole,ecmwf_aifs025_single,2.2
2026-07-01,2026-07-08,Kole,ecmwf_aifs025_single,0.3
2026-07-01,2026-07-03,Kole,gfs_seamless,2.3
2026-07-01,2026-07-04,Kole,gfs_seamless,16.9
2026-07-01,2026-07-05,Kole,gfs_seamless,2.2
2026-07-01,2026-07-06,Kole,gfs_seamless,0.2
2026-07-01,2026-07-07,Kole,gfs_seamless,0.3
2026-07-01,2026-07-08,Kole,gfs_seamless,0.7
2026-07-01,2026-07-03,Kole,icon_seamless,0.0
2026-07-01,2026-07-04,Kole,icon_seamless,0.0
2026-07-01,2026-07-05,Kole,icon_seamless,6.1
2026-07-01,2026-07-06,Kole,icon_seamless,5.6
2026-07-01,2026-07-07,Kole,icon_seamless,2.7
2026-07-01,2026-07-08,Kole,icon_seamless,7.5
2026-07-01,2026-07-03,Kole,ukmo_seamless,0.0
2026-07-01,2026-07-04,Kole,ukmo_seamless,0.0
2026-07-01,2026-07-05,Kole,ukmo_seamless,0.6
2026-07-01,2026-07-06,Kole,ukmo_seamless,0.0
2026-07-01,2026-07-07,Kole,ukmo_seamless,0.9
2026-07-01,2026-07-03,Kole,meteofrance_seamless,0.0
2026-07-01,2026-07-04,Kole,meteofrance_seamless,0.0
2026-07-01,2026-07-03,Kole,jma_seamless,2.0
2026-07-01,2026-07-04,Kole,jma_seamless,0.7
2026-07-01,2026-07-05,Kole,jma_seamless,5.0
2026-07-01,2026-07-06,Kole,jma_seamless,3.7
2026-07-01,2026-07-07,Kole,jma_seamless,3.7
2026-07-01,2026-07-08,Kole,jma_seamless,2.9
2026-07-01,2026-07-03,Kole,gem_seamless,1.4
2026-07-01,2026-07-04,Kole,gem_seamless,0.0
2026-07-01,2026-07-05,Kole,gem_seamless,0.0
2026-07-01,2026-07-06,Kole,gem_seamless,1.9
2026-07-01,2026-07-07,Kole,gem_seamless,1.5
2026-07-01,2026-07-08,Kole,gem_seamless,0.5
2026-07-01,2026-07-03,Kole,knmi_seamless,0.3
2026-07-01,2026-07-04,Kole,knmi_seamless,1.3
2026-07-01,2026-07-05,Kole,knmi_seamless,5.4
2026-07-01,2026-07-06,Kole,knmi_seamless,5.7
2026-07-01,2026-07-07,Kole,knmi_seamless,16.9
2026-07-01,2026-07-08,Kole,knmi_seamless,0.8
2026-07-01,2026-07-03,Oyam,ecmwf_ifs025,0.2
2026-07-01,2026-07-04,Oyam,ecmwf_ifs025,0.5
2026-07-01,2026-07-05,Oyam,ecmwf_ifs025,9.1
2026-07-01,2026-07-06,Oyam,ecmwf_ifs025,4.5
2026-07-01,2026-07-07,Oyam,ecmwf_ifs025,2.7
2026-07-01,2026-07-08,Oyam,ecmwf_ifs025,1.0
2026-07-01,2026-07-03,Oyam,ecmwf_aifs025_single,0.8
2026-07-01,2026-07-04,Oyam,ecmwf_aifs025_single,0.5
2026-07-01,2026-07-05,Oyam,ecmwf_aifs025_single,2.2
2026-07-01,2026-07-06,Oyam,ecmwf_aifs025_single,3.8
2026-07-01,2026-07-07,Oyam,ecmwf_aifs025_single,2.2
2026-07-01,2026-07-08,Oyam,ecmwf_aifs025_single,0.4
2026-07-01,2026-07-03,Oyam,gfs_seamless,1.8
2026-07-01,2026-07-04,Oyam,gfs_seamless,4.8
2026-07-01,2026-07-05,Oyam,gfs_seamless,3.1
2026-07-01,2026-07-06,Oyam,gfs_seamless,0.4
2026-07-01,2026-07-07,Oyam,gfs_seamless,0.4
2026-07-01,2026-07-08,Oyam,gfs_seamless,1.0
2026-07-01,2026-07-03,Oyam,icon_seamless,0.0
2026-07-01,2026-07-04,Oyam,icon_seamless,0.2
2026-07-01,2026-07-05,Oyam,icon_seamless,4.5
2026-07-01,2026-07-06,Oyam,icon_seamless,2.8
2026-07-01,2026-07-07,Oyam,icon_seamless,2.3
2026-07-01,2026-07-08,Oyam,icon_seamless,6.3
2026-07-01,2026-07-03,Oyam,ukmo_seamless,0.0
2026-07-01,2026-07-04,Oyam,ukmo_seamless,0.0
2026-07-01,2026-07-05,Oyam,ukmo_seamless,0.9
2026-07-01,2026-07-06,Oyam,ukmo_seamless,0.9
2026-07-01,2026-07-07,Oyam,ukmo_seamless,0.6
2026-07-01,2026-07-03,Oyam,meteofrance_seamless,0.0
2026-07-01,2026-07-04,Oyam,meteofrance_seamless,0.2
2026-07-01,2026-07-03,Oyam,jma_seamless,2.0
2026-07-01,2026-07-04,Oyam,jma_seamless,0.7
2026-07-01,2026-07-05,Oyam,jma_seamless,5.0
2026-07-01,2026-07-06,Oyam,jma_seamless,3.7
2026-07-01,2026-07-07,Oyam,jma_seamless,3.7
2026-07-01,2026-07-08,Oyam,jma_seamless,2.9
2026-07-01,2026-07-03,Oyam,gem_seamless,2.7
2026-07-01,2026-07-04,Oyam,gem_seamless,0.0
2026-07-01,2026-07-05,Oyam,gem_seamless,0.0
2026-07-01,2026-07-06,Oyam,gem_seamless,2.0
2026-07-01,2026-07-07,Oyam,gem_seamless,2.0
2026-07-01,2026-07-08,Oyam,gem_seamless,0.8
2026-07-01,2026-07-03,Oyam,knmi_seamless,0.2
2026-07-01,2026-07-04,Oyam,knmi_seamless,1.0
2026-07-01,2026-07-05,Oyam,knmi_seamless,3.7
2026-07-01,2026-07-06,Oyam,knmi_seamless,6.1
2026-07-01,2026-07-07,Oyam,knmi_seamless,2.9
2026-07-01,2026-07-08,Oyam,knmi_seamless,1.0
2026-07-01,2026-07-03,Apac,ecmwf_ifs025,0.1
2026-07-01,2026-07-04,Apac,ecmwf_ifs025,0.6
2026-07-01,2026-07-05,Apac,ecmwf_ifs025,5.8
2026-07-01,2026-07-06,Apac,ecmwf_ifs025,7.2
2026-07-01,2026-07-07,Apac,ecmwf_ifs025,7.6
2026-07-01,2026-07-08,Apac,ecmwf_ifs025,1.4
2026-07-01,2026-07-03,Apac,ecmwf_aifs025_single,0.9
2026-07-01,2026-07-04,Apac,ecmwf_aifs025_single,0.3
2026-07-01,2026-07-05,Apac,ecmwf_aifs025_single,1.9
2026-07-01,2026-07-06,Apac,ecmwf_aifs025_single,3.2
2026-07-01,2026-07-07,Apac,ecmwf_aifs025_single,2.0
2026-07-01,2026-07-08,Apac,ecmwf_aifs025_single,0.4
2026-07-01,2026-07-03,Apac,gfs_seamless,1.3
2026-07-01,2026-07-04,Apac,gfs_seamless,6.3
2026-07-01,2026-07-05,Apac,gfs_seamless,2.5
2026-07-01,2026-07-06,Apac,gfs_seamless,1.0
2026-07-01,2026-07-07,Apac,gfs_seamless,0.0
2026-07-01,2026-07-08,Apac,gfs_seamless,0.3
2026-07-01,2026-07-03,Apac,icon_seamless,0.0
2026-07-01,2026-07-04,Apac,icon_seamless,0.0
2026-07-01,2026-07-05,Apac,icon_seamless,6.9
2026-07-01,2026-07-06,Apac,icon_seamless,0.3
2026-07-01,2026-07-07,Apac,icon_seamless,0.3
2026-07-01,2026-07-08,Apac,icon_seamless,6.6
2026-07-01,2026-07-03,Apac,ukmo_seamless,0.0
2026-07-01,2026-07-04,Apac,ukmo_seamless,0.0
2026-07-01,2026-07-05,Apac,ukmo_seamless,2.7
2026-07-01,2026-07-06,Apac,ukmo_seamless,1.2
2026-07-01,2026-07-07,Apac,ukmo_seamless,0.6
2026-07-01,2026-07-03,Apac,meteofrance_seamless,0.0
2026-07-01,2026-07-04,Apac,meteofrance_seamless,0.6
2026-07-01,2026-07-03,Apac,jma_seamless,4.3
2026-07-01,2026-07-04,Apac,jma_seamless,0.2
2026-07-01,2026-07-05,Apac,jma_seamless,1.9
2026-07-01,2026-07-06,Apac,jma_seamless,0.8
2026-07-01,2026-07-07,Apac,jma_seamless,5.7
2026-07-01,2026-07-08,Apac,jma_seamless,0.4
2026-07-01,2026-07-03,Apac,gem_seamless,4.0
2026-07-01,2026-07-04,Apac,gem_seamless,0.0
2026-07-01,2026-07-05,Apac,gem_seamless,0.2
2026-07-01,2026-07-06,Apac,gem_seamless,0.3
2026-07-01,2026-07-07,Apac,gem_seamless,1.1
2026-07-01,2026-07-08,Apac,gem_seamless,0.5
2026-07-01,2026-07-03,Apac,knmi_seamless,0.1
2026-07-01,2026-07-04,Apac,knmi_seamless,0.1
2026-07-01,2026-07-05,Apac,knmi_seamless,2.0
2026-07-01,2026-07-06,Apac,knmi_seamless,1.6
2026-07-01,2026-07-07,Apac,knmi_seamless,6.9
2026-07-01,2026-07-08,Apac,knmi_seamless,0.8
2026-07-01,2026-07-03,Gulu,ecmwf_ifs025,0.5
2026-07-01,2026-07-04,Gulu,ecmwf_ifs025,0.4
2026-07-01,2026-07-05,Gulu,ecmwf_ifs025,11.0
2026-07-01,2026-07-06,Gulu,ecmwf_ifs025,1.3
2026-07-01,2026-07-07,Gulu,ecmwf_ifs025,1.5
2026-07-01,2026-07-08,Gulu,ecmwf_ifs025,1.0
2026-07-01,2026-07-03,Gulu,ecmwf_aifs025_single,1.0
2026-07-01,2026-07-04,Gulu,ecmwf_aifs025_single,0.5
2026-07-01,2026-07-05,Gulu,ecmwf_aifs025_single,2.3
2026-07-01,2026-07-06,Gulu,ecmwf_aifs025_single,3.4
2026-07-01,2026-07-07,Gulu,ecmwf_aifs025_single,1.7
2026-07-01,2026-07-08,Gulu,ecmwf_aifs025_single,0.2
2026-07-01,2026-07-03,Gulu,gfs_seamless,0.2
2026-07-01,2026-07-04,Gulu,gfs_seamless,6.1
2026-07-01,2026-07-05,Gulu,gfs_seamless,2.6
2026-07-01,2026-07-06,Gulu,gfs_seamless,4.7
2026-07-01,2026-07-07,Gulu,gfs_seamless,0.5
2026-07-01,2026-07-08,Gulu,gfs_seamless,0.6
2026-07-01,2026-07-03,Gulu,icon_seamless,0.0
2026-07-01,2026-07-04,Gulu,icon_seamless,0.3
2026-07-01,2026-07-05,Gulu,icon_seamless,3.3
2026-07-01,2026-07-06,Gulu,icon_seamless,12.0
2026-07-01,2026-07-07,Gulu,icon_seamless,2.7
2026-07-01,2026-07-08,Gulu,icon_seamless,0.6
2026-07-01,2026-07-03,Gulu,ukmo_seamless,0.2
2026-07-01,2026-07-04,Gulu,ukmo_seamless,0.0
2026-07-01,2026-07-05,Gulu,ukmo_seamless,2.1
2026-07-01,2026-07-06,Gulu,ukmo_seamless,2.1
2026-07-01,2026-07-07,Gulu,ukmo_seamless,0.3
2026-07-01,2026-07-03,Gulu,meteofrance_seamless,0.0
2026-07-01,2026-07-04,Gulu,meteofrance_seamless,0.0
2026-07-01,2026-07-03,Gulu,jma_seamless,3.8
2026-07-01,2026-07-04,Gulu,jma_seamless,5.1
2026-07-01,2026-07-05,Gulu,jma_seamless,12.8
2026-07-01,2026-07-06,Gulu,jma_seamless,3.8
2026-07-01,2026-07-07,Gulu,jma_seamless,5.7
2026-07-01,2026-07-08,Gulu,jma_seamless,5.5
2026-07-01,2026-07-03,Gulu,gem_seamless,0.0
2026-07-01,2026-07-04,Gulu,gem_seamless,0.0
2026-07-01,2026-07-05,Gulu,gem_seamless,0.0
2026-07-01,2026-07-06,Gulu,gem_seamless,1.2
2026-07-01,2026-07-07,Gulu,gem_seamless,0.9
2026-07-01,2026-07-08,Gulu,gem_seamless,0.0
2026-07-01,2026-07-03,Gulu,knmi_seamless,0.3
2026-07-01,2026-07-04,Gulu,knmi_seamless,0.2
2026-07-01,2026-07-05,Gulu,knmi_seamless,12.0
2026-07-01,2026-07-06,Gulu,knmi_seamless,1.7
2026-07-01,2026-07-07,Gulu,knmi_seamless,2.1
2026-07-01,2026-07-08,Gulu,knmi_seamless,0.6
2026-07-01,2026-07-03,Omoro,ecmwf_ifs025,0.1
2026-07-01,2026-07-04,Omoro,ecmwf_ifs025,0.9
2026-07-01,2026-07-05,Omoro,ecmwf_ifs025,7.6
2026-07-01,2026-07-06,Omoro,ecmwf_ifs025,1.5
2026-07-01,2026-07-07,Omoro,ecmwf_ifs025,1.6
2026-07-01,2026-07-08,Omoro,ecmwf_ifs025,1.4
2026-07-01,2026-07-03,Omoro,ecmwf_aifs025_single,1.2
2026-07-01,2026-07-04,Omoro,ecmwf_aifs025_single,0.6
2026-07-01,2026-07-05,Omoro,ecmwf_aifs025_single,2.1
2026-07-01,2026-07-06,Omoro,ecmwf_aifs025_single,3.2
2026-07-01,2026-07-07,Omoro,ecmwf_aifs025_single,1.6
2026-07-01,2026-07-08,Omoro,ecmwf_aifs025_single,0.1
2026-07-01,2026-07-03,Omoro,gfs_seamless,0.3
2026-07-01,2026-07-04,Omoro,gfs_seamless,5.9
2026-07-01,2026-07-05,Omoro,gfs_seamless,1.0
2026-07-01,2026-07-06,Omoro,gfs_seamless,1.0
2026-07-01,2026-07-07,Omoro,gfs_seamless,0.5
2026-07-01,2026-07-08,Omoro,gfs_seamless,0.9
2026-07-01,2026-07-03,Omoro,icon_seamless,0.5
2026-07-01,2026-07-04,Omoro,icon_seamless,0.0
2026-07-01,2026-07-05,Omoro,icon_seamless,2.4
2026-07-01,2026-07-06,Omoro,icon_seamless,10.3
2026-07-01,2026-07-07,Omoro,icon_seamless,8.0
2026-07-01,2026-07-08,Omoro,icon_seamless,2.7
2026-07-01,2026-07-03,Omoro,ukmo_seamless,0.0
2026-07-01,2026-07-04,Omoro,ukmo_seamless,0.0
2026-07-01,2026-07-05,Omoro,ukmo_seamless,1.5
2026-07-01,2026-07-06,Omoro,ukmo_seamless,1.8
2026-07-01,2026-07-07,Omoro,ukmo_seamless,0.3
2026-07-01,2026-07-03,Omoro,meteofrance_seamless,0.0
2026-07-01,2026-07-04,Omoro,meteofrance_seamless,0.0
2026-07-01,2026-07-03,Omoro,jma_seamless,2.0
2026-07-01,2026-07-04,Omoro,jma_seamless,0.7
2026-07-01,2026-07-05,Omoro,jma_seamless,5.0
2026-07-01,2026-07-06,Omoro,jma_seamless,3.7
2026-07-01,2026-07-07,Omoro,jma_seamless,3.7
2026-07-01,2026-07-08,Omoro,jma_seamless,2.9
2026-07-01,2026-07-03,Omoro,gem_seamless,0.0
2026-07-01,2026-07-04,Omoro,gem_seamless,0.3
2026-07-01,2026-07-05,Omoro,gem_seamless,0.0
2026-07-01,2026-07-06,Omoro,gem_seamless,3.2
2026-07-01,2026-07-07,Omoro,gem_seamless,1.5
2026-07-01,2026-07-08,Omoro,gem_seamless,0.3
2026-07-01,2026-07-03,Omoro,knmi_seamless,0.3
2026-07-01,2026-07-04,Omoro,knmi_seamless,2.8
2026-07-01,2026-07-05,Omoro,knmi_seamless,5.6
2026-07-01,2026-07-06,Omoro,knmi_seamless,2.6
2026-07-01,2026-07-07,Omoro,knmi_seamless,0.9
2026-07-01,2026-07-08,Omoro,knmi_seamless,1.6
2026-07-01,2026-07-03,Nwoya,ecmwf_ifs025,0.3
2026-07-01,2026-07-04,Nwoya,ecmwf_ifs025,0.8
2026-07-01,2026-07-05,Nwoya,ecmwf_ifs025,0.2
2026-07-01,2026-07-06,Nwoya,ecmwf_ifs025,1.8
2026-07-01,2026-07-07,Nwoya,ecmwf_ifs025,1.5
2026-07-01,2026-07-08,Nwoya,ecmwf_ifs025,2.6
2026-07-01,2026-07-03,Nwoya,ecmwf_aifs025_single,0.6
2026-07-01,2026-07-04,Nwoya,ecmwf_aifs025_single,0.4
2026-07-01,2026-07-05,Nwoya,ecmwf_aifs025_single,2.5
2026-07-01,2026-07-06,Nwoya,ecmwf_aifs025_single,4.3
2026-07-01,2026-07-07,Nwoya,ecmwf_aifs025_single,2.2
2026-07-01,2026-07-08,Nwoya,ecmwf_aifs025_single,0.5
2026-07-01,2026-07-03,Nwoya,gfs_seamless,0.1
2026-07-01,2026-07-04,Nwoya,gfs_seamless,6.4
2026-07-01,2026-07-05,Nwoya,gfs_seamless,8.1
2026-07-01,2026-07-06,Nwoya,gfs_seamless,2.3
2026-07-01,2026-07-07,Nwoya,gfs_seamless,0.4
2026-07-01,2026-07-08,Nwoya,gfs_seamless,0.6
2026-07-01,2026-07-03,Nwoya,icon_seamless,0.2
2026-07-01,2026-07-04,Nwoya,icon_seamless,0.1
2026-07-01,2026-07-05,Nwoya,icon_seamless,1.2
2026-07-01,2026-07-06,Nwoya,icon_seamless,2.7
2026-07-01,2026-07-07,Nwoya,icon_seamless,0.0
2026-07-01,2026-07-08,Nwoya,icon_seamless,0.3
2026-07-01,2026-07-03,Nwoya,ukmo_seamless,0.0
2026-07-01,2026-07-04,Nwoya,ukmo_seamless,2.4
2026-07-01,2026-07-05,Nwoya,ukmo_seamless,3.0
2026-07-01,2026-07-06,Nwoya,ukmo_seamless,2.4
2026-07-01,2026-07-07,Nwoya,ukmo_seamless,0.3
2026-07-01,2026-07-03,Nwoya,meteofrance_seamless,0.0
2026-07-01,2026-07-04,Nwoya,meteofrance_seamless,4.5
2026-07-01,2026-07-03,Nwoya,jma_seamless,3.1
2026-07-01,2026-07-04,Nwoya,jma_seamless,0.4
2026-07-01,2026-07-05,Nwoya,jma_seamless,9.3
2026-07-01,2026-07-06,Nwoya,jma_seamless,7.0
2026-07-01,2026-07-07,Nwoya,jma_seamless,7.0
2026-07-01,2026-07-08,Nwoya,jma_seamless,1.8
2026-07-01,2026-07-03,Nwoya,gem_seamless,0.0
2026-07-01,2026-07-04,Nwoya,gem_seamless,0.7
2026-07-01,2026-07-05,Nwoya,gem_seamless,0.4
2026-07-01,2026-07-06,Nwoya,gem_seamless,1.1
2026-07-01,2026-07-07,Nwoya,gem_seamless,0.4
2026-07-01,2026-07-08,Nwoya,gem_seamless,0.6
2026-07-01,2026-07-03,Nwoya,knmi_seamless,0.3
2026-07-01,2026-07-04,Nwoya,knmi_seamless,0.1
2026-07-01,2026-07-05,Nwoya,knmi_seamless,1.1
2026-07-01,2026-07-06,Nwoya,knmi_seamless,1.6
2026-07-01,2026-07-07,Nwoya,knmi_seamless,1.5
2026-07-01,2026-07-08,Nwoya,knmi_seamless,1.2
2026-07-01,2026-07-03,Amuru,ecmwf_ifs025,0.3
2026-07-01,2026-07-04,Amuru,ecmwf_ifs025,1.7
2026-07-01,2026-07-05,Amuru,ecmwf_ifs025,4.7
2026-07-01,2026-07-06,Amuru,ecmwf_ifs025,4.4
2026-07-01,2026-07-07,Amuru,ecmwf_ifs025,2.6
2026-07-01,2026-07-08,Amuru,ecmwf_ifs025,2.4
2026-07-01,2026-07-03,Amuru,ecmwf_aifs025_single,0.7
2026-07-01,2026-07-04,Amuru,ecmwf_aifs025_single,0.5
2026-07-01,2026-07-05,Amuru,ecmwf_aifs025_single,2.6
2026-07-01,2026-07-06,Amuru,ecmwf_aifs025_single,4.5
2026-07-01,2026-07-07,Amuru,ecmwf_aifs025_single,2.1
2026-07-01,2026-07-08,Amuru,ecmwf_aifs025_single,0.5
2026-07-01,2026-07-03,Amuru,gfs_seamless,0.0
2026-07-01,2026-07-04,Amuru,gfs_seamless,4.4
2026-07-01,2026-07-05,Amuru,gfs_seamless,6.6
2026-07-01,2026-07-06,Amuru,gfs_seamless,2.0
2026-07-01,2026-07-07,Amuru,gfs_seamless,1.3
2026-07-01,2026-07-08,Amuru,gfs_seamless,0.9
2026-07-01,2026-07-03,Amuru,icon_seamless,0.3
2026-07-01,2026-07-04,Amuru,icon_seamless,0.8
2026-07-01,2026-07-05,Amuru,icon_seamless,3.9
2026-07-01,2026-07-06,Amuru,icon_seamless,5.1
2026-07-01,2026-07-07,Amuru,icon_seamless,0.3
2026-07-01,2026-07-08,Amuru,icon_seamless,0.9
2026-07-01,2026-07-03,Amuru,ukmo_seamless,0.2
2026-07-01,2026-07-04,Amuru,ukmo_seamless,1.5
2026-07-01,2026-07-05,Amuru,ukmo_seamless,2.1
2026-07-01,2026-07-06,Amuru,ukmo_seamless,3.3
2026-07-01,2026-07-07,Amuru,ukmo_seamless,0.3
2026-07-01,2026-07-03,Amuru,meteofrance_seamless,0.0
2026-07-01,2026-07-04,Amuru,meteofrance_seamless,7.2
2026-07-01,2026-07-03,Amuru,jma_seamless,3.1
2026-07-01,2026-07-04,Amuru,jma_seamless,1.6
2026-07-01,2026-07-05,Amuru,jma_seamless,22.2
2026-07-01,2026-07-06,Amuru,jma_seamless,7.3
2026-07-01,2026-07-07,Amuru,jma_seamless,8.2
2026-07-01,2026-07-08,Amuru,jma_seamless,4.4
2026-07-01,2026-07-03,Amuru,gem_seamless,0.0
2026-07-01,2026-07-04,Amuru,gem_seamless,8.1
2026-07-01,2026-07-05,Amuru,gem_seamless,3.6
2026-07-01,2026-07-06,Amuru,gem_seamless,1.2
2026-07-01,2026-07-07,Amuru,gem_seamless,2.7
2026-07-01,2026-07-08,Amuru,gem_seamless,0.9
2026-07-01,2026-07-03,Amuru,knmi_seamless,0.2
2026-07-01,2026-07-04,Amuru,knmi_seamless,1.8
2026-07-01,2026-07-05,Amuru,knmi_seamless,3.1
2026-07-01,2026-07-06,Amuru,knmi_seamless,3.4
2026-07-01,2026-07-07,Amuru,knmi_seamless,1.2
2026-07-01,2026-07-08,Amuru,knmi_seamless,3.0
2026-07-01,2026-07-03,Lamwo,ecmwf_ifs025,1.2
2026-07-01,2026-07-04,Lamwo,ecmwf_ifs025,3.4
2026-07-01,2026-07-05,Lamwo,ecmwf_ifs025,1.9
2026-07-01,2026-07-06,Lamwo,ecmwf_ifs025,4.1
2026-07-01,2026-07-07,Lamwo,ecmwf_ifs025,1.0
2026-07-01,2026-07-08,Lamwo,ecmwf_ifs025,0.2
2026-07-01,2026-07-03,Lamwo,ecmwf_aifs025_single,1.7
2026-07-01,2026-07-04,Lamwo,ecmwf_aifs025_single,1.3
2026-07-01,2026-07-05,Lamwo,ecmwf_aifs025_single,2.2
2026-07-01,2026-07-06,Lamwo,ecmwf_aifs025_single,2.7
2026-07-01,2026-07-07,Lamwo,ecmwf_aifs025_single,0.8
2026-07-01,2026-07-08,Lamwo,ecmwf_aifs025_single,0.0
2026-07-01,2026-07-03,Lamwo,gfs_seamless,3.9
2026-07-01,2026-07-04,Lamwo,gfs_seamless,4.1
2026-07-01,2026-07-05,Lamwo,gfs_seamless,27.9
2026-07-01,2026-07-06,Lamwo,gfs_seamless,4.8
2026-07-01,2026-07-07,Lamwo,gfs_seamless,0.0
2026-07-01,2026-07-08,Lamwo,gfs_seamless,0.3
2026-07-01,2026-07-03,Lamwo,icon_seamless,0.1
2026-07-01,2026-07-04,Lamwo,icon_seamless,2.0
2026-07-01,2026-07-05,Lamwo,icon_seamless,5.4
2026-07-01,2026-07-06,Lamwo,icon_seamless,6.0
2026-07-01,2026-07-07,Lamwo,icon_seamless,0.3
2026-07-01,2026-07-08,Lamwo,icon_seamless,2.4
2026-07-01,2026-07-03,Lamwo,ukmo_seamless,0.2
2026-07-01,2026-07-04,Lamwo,ukmo_seamless,0.3
2026-07-01,2026-07-05,Lamwo,ukmo_seamless,0.3
2026-07-01,2026-07-06,Lamwo,ukmo_seamless,0.6
2026-07-01,2026-07-07,Lamwo,ukmo_seamless,0.0
2026-07-01,2026-07-03,Lamwo,meteofrance_seamless,0.0
2026-07-01,2026-07-04,Lamwo,meteofrance_seamless,5.7
2026-07-01,2026-07-03,Lamwo,jma_seamless,2.8
2026-07-01,2026-07-04,Lamwo,jma_seamless,4.7
2026-07-01,2026-07-05,Lamwo,jma_seamless,15.4
2026-07-01,2026-07-06,Lamwo,jma_seamless,5.3
2026-07-01,2026-07-07,Lamwo,jma_seamless,6.3
2026-07-01,2026-07-08,Lamwo,jma_seamless,14.4
2026-07-01,2026-07-03,Lamwo,gem_seamless,2.4
2026-07-01,2026-07-04,Lamwo,gem_seamless,3.2
2026-07-01,2026-07-05,Lamwo,gem_seamless,2.7
2026-07-01,2026-07-06,Lamwo,gem_seamless,0.6
2026-07-01,2026-07-07,Lamwo,gem_seamless,1.8
2026-07-01,2026-07-08,Lamwo,gem_seamless,0.0
2026-07-01,2026-07-03,Lamwo,knmi_seamless,0.8
2026-07-01,2026-07-04,Lamwo,knmi_seamless,4.5
2026-07-01,2026-07-05,Lamwo,knmi_seamless,0.7
2026-07-01,2026-07-06,Lamwo,knmi_seamless,4.8
2026-07-01,2026-07-07,Lamwo,knmi_seamless,0.9
2026-07-01,2026-07-08,Lamwo,knmi_seamless,0.0
2026-07-01,2026-07-03,Amolatar,ecmwf_ifs025,0.1
2026-07-01,2026-07-04,Amolatar,ecmwf_ifs025,0.4
2026-07-01,2026-07-05,Amolatar,ecmwf_ifs025,4.7
2026-07-01,2026-07-06,Amolatar,ecmwf_ifs025,5.1
2026-07-01,2026-07-07,Amolatar,ecmwf_ifs025,2.6
2026-07-01,2026-07-08,Amolatar,ecmwf_ifs025,1.2
2026-07-01,2026-07-03,Amolatar,ecmwf_aifs025_single,1.5
2026-07-01,2026-07-04,Amolatar,ecmwf_aifs025_single,0.3
2026-07-01,2026-07-05,Amolatar,ecmwf_aifs025_single,1.6
2026-07-01,2026-07-06,Amolatar,ecmwf_aifs025_single,3.1
2026-07-01,2026-07-07,Amolatar,ecmwf_aifs025_single,2.1
2026-07-01,2026-07-08,Amolatar,ecmwf_aifs025_single,0.5
2026-07-01,2026-07-03,Amolatar,gfs_seamless,0.0
2026-07-01,2026-07-04,Amolatar,gfs_seamless,1.4
2026-07-01,2026-07-05,Amolatar,gfs_seamless,1.1
2026-07-01,2026-07-06,Amolatar,gfs_seamless,0.3
2026-07-01,2026-07-07,Amolatar,gfs_seamless,0.2
2026-07-01,2026-07-08,Amolatar,gfs_seamless,0.4
2026-07-01,2026-07-03,Amolatar,icon_seamless,0.0
2026-07-01,2026-07-04,Amolatar,icon_seamless,0.0
2026-07-01,2026-07-05,Amolatar,icon_seamless,0.5
2026-07-01,2026-07-06,Amolatar,icon_seamless,0.1
2026-07-01,2026-07-07,Amolatar,icon_seamless,0.0
2026-07-01,2026-07-08,Amolatar,icon_seamless,2.4
2026-07-01,2026-07-03,Amolatar,ukmo_seamless,0.1
2026-07-01,2026-07-04,Amolatar,ukmo_seamless,0.0
2026-07-01,2026-07-05,Amolatar,ukmo_seamless,0.9
2026-07-01,2026-07-06,Amolatar,ukmo_seamless,0.6
2026-07-01,2026-07-07,Amolatar,ukmo_seamless,0.0
2026-07-01,2026-07-03,Amolatar,meteofrance_seamless,0.0
2026-07-01,2026-07-04,Amolatar,meteofrance_seamless,0.0
2026-07-01,2026-07-03,Amolatar,jma_seamless,0.5
2026-07-01,2026-07-04,Amolatar,jma_seamless,0.2
2026-07-01,2026-07-05,Amolatar,jma_seamless,0.0
2026-07-01,2026-07-06,Amolatar,jma_seamless,0.4
2026-07-01,2026-07-07,Amolatar,jma_seamless,3.1
2026-07-01,2026-07-08,Amolatar,jma_seamless,0.0
2026-07-01,2026-07-03,Amolatar,gem_seamless,0.0
2026-07-01,2026-07-04,Amolatar,gem_seamless,0.0
2026-07-01,2026-07-05,Amolatar,gem_seamless,0.0
2026-07-01,2026-07-06,Amolatar,gem_seamless,0.2
2026-07-01,2026-07-07,Amolatar,gem_seamless,1.5
2026-07-01,2026-07-08,Amolatar,gem_seamless,1.0
2026-07-01,2026-07-03,Amolatar,knmi_seamless,0.1
2026-07-01,2026-07-04,Amolatar,knmi_seamless,0.2
2026-07-01,2026-07-05,Amolatar,knmi_seamless,2.2
2026-07-01,2026-07-06,Amolatar,knmi_seamless,1.5
2026-07-01,2026-07-07,Amolatar,knmi_seamless,3.2
2026-07-01,2026-07-08,Amolatar,knmi_seamless,0.4
2026-07-01,2026-07-03,Kalaki,ecmwf_ifs025,3.5
2026-07-01,2026-07-04,Kalaki,ecmwf_ifs025,1.4
2026-07-01,2026-07-05,Kalaki,ecmwf_ifs025,3.6
2026-07-01,2026-07-06,Kalaki,ecmwf_ifs025,1.5
2026-07-01,2026-07-07,Kalaki,ecmwf_ifs025,7.2
2026-07-01,2026-07-08,Kalaki,ecmwf_ifs025,1.2
2026-07-01,2026-07-03,Kalaki,ecmwf_aifs025_single,3.0
2026-07-01,2026-07-04,Kalaki,ecmwf_aifs025_single,0.9
2026-07-01,2026-07-05,Kalaki,ecmwf_aifs025_single,2.1
2026-07-01,2026-07-06,Kalaki,ecmwf_aifs025_single,3.2
2026-07-01,2026-07-07,Kalaki,ecmwf_aifs025_single,1.7
2026-07-01,2026-07-08,Kalaki,ecmwf_aifs025_single,0.4
2026-07-01,2026-07-03,Kalaki,gfs_seamless,0.0
2026-07-01,2026-07-04,Kalaki,gfs_seamless,5.8
2026-07-01,2026-07-05,Kalaki,gfs_seamless,5.0
2026-07-01,2026-07-06,Kalaki,gfs_seamless,1.3
2026-07-01,2026-07-07,Kalaki,gfs_seamless,0.9
2026-07-01,2026-07-08,Kalaki,gfs_seamless,0.3
2026-07-01,2026-07-03,Kalaki,icon_seamless,0.0
2026-07-01,2026-07-04,Kalaki,icon_seamless,0.2
2026-07-01,2026-07-05,Kalaki,icon_seamless,2.4
2026-07-01,2026-07-06,Kalaki,icon_seamless,4.1
2026-07-01,2026-07-07,Kalaki,icon_seamless,4.4
2026-07-01,2026-07-08,Kalaki,icon_seamless,0.6
2026-07-01,2026-07-03,Kalaki,ukmo_seamless,0.7
2026-07-01,2026-07-04,Kalaki,ukmo_seamless,0.0
2026-07-01,2026-07-05,Kalaki,ukmo_seamless,0.6
2026-07-01,2026-07-06,Kalaki,ukmo_seamless,0.0
2026-07-01,2026-07-07,Kalaki,ukmo_seamless,0.0
2026-07-01,2026-07-03,Kalaki,meteofrance_seamless,0.0
2026-07-01,2026-07-04,Kalaki,meteofrance_seamless,0.0
2026-07-01,2026-07-03,Kalaki,jma_seamless,0.9
2026-07-01,2026-07-04,Kalaki,jma_seamless,0.1
2026-07-01,2026-07-05,Kalaki,jma_seamless,3.4
2026-07-01,2026-07-06,Kalaki,jma_seamless,2.3
2026-07-01,2026-07-07,Kalaki,jma_seamless,9.5
2026-07-01,2026-07-08,Kalaki,jma_seamless,4.2
2026-07-01,2026-07-03,Kalaki,gem_seamless,0.0
2026-07-01,2026-07-04,Kalaki,gem_seamless,0.0
2026-07-01,2026-07-05,Kalaki,gem_seamless,0.6
2026-07-01,2026-07-06,Kalaki,gem_seamless,2.4
2026-07-01,2026-07-07,Kalaki,gem_seamless,1.8
2026-07-01,2026-07-08,Kalaki,gem_seamless,0.0
2026-07-01,2026-07-03,Kalaki,knmi_seamless,1.4
2026-07-01,2026-07-04,Kalaki,knmi_seamless,0.4
2026-07-01,2026-07-05,Kalaki,knmi_seamless,3.2
2026-07-01,2026-07-06,Kalaki,knmi_seamless,3.7
2026-07-01,2026-07-07,Kalaki,knmi_seamless,2.9
2026-07-01,2026-07-08,Kalaki,knmi_seamless,0.6
2026-07-01,2026-07-03,Amuria,ecmwf_ifs025,3.5
2026-07-01,2026-07-04,Amuria,ecmwf_ifs025,1.4
2026-07-01,2026-07-05,Amuria,ecmwf_ifs025,3.6
2026-07-01,2026-07-06,Amuria,ecmwf_ifs025,1.5
2026-07-01,2026-07-07,Amuria,ecmwf_ifs025,7.2
2026-07-01,2026-07-08,Amuria,ecmwf_ifs025,1.2
2026-07-01,2026-07-03,Amuria,ecmwf_aifs025_single,3.0
2026-07-01,2026-07-04,Amuria,ecmwf_aifs025_single,0.9
2026-07-01,2026-07-05,Amuria,ecmwf_aifs025_single,2.1
2026-07-01,2026-07-06,Amuria,ecmwf_aifs025_single,3.2
2026-07-01,2026-07-07,Amuria,ecmwf_aifs025_single,1.7
2026-07-01,2026-07-08,Amuria,ecmwf_aifs025_single,0.4
2026-07-01,2026-07-03,Amuria,gfs_seamless,0.3
2026-07-01,2026-07-04,Amuria,gfs_seamless,5.7
2026-07-01,2026-07-05,Amuria,gfs_seamless,3.6
2026-07-01,2026-07-06,Amuria,gfs_seamless,0.5
2026-07-01,2026-07-07,Amuria,gfs_seamless,1.1
2026-07-01,2026-07-08,Amuria,gfs_seamless,0.2
2026-07-01,2026-07-03,Amuria,icon_seamless,0.0
2026-07-01,2026-07-04,Amuria,icon_seamless,0.4
2026-07-01,2026-07-05,Amuria,icon_seamless,2.7
2026-07-01,2026-07-06,Amuria,icon_seamless,8.7
2026-07-01,2026-07-07,Amuria,icon_seamless,6.5
2026-07-01,2026-07-08,Amuria,icon_seamless,1.5
2026-07-01,2026-07-03,Amuria,ukmo_seamless,0.5
2026-07-01,2026-07-04,Amuria,ukmo_seamless,0.0
2026-07-01,2026-07-05,Amuria,ukmo_seamless,0.6
2026-07-01,2026-07-06,Amuria,ukmo_seamless,0.0
2026-07-01,2026-07-07,Amuria,ukmo_seamless,0.6
2026-07-01,2026-07-03,Amuria,meteofrance_seamless,0.0
2026-07-01,2026-07-04,Amuria,meteofrance_seamless,0.0
2026-07-01,2026-07-03,Amuria,jma_seamless,0.9
2026-07-01,2026-07-04,Amuria,jma_seamless,0.1
2026-07-01,2026-07-05,Amuria,jma_seamless,3.4
2026-07-01,2026-07-06,Amuria,jma_seamless,2.3
2026-07-01,2026-07-07,Amuria,jma_seamless,9.5
2026-07-01,2026-07-08,Amuria,jma_seamless,4.2
2026-07-01,2026-07-03,Amuria,gem_seamless,0.0
2026-07-01,2026-07-04,Amuria,gem_seamless,0.3
2026-07-01,2026-07-05,Amuria,gem_seamless,2.7
2026-07-01,2026-07-06,Amuria,gem_seamless,2.6
2026-07-01,2026-07-07,Amuria,gem_seamless,3.3
2026-07-01,2026-07-08,Amuria,gem_seamless,0.3
2026-07-01,2026-07-03,Amuria,knmi_seamless,1.7
2026-07-01,2026-07-04,Amuria,knmi_seamless,1.2
2026-07-01,2026-07-05,Amuria,knmi_seamless,2.9
2026-07-01,2026-07-06,Amuria,knmi_seamless,5.1
2026-07-01,2026-07-07,Amuria,knmi_seamless,3.0
2026-07-01,2026-07-08,Amuria,knmi_seamless,0.6
2026-07-01,2026-07-03,Kaberamaido,ecmwf_ifs025,1.9
2026-07-01,2026-07-04,Kaberamaido,ecmwf_ifs025,0.2
2026-07-01,2026-07-05,Kaberamaido,ecmwf_ifs025,4.6
2026-07-01,2026-07-06,Kaberamaido,ecmwf_ifs025,4.6
2026-07-01,2026-07-07,Kaberamaido,ecmwf_ifs025,3.9
2026-07-01,2026-07-08,Kaberamaido,ecmwf_ifs025,1.8
2026-07-01,2026-07-03,Kaberamaido,ecmwf_aifs025_single,1.7
2026-07-01,2026-07-04,Kaberamaido,ecmwf_aifs025_single,0.3
2026-07-01,2026-07-05,Kaberamaido,ecmwf_aifs025_single,1.9
2026-07-01,2026-07-06,Kaberamaido,ecmwf_aifs025_single,3.4
2026-07-01,2026-07-07,Kaberamaido,ecmwf_aifs025_single,2.4
2026-07-01,2026-07-08,Kaberamaido,ecmwf_aifs025_single,0.6
2026-07-01,2026-07-03,Kaberamaido,gfs_seamless,0.0
2026-07-01,2026-07-04,Kaberamaido,gfs_seamless,0.9
2026-07-01,2026-07-05,Kaberamaido,gfs_seamless,4.0
2026-07-01,2026-07-06,Kaberamaido,gfs_seamless,1.2
2026-07-01,2026-07-07,Kaberamaido,gfs_seamless,0.3
2026-07-01,2026-07-08,Kaberamaido,gfs_seamless,0.0
2026-07-01,2026-07-03,Kaberamaido,icon_seamless,0.0
2026-07-01,2026-07-04,Kaberamaido,icon_seamless,0.0
2026-07-01,2026-07-05,Kaberamaido,icon_seamless,0.8
2026-07-01,2026-07-06,Kaberamaido,icon_seamless,0.8
2026-07-01,2026-07-07,Kaberamaido,icon_seamless,0.5
2026-07-01,2026-07-08,Kaberamaido,icon_seamless,1.8
2026-07-01,2026-07-03,Kaberamaido,ukmo_seamless,0.5
2026-07-01,2026-07-04,Kaberamaido,ukmo_seamless,0.3
2026-07-01,2026-07-05,Kaberamaido,ukmo_seamless,1.2
2026-07-01,2026-07-06,Kaberamaido,ukmo_seamless,0.0
2026-07-01,2026-07-07,Kaberamaido,ukmo_seamless,0.3
2026-07-01,2026-07-03,Kaberamaido,meteofrance_seamless,0.0
2026-07-01,2026-07-04,Kaberamaido,meteofrance_seamless,0.0
2026-07-01,2026-07-03,Kaberamaido,jma_seamless,0.5
2026-07-01,2026-07-04,Kaberamaido,jma_seamless,0.2
2026-07-01,2026-07-05,Kaberamaido,jma_seamless,0.0
2026-07-01,2026-07-06,Kaberamaido,jma_seamless,0.4
2026-07-01,2026-07-07,Kaberamaido,jma_seamless,3.1
2026-07-01,2026-07-08,Kaberamaido,jma_seamless,0.0
2026-07-01,2026-07-03,Kaberamaido,gem_seamless,0.0
2026-07-01,2026-07-04,Kaberamaido,gem_seamless,0.0
2026-07-01,2026-07-05,Kaberamaido,gem_seamless,0.6
2026-07-01,2026-07-06,Kaberamaido,gem_seamless,1.0
2026-07-01,2026-07-07,Kaberamaido,gem_seamless,2.5
2026-07-01,2026-07-08,Kaberamaido,gem_seamless,0.4
2026-07-01,2026-07-03,Kaberamaido,knmi_seamless,0.3
2026-07-01,2026-07-04,Kaberamaido,knmi_seamless,0.1
2026-07-01,2026-07-05,Kaberamaido,knmi_seamless,5.4
2026-07-01,2026-07-06,Kaberamaido,knmi_seamless,5.4
2026-07-01,2026-07-07,Kaberamaido,knmi_seamless,8.6
2026-07-01,2026-07-08,Kaberamaido,knmi_seamless,1.0
2026-07-01,2026-07-03,Kagadi,ecmwf_ifs025,1.7
2026-07-01,2026-07-04,Kagadi,ecmwf_ifs025,0.6
2026-07-01,2026-07-05,Kagadi,ecmwf_ifs025,2.5
2026-07-01,2026-07-06,Kagadi,ecmwf_ifs025,3.6
2026-07-01,2026-07-07,Kagadi,ecmwf_ifs025,1.0
2026-07-01,2026-07-08,Kagadi,ecmwf_ifs025,0.6
2026-07-01,2026-07-03,Kagadi,ecmwf_aifs025_single,1.0
2026-07-01,2026-07-04,Kagadi,ecmwf_aifs025_single,0.5
2026-07-01,2026-07-05,Kagadi,ecmwf_aifs025_single,0.8
2026-07-01,2026-07-06,Kagadi,ecmwf_aifs025_single,1.5
2026-07-01,2026-07-07,Kagadi,ecmwf_aifs025_single,0.7
2026-07-01,2026-07-08,Kagadi,ecmwf_aifs025_single,0.0
2026-07-01,2026-07-03,Kagadi,gfs_seamless,0.0
2026-07-01,2026-07-04,Kagadi,gfs_seamless,0.8
2026-07-01,2026-07-05,Kagadi,gfs_seamless,0.6
2026-07-01,2026-07-06,Kagadi,gfs_seamless,0.3
2026-07-01,2026-07-07,Kagadi,gfs_seamless,0.0
2026-07-01,2026-07-08,Kagadi,gfs_seamless,0.0
2026-07-01,2026-07-03,Kagadi,icon_seamless,0.0
2026-07-01,2026-07-04,Kagadi,icon_seamless,1.7
2026-07-01,2026-07-05,Kagadi,icon_seamless,0.6
2026-07-01,2026-07-06,Kagadi,icon_seamless,0.0
2026-07-01,2026-07-07,Kagadi,icon_seamless,0.0
2026-07-01,2026-07-08,Kagadi,icon_seamless,1.0
2026-07-01,2026-07-03,Kagadi,ukmo_seamless,0.5
2026-07-01,2026-07-04,Kagadi,ukmo_seamless,1.2
2026-07-01,2026-07-05,Kagadi,ukmo_seamless,2.6
2026-07-01,2026-07-06,Kagadi,ukmo_seamless,2.5
2026-07-01,2026-07-07,Kagadi,ukmo_seamless,0.6
2026-07-01,2026-07-03,Kagadi,meteofrance_seamless,0.0
2026-07-01,2026-07-04,Kagadi,meteofrance_seamless,0.0
2026-07-01,2026-07-03,Kagadi,jma_seamless,1.1
2026-07-01,2026-07-04,Kagadi,jma_seamless,0.1
2026-07-01,2026-07-05,Kagadi,jma_seamless,0.2
2026-07-01,2026-07-06,Kagadi,jma_seamless,0.0
2026-07-01,2026-07-07,Kagadi,jma_seamless,0.0
2026-07-01,2026-07-08,Kagadi,jma_seamless,-0.2
2026-07-01,2026-07-03,Kagadi,gem_seamless,0.0
2026-07-01,2026-07-04,Kagadi,gem_seamless,0.7
2026-07-01,2026-07-05,Kagadi,gem_seamless,0.5
2026-07-01,2026-07-06,Kagadi,gem_seamless,1.5
2026-07-01,2026-07-07,Kagadi,gem_seamless,2.4
2026-07-01,2026-07-08,Kagadi,gem_seamless,6.2
2026-07-01,2026-07-03,Kagadi,knmi_seamless,1.8
2026-07-01,2026-07-04,Kagadi,knmi_seamless,0.8
2026-07-01,2026-07-05,Kagadi,knmi_seamless,2.4
2026-07-01,2026-07-06,Kagadi,knmi_seamless,3.3
2026-07-01,2026-07-07,Kagadi,knmi_seamless,0.0
2026-07-01,2026-07-08,Kagadi,knmi_seamless,0.6
2026-07-01,2026-07-03,Dokolo,ecmwf_ifs025,0.2
2026-07-01,2026-07-04,Dokolo,ecmwf_ifs025,0.1
2026-07-01,2026-07-05,Dokolo,ecmwf_ifs025,7.9
2026-07-01,2026-07-06,Dokolo,ecmwf_ifs025,3.0
2026-07-01,2026-07-07,Dokolo,ecmwf_ifs025,2.5
2026-07-01,2026-07-08,Dokolo,ecmwf_ifs025,2.6
2026-07-01,2026-07-03,Dokolo,ecmwf_aifs025_single,1.5
2026-07-01,2026-07-04,Dokolo,ecmwf_aifs025_single,0.3
2026-07-01,2026-07-05,Dokolo,ecmwf_aifs025_single,2.0
2026-07-01,2026-07-06,Dokolo,ecmwf_aifs025_single,3.5
2026-07-01,2026-07-07,Dokolo,ecmwf_aifs025_single,2.3
2026-07-01,2026-07-08,Dokolo,ecmwf_aifs025_single,0.4
2026-07-01,2026-07-03,Dokolo,gfs_seamless,0.3
2026-07-01,2026-07-04,Dokolo,gfs_seamless,4.5
2026-07-01,2026-07-05,Dokolo,gfs_seamless,2.3
2026-07-01,2026-07-06,Dokolo,gfs_seamless,0.4
2026-07-01,2026-07-07,Dokolo,gfs_seamless,0.2
2026-07-01,2026-07-08,Dokolo,gfs_seamless,0.0
2026-07-01,2026-07-03,Dokolo,icon_seamless,0.0
2026-07-01,2026-07-04,Dokolo,icon_seamless,0.6
2026-07-01,2026-07-05,Dokolo,icon_seamless,2.8
2026-07-01,2026-07-06,Dokolo,icon_seamless,1.6
2026-07-01,2026-07-07,Dokolo,icon_seamless,0.7
2026-07-01,2026-07-08,Dokolo,icon_seamless,3.9
2026-07-01,2026-07-03,Dokolo,ukmo_seamless,0.3
2026-07-01,2026-07-04,Dokolo,ukmo_seamless,0.0
2026-07-01,2026-07-05,Dokolo,ukmo_seamless,0.6
2026-07-01,2026-07-06,Dokolo,ukmo_seamless,0.0
2026-07-01,2026-07-07,Dokolo,ukmo_seamless,0.3
2026-07-01,2026-07-03,Dokolo,meteofrance_seamless,0.0
2026-07-01,2026-07-04,Dokolo,meteofrance_seamless,0.0
2026-07-01,2026-07-03,Dokolo,jma_seamless,0.4
2026-07-01,2026-07-04,Dokolo,jma_seamless,0.0
2026-07-01,2026-07-05,Dokolo,jma_seamless,0.1
2026-07-01,2026-07-06,Dokolo,jma_seamless,2.0
2026-07-01,2026-07-07,Dokolo,jma_seamless,5.7
2026-07-01,2026-07-08,Dokolo,jma_seamless,2.2
2026-07-01,2026-07-03,Dokolo,gem_seamless,0.1
2026-07-01,2026-07-04,Dokolo,gem_seamless,0.0
2026-07-01,2026-07-05,Dokolo,gem_seamless,0.0
2026-07-01,2026-07-06,Dokolo,gem_seamless,0.8
2026-07-01,2026-07-07,Dokolo,gem_seamless,2.4
2026-07-01,2026-07-08,Dokolo,gem_seamless,0.1
2026-07-01,2026-07-03,Dokolo,knmi_seamless,0.1
2026-07-01,2026-07-04,Dokolo,knmi_seamless,0.5
2026-07-01,2026-07-05,Dokolo,knmi_seamless,5.1
2026-07-01,2026-07-06,Dokolo,knmi_seamless,4.8
2026-07-01,2026-07-07,Dokolo,knmi_seamless,2.6
2026-07-01,2026-07-08,Dokolo,knmi_seamless,1.0
2026-07-01,2026-07-03,Kwania,ecmwf_ifs025,0.2
2026-07-01,2026-07-04,Kwania,ecmwf_ifs025,0.4
2026-07-01,2026-07-05,Kwania,ecmwf_ifs025,4.3
2026-07-01,2026-07-06,Kwania,ecmwf_ifs025,1.8
2026-07-01,2026-07-07,Kwania,ecmwf_ifs025,6.4
2026-07-01,2026-07-08,Kwania,ecmwf_ifs025,4.8
2026-07-01,2026-07-03,Kwania,ecmwf_aifs025_single,1.3
2026-07-01,2026-07-04,Kwania,ecmwf_aifs025_single,0.3
2026-07-01,2026-07-05,Kwania,ecmwf_aifs025_single,1.5
2026-07-01,2026-07-06,Kwania,ecmwf_aifs025_single,2.9
2026-07-01,2026-07-07,Kwania,ecmwf_aifs025_single,2.0
2026-07-01,2026-07-08,Kwania,ecmwf_aifs025_single,0.4
2026-07-01,2026-07-03,Kwania,gfs_seamless,0.3
2026-07-01,2026-07-04,Kwania,gfs_seamless,6.6
2026-07-01,2026-07-05,Kwania,gfs_seamless,2.7
2026-07-01,2026-07-06,Kwania,gfs_seamless,4.3
2026-07-01,2026-07-07,Kwania,gfs_seamless,0.2
2026-07-01,2026-07-08,Kwania,gfs_seamless,0.4
2026-07-01,2026-07-03,Kwania,icon_seamless,0.0
2026-07-01,2026-07-04,Kwania,icon_seamless,0.0
2026-07-01,2026-07-05,Kwania,icon_seamless,1.3
2026-07-01,2026-07-06,Kwania,icon_seamless,0.7
2026-07-01,2026-07-07,Kwania,icon_seamless,0.4
2026-07-01,2026-07-08,Kwania,icon_seamless,3.9
2026-07-01,2026-07-03,Kwania,ukmo_seamless,0.0
2026-07-01,2026-07-04,Kwania,ukmo_seamless,0.0
2026-07-01,2026-07-05,Kwania,ukmo_seamless,0.6
2026-07-01,2026-07-06,Kwania,ukmo_seamless,0.0
2026-07-01,2026-07-07,Kwania,ukmo_seamless,0.3
2026-07-01,2026-07-03,Kwania,meteofrance_seamless,0.0
2026-07-01,2026-07-04,Kwania,meteofrance_seamless,0.0
2026-07-01,2026-07-03,Kwania,jma_seamless,0.4
2026-07-01,2026-07-04,Kwania,jma_seamless,0.0
2026-07-01,2026-07-05,Kwania,jma_seamless,0.1
2026-07-01,2026-07-06,Kwania,jma_seamless,2.0
2026-07-01,2026-07-07,Kwania,jma_seamless,5.7
2026-07-01,2026-07-08,Kwania,jma_seamless,2.2
2026-07-01,2026-07-03,Kwania,gem_seamless,0.0
2026-07-01,2026-07-04,Kwania,gem_seamless,0.0
2026-07-01,2026-07-05,Kwania,gem_seamless,0.0
2026-07-01,2026-07-06,Kwania,gem_seamless,0.3
2026-07-01,2026-07-07,Kwania,gem_seamless,1.3
2026-07-01,2026-07-08,Kwania,gem_seamless,0.2
2026-07-01,2026-07-03,Kwania,knmi_seamless,1.2
2026-07-01,2026-07-04,Kwania,knmi_seamless,0.1
2026-07-01,2026-07-05,Kwania,knmi_seamless,9.2
2026-07-01,2026-07-06,Kwania,knmi_seamless,1.8
2026-07-01,2026-07-07,Kwania,knmi_seamless,5.1
2026-07-01,2026-07-08,Kwania,knmi_seamless,3.0
2026-07-01,2026-07-03,Kyenjojo,ecmwf_ifs025,0.8
2026-07-01,2026-07-04,Kyenjojo,ecmwf_ifs025,0.0
2026-07-01,2026-07-05,Kyenjojo,ecmwf_ifs025,0.6
2026-07-01,2026-07-06,Kyenjojo,ecmwf_ifs025,2.4
2026-07-01,2026-07-07,Kyenjojo,ecmwf_ifs025,1.2
2026-07-01,2026-07-08,Kyenjojo,ecmwf_ifs025,0.0
2026-07-01,2026-07-03,Kyenjojo,ecmwf_aifs025_single,0.5
2026-07-01,2026-07-04,Kyenjojo,ecmwf_aifs025_single,0.1
2026-07-01,2026-07-05,Kyenjojo,ecmwf_aifs025_single,0.4
2026-07-01,2026-07-06,Kyenjojo,ecmwf_aifs025_single,1.1
2026-07-01,2026-07-07,Kyenjojo,ecmwf_aifs025_single,0.4
2026-07-01,2026-07-08,Kyenjojo,ecmwf_aifs025_single,0.0
2026-07-01,2026-07-03,Kyenjojo,gfs_seamless,0.0
2026-07-01,2026-07-04,Kyenjojo,gfs_seamless,0.4
2026-07-01,2026-07-05,Kyenjojo,gfs_seamless,0.2
2026-07-01,2026-07-06,Kyenjojo,gfs_seamless,0.1
2026-07-01,2026-07-07,Kyenjojo,gfs_seamless,0.0
2026-07-01,2026-07-08,Kyenjojo,gfs_seamless,0.0
2026-07-01,2026-07-03,Kyenjojo,icon_seamless,0.0
2026-07-01,2026-07-04,Kyenjojo,icon_seamless,0.4
2026-07-01,2026-07-05,Kyenjojo,icon_seamless,0.2
2026-07-01,2026-07-06,Kyenjojo,icon_seamless,0.0
2026-07-01,2026-07-07,Kyenjojo,icon_seamless,0.0
2026-07-01,2026-07-08,Kyenjojo,icon_seamless,0.0
2026-07-01,2026-07-03,Kyenjojo,ukmo_seamless,0.2
2026-07-01,2026-07-04,Kyenjojo,ukmo_seamless,0.6
2026-07-01,2026-07-05,Kyenjojo,ukmo_seamless,2.5
2026-07-01,2026-07-06,Kyenjojo,ukmo_seamless,0.5
2026-07-01,2026-07-07,Kyenjojo,ukmo_seamless,1.2
2026-07-01,2026-07-03,Kyenjojo,meteofrance_seamless,0.0
2026-07-01,2026-07-04,Kyenjojo,meteofrance_seamless,0.0
2026-07-01,2026-07-03,Kyenjojo,jma_seamless,1.9
2026-07-01,2026-07-04,Kyenjojo,jma_seamless,1.6
2026-07-01,2026-07-05,Kyenjojo,jma_seamless,1.4
2026-07-01,2026-07-06,Kyenjojo,jma_seamless,0.5
2026-07-01,2026-07-07,Kyenjojo,jma_seamless,0.0
2026-07-01,2026-07-08,Kyenjojo,jma_seamless,-0.1
2026-07-01,2026-07-03,Kyenjojo,gem_seamless,0.0
2026-07-01,2026-07-04,Kyenjojo,gem_seamless,0.7
2026-07-01,2026-07-05,Kyenjojo,gem_seamless,0.0
2026-07-01,2026-07-06,Kyenjojo,gem_seamless,0.9
2026-07-01,2026-07-07,Kyenjojo,gem_seamless,5.4
2026-07-01,2026-07-08,Kyenjojo,gem_seamless,0.3
2026-07-01,2026-07-03,Kyenjojo,knmi_seamless,0.6
2026-07-01,2026-07-04,Kyenjojo,knmi_seamless,0.1
2026-07-01,2026-07-05,Kyenjojo,knmi_seamless,0.6
2026-07-01,2026-07-06,Kyenjojo,knmi_seamless,2.7
2026-07-01,2026-07-07,Kyenjojo,knmi_seamless,0.0
2026-07-01,2026-07-08,Kyenjojo,knmi_seamless,0.0
2026-07-02,2026-07-03,Agago,ecmwf_ifs025,7.1
2026-07-02,2026-07-04,Agago,ecmwf_ifs025,0.7
2026-07-02,2026-07-05,Agago,ecmwf_ifs025,2.2
2026-07-02,2026-07-06,Agago,ecmwf_ifs025,0.3
2026-07-02,2026-07-07,Agago,ecmwf_ifs025,0.4
2026-07-02,2026-07-08,Agago,ecmwf_ifs025,0.4
2026-07-02,2026-07-03,Agago,ecmwf_aifs025_single,1.9
2026-07-02,2026-07-04,Agago,ecmwf_aifs025_single,0.6
2026-07-02,2026-07-05,Agago,ecmwf_aifs025_single,1.3
2026-07-02,2026-07-06,Agago,ecmwf_aifs025_single,2.0
2026-07-02,2026-07-07,Agago,ecmwf_aifs025_single,0.4
2026-07-02,2026-07-08,Agago,ecmwf_aifs025_single,0.2
2026-07-02,2026-07-03,Agago,gfs_seamless,0.1
2026-07-02,2026-07-04,Agago,gfs_seamless,2.3
2026-07-02,2026-07-05,Agago,gfs_seamless,4.7
2026-07-02,2026-07-06,Agago,gfs_seamless,2.3
2026-07-02,2026-07-07,Agago,gfs_seamless,0.0
2026-07-02,2026-07-08,Agago,gfs_seamless,0.6
2026-07-02,2026-07-03,Agago,icon_seamless,1.6
2026-07-02,2026-07-04,Agago,icon_seamless,0.0
2026-07-02,2026-07-05,Agago,icon_seamless,0.1
2026-07-02,2026-07-06,Agago,icon_seamless,0.4
2026-07-02,2026-07-07,Agago,icon_seamless,0.2
2026-07-02,2026-07-08,Agago,icon_seamless,0.2
2026-07-02,2026-07-03,Agago,ukmo_seamless,0.9
2026-07-02,2026-07-04,Agago,ukmo_seamless,0.0
2026-07-02,2026-07-05,Agago,ukmo_seamless,0.2
2026-07-02,2026-07-06,Agago,ukmo_seamless,4.0
2026-07-02,2026-07-07,Agago,ukmo_seamless,0.3
2026-07-02,2026-07-08,Agago,ukmo_seamless,0.6
2026-07-02,2026-07-03,Agago,meteofrance_seamless,0.0
2026-07-02,2026-07-04,Agago,meteofrance_seamless,0.2
2026-07-02,2026-07-05,Agago,meteofrance_seamless,1.3
2026-07-02,2026-07-03,Agago,jma_seamless,11.8
2026-07-02,2026-07-04,Agago,jma_seamless,3.9
2026-07-02,2026-07-05,Agago,jma_seamless,4.3
2026-07-02,2026-07-06,Agago,jma_seamless,9.1
2026-07-02,2026-07-07,Agago,jma_seamless,5.8
2026-07-02,2026-07-08,Agago,jma_seamless,3.3
2026-07-02,2026-07-03,Agago,gem_seamless,1.9
2026-07-02,2026-07-04,Agago,gem_seamless,0.4
2026-07-02,2026-07-05,Agago,gem_seamless,4.0
2026-07-02,2026-07-06,Agago,gem_seamless,2.4
2026-07-02,2026-07-07,Agago,gem_seamless,0.7
2026-07-02,2026-07-08,Agago,gem_seamless,0.4
2026-07-02,2026-07-03,Agago,knmi_seamless,1.6
2026-07-02,2026-07-04,Agago,knmi_seamless,0.4
2026-07-02,2026-07-05,Agago,knmi_seamless,1.9
2026-07-02,2026-07-06,Agago,knmi_seamless,0.2
2026-07-02,2026-07-07,Agago,knmi_seamless,0.1
2026-07-02,2026-07-08,Agago,knmi_seamless,0.2
2026-07-02,2026-07-03,Otuke,ecmwf_ifs025,7.6
2026-07-02,2026-07-04,Otuke,ecmwf_ifs025,0.0
2026-07-02,2026-07-05,Otuke,ecmwf_ifs025,0.5
2026-07-02,2026-07-06,Otuke,ecmwf_ifs025,0.3
2026-07-02,2026-07-07,Otuke,ecmwf_ifs025,0.3
2026-07-02,2026-07-08,Otuke,ecmwf_ifs025,1.1
2026-07-02,2026-07-03,Otuke,ecmwf_aifs025_single,1.5
2026-07-02,2026-07-04,Otuke,ecmwf_aifs025_single,0.5
2026-07-02,2026-07-05,Otuke,ecmwf_aifs025_single,1.1
2026-07-02,2026-07-06,Otuke,ecmwf_aifs025_single,2.1
2026-07-02,2026-07-07,Otuke,ecmwf_aifs025_single,0.6
2026-07-02,2026-07-08,Otuke,ecmwf_aifs025_single,0.3
2026-07-02,2026-07-03,Otuke,gfs_seamless,1.0
2026-07-02,2026-07-04,Otuke,gfs_seamless,0.7
2026-07-02,2026-07-05,Otuke,gfs_seamless,3.0
2026-07-02,2026-07-06,Otuke,gfs_seamless,2.3
2026-07-02,2026-07-07,Otuke,gfs_seamless,0.7
2026-07-02,2026-07-08,Otuke,gfs_seamless,0.2
2026-07-02,2026-07-03,Otuke,icon_seamless,1.2
2026-07-02,2026-07-04,Otuke,icon_seamless,0.1
2026-07-02,2026-07-05,Otuke,icon_seamless,0.8
2026-07-02,2026-07-06,Otuke,icon_seamless,1.2
2026-07-02,2026-07-07,Otuke,icon_seamless,0.3
2026-07-02,2026-07-08,Otuke,icon_seamless,0.2
2026-07-02,2026-07-03,Otuke,ukmo_seamless,0.3
2026-07-02,2026-07-04,Otuke,ukmo_seamless,0.0
2026-07-02,2026-07-05,Otuke,ukmo_seamless,0.3
2026-07-02,2026-07-06,Otuke,ukmo_seamless,1.2
2026-07-02,2026-07-07,Otuke,ukmo_seamless,0.3
2026-07-02,2026-07-08,Otuke,ukmo_seamless,0.0
2026-07-02,2026-07-03,Otuke,meteofrance_seamless,0.0
2026-07-02,2026-07-04,Otuke,meteofrance_seamless,0.0
2026-07-02,2026-07-05,Otuke,meteofrance_seamless,0.6
2026-07-02,2026-07-03,Otuke,jma_seamless,14.6
2026-07-02,2026-07-04,Otuke,jma_seamless,2.6
2026-07-02,2026-07-05,Otuke,jma_seamless,3.9
2026-07-02,2026-07-06,Otuke,jma_seamless,2.4
2026-07-02,2026-07-07,Otuke,jma_seamless,9.3
2026-07-02,2026-07-08,Otuke,jma_seamless,3.3
2026-07-02,2026-07-03,Otuke,gem_seamless,6.7
2026-07-02,2026-07-04,Otuke,gem_seamless,1.4
2026-07-02,2026-07-05,Otuke,gem_seamless,2.9
2026-07-02,2026-07-06,Otuke,gem_seamless,4.3
2026-07-02,2026-07-07,Otuke,gem_seamless,2.9
2026-07-02,2026-07-08,Otuke,gem_seamless,0.2
2026-07-02,2026-07-03,Otuke,knmi_seamless,3.3
2026-07-02,2026-07-04,Otuke,knmi_seamless,2.9
2026-07-02,2026-07-05,Otuke,knmi_seamless,3.9
2026-07-02,2026-07-06,Otuke,knmi_seamless,0.6
2026-07-02,2026-07-07,Otuke,knmi_seamless,0.0
2026-07-02,2026-07-08,Otuke,knmi_seamless,0.3
2026-07-02,2026-07-03,Kitgum,ecmwf_ifs025,2.5
2026-07-02,2026-07-04,Kitgum,ecmwf_ifs025,1.6
2026-07-02,2026-07-05,Kitgum,ecmwf_ifs025,1.4
2026-07-02,2026-07-06,Kitgum,ecmwf_ifs025,0.4
2026-07-02,2026-07-07,Kitgum,ecmwf_ifs025,0.2
2026-07-02,2026-07-08,Kitgum,ecmwf_ifs025,0.8
2026-07-02,2026-07-03,Kitgum,ecmwf_aifs025_single,0.9
2026-07-02,2026-07-04,Kitgum,ecmwf_aifs025_single,0.9
2026-07-02,2026-07-05,Kitgum,ecmwf_aifs025_single,1.6
2026-07-02,2026-07-06,Kitgum,ecmwf_aifs025_single,1.9
2026-07-02,2026-07-07,Kitgum,ecmwf_aifs025_single,0.4
2026-07-02,2026-07-08,Kitgum,ecmwf_aifs025_single,0.1
2026-07-02,2026-07-03,Kitgum,gfs_seamless,0.1
2026-07-02,2026-07-04,Kitgum,gfs_seamless,2.3
2026-07-02,2026-07-05,Kitgum,gfs_seamless,6.6
2026-07-02,2026-07-06,Kitgum,gfs_seamless,1.4
2026-07-02,2026-07-07,Kitgum,gfs_seamless,0.0
2026-07-02,2026-07-08,Kitgum,gfs_seamless,0.0
2026-07-02,2026-07-03,Kitgum,icon_seamless,0.0
2026-07-02,2026-07-04,Kitgum,icon_seamless,0.5
2026-07-02,2026-07-05,Kitgum,icon_seamless,0.3
2026-07-02,2026-07-06,Kitgum,icon_seamless,0.0
2026-07-02,2026-07-07,Kitgum,icon_seamless,0.0
2026-07-02,2026-07-08,Kitgum,icon_seamless,0.2
2026-07-02,2026-07-03,Kitgum,ukmo_seamless,1.1
2026-07-02,2026-07-04,Kitgum,ukmo_seamless,0.0
2026-07-02,2026-07-05,Kitgum,ukmo_seamless,0.2
2026-07-02,2026-07-06,Kitgum,ukmo_seamless,0.4
2026-07-02,2026-07-07,Kitgum,ukmo_seamless,0.0
2026-07-02,2026-07-08,Kitgum,ukmo_seamless,0.6
2026-07-02,2026-07-03,Kitgum,meteofrance_seamless,0.3
2026-07-02,2026-07-04,Kitgum,meteofrance_seamless,0.0
2026-07-02,2026-07-05,Kitgum,meteofrance_seamless,0.9
2026-07-02,2026-07-03,Kitgum,jma_seamless,6.3
2026-07-02,2026-07-04,Kitgum,jma_seamless,0.6
2026-07-02,2026-07-05,Kitgum,jma_seamless,0.8
2026-07-02,2026-07-06,Kitgum,jma_seamless,9.5
2026-07-02,2026-07-07,Kitgum,jma_seamless,4.5
2026-07-02,2026-07-08,Kitgum,jma_seamless,0.8
2026-07-02,2026-07-03,Kitgum,gem_seamless,2.0
2026-07-02,2026-07-04,Kitgum,gem_seamless,3.2
2026-07-02,2026-07-05,Kitgum,gem_seamless,11.2
2026-07-02,2026-07-06,Kitgum,gem_seamless,4.5
2026-07-02,2026-07-07,Kitgum,gem_seamless,0.3
2026-07-02,2026-07-08,Kitgum,gem_seamless,0.0
2026-07-02,2026-07-03,Kitgum,knmi_seamless,2.4
2026-07-02,2026-07-04,Kitgum,knmi_seamless,0.3
2026-07-02,2026-07-05,Kitgum,knmi_seamless,1.3
2026-07-02,2026-07-06,Kitgum,knmi_seamless,0.7
2026-07-02,2026-07-07,Kitgum,knmi_seamless,0.3
2026-07-02,2026-07-08,Kitgum,knmi_seamless,0.3
2026-07-02,2026-07-03,Pader,ecmwf_ifs025,2.2
2026-07-02,2026-07-04,Pader,ecmwf_ifs025,2.1
2026-07-02,2026-07-05,Pader,ecmwf_ifs025,1.1
2026-07-02,2026-07-06,Pader,ecmwf_ifs025,0.5
2026-07-02,2026-07-07,Pader,ecmwf_ifs025,0.2
2026-07-02,2026-07-08,Pader,ecmwf_ifs025,0.4
2026-07-02,2026-07-03,Pader,ecmwf_aifs025_single,1.2
2026-07-02,2026-07-04,Pader,ecmwf_aifs025_single,0.6
2026-07-02,2026-07-05,Pader,ecmwf_aifs025_single,1.5
2026-07-02,2026-07-06,Pader,ecmwf_aifs025_single,2.1
2026-07-02,2026-07-07,Pader,ecmwf_aifs025_single,0.6
2026-07-02,2026-07-08,Pader,ecmwf_aifs025_single,0.2
2026-07-02,2026-07-03,Pader,gfs_seamless,0.5
2026-07-02,2026-07-04,Pader,gfs_seamless,2.9
2026-07-02,2026-07-05,Pader,gfs_seamless,4.7
2026-07-02,2026-07-06,Pader,gfs_seamless,8.3
2026-07-02,2026-07-07,Pader,gfs_seamless,0.0
2026-07-02,2026-07-08,Pader,gfs_seamless,0.2
2026-07-02,2026-07-03,Pader,icon_seamless,0.1
2026-07-02,2026-07-04,Pader,icon_seamless,0.0
2026-07-02,2026-07-05,Pader,icon_seamless,0.1
2026-07-02,2026-07-06,Pader,icon_seamless,2.1
2026-07-02,2026-07-07,Pader,icon_seamless,3.6
2026-07-02,2026-07-08,Pader,icon_seamless,0.0
2026-07-02,2026-07-03,Pader,ukmo_seamless,0.9
2026-07-02,2026-07-04,Pader,ukmo_seamless,0.1
2026-07-02,2026-07-05,Pader,ukmo_seamless,0.3
2026-07-02,2026-07-06,Pader,ukmo_seamless,0.3
2026-07-02,2026-07-07,Pader,ukmo_seamless,0.9
2026-07-02,2026-07-08,Pader,ukmo_seamless,0.0
2026-07-02,2026-07-03,Pader,meteofrance_seamless,0.3
2026-07-02,2026-07-04,Pader,meteofrance_seamless,0.0
2026-07-02,2026-07-05,Pader,meteofrance_seamless,1.2
2026-07-02,2026-07-03,Pader,jma_seamless,3.5
2026-07-02,2026-07-04,Pader,jma_seamless,2.8
2026-07-02,2026-07-05,Pader,jma_seamless,2.4
2026-07-02,2026-07-06,Pader,jma_seamless,3.3
2026-07-02,2026-07-07,Pader,jma_seamless,3.1
2026-07-02,2026-07-08,Pader,jma_seamless,1.3
2026-07-02,2026-07-03,Pader,gem_seamless,0.9
2026-07-02,2026-07-04,Pader,gem_seamless,0.1
2026-07-02,2026-07-05,Pader,gem_seamless,3.8
2026-07-02,2026-07-06,Pader,gem_seamless,4.4
2026-07-02,2026-07-07,Pader,gem_seamless,2.0
2026-07-02,2026-07-08,Pader,gem_seamless,0.0
2026-07-02,2026-07-03,Pader,knmi_seamless,0.9
2026-07-02,2026-07-04,Pader,knmi_seamless,0.0
2026-07-02,2026-07-05,Pader,knmi_seamless,1.8
2026-07-02,2026-07-06,Pader,knmi_seamless,2.0
2026-07-02,2026-07-07,Pader,knmi_seamless,0.1
2026-07-02,2026-07-08,Pader,knmi_seamless,1.2
2026-07-02,2026-07-03,Alebtong,ecmwf_ifs025,1.3
2026-07-02,2026-07-04,Alebtong,ecmwf_ifs025,0.0
2026-07-02,2026-07-05,Alebtong,ecmwf_ifs025,0.9
2026-07-02,2026-07-06,Alebtong,ecmwf_ifs025,0.6
2026-07-02,2026-07-07,Alebtong,ecmwf_ifs025,0.7
2026-07-02,2026-07-08,Alebtong,ecmwf_ifs025,0.8
2026-07-02,2026-07-03,Alebtong,ecmwf_aifs025_single,1.0
2026-07-02,2026-07-04,Alebtong,ecmwf_aifs025_single,0.3
2026-07-02,2026-07-05,Alebtong,ecmwf_aifs025_single,1.2
2026-07-02,2026-07-06,Alebtong,ecmwf_aifs025_single,2.8
2026-07-02,2026-07-07,Alebtong,ecmwf_aifs025_single,1.2
2026-07-02,2026-07-08,Alebtong,ecmwf_aifs025_single,0.5
2026-07-02,2026-07-03,Alebtong,gfs_seamless,0.7
2026-07-02,2026-07-04,Alebtong,gfs_seamless,1.6
2026-07-02,2026-07-05,Alebtong,gfs_seamless,0.7
2026-07-02,2026-07-06,Alebtong,gfs_seamless,3.6
2026-07-02,2026-07-07,Alebtong,gfs_seamless,0.9
2026-07-02,2026-07-08,Alebtong,gfs_seamless,0.3
2026-07-02,2026-07-03,Alebtong,icon_seamless,0.0
2026-07-02,2026-07-04,Alebtong,icon_seamless,0.0
2026-07-02,2026-07-05,Alebtong,icon_seamless,5.6
2026-07-02,2026-07-06,Alebtong,icon_seamless,18.8
2026-07-02,2026-07-07,Alebtong,icon_seamless,1.5
2026-07-02,2026-07-08,Alebtong,icon_seamless,0.0
2026-07-02,2026-07-03,Alebtong,ukmo_seamless,0.4
2026-07-02,2026-07-04,Alebtong,ukmo_seamless,0.0
2026-07-02,2026-07-05,Alebtong,ukmo_seamless,0.0
2026-07-02,2026-07-06,Alebtong,ukmo_seamless,1.2
2026-07-02,2026-07-07,Alebtong,ukmo_seamless,0.3
2026-07-02,2026-07-08,Alebtong,ukmo_seamless,0.3
2026-07-02,2026-07-03,Alebtong,meteofrance_seamless,0.0
2026-07-02,2026-07-04,Alebtong,meteofrance_seamless,0.0
2026-07-02,2026-07-05,Alebtong,meteofrance_seamless,0.6
2026-07-02,2026-07-03,Alebtong,jma_seamless,0.9
2026-07-02,2026-07-04,Alebtong,jma_seamless,1.6
2026-07-02,2026-07-05,Alebtong,jma_seamless,2.1
2026-07-02,2026-07-06,Alebtong,jma_seamless,1.8
2026-07-02,2026-07-07,Alebtong,jma_seamless,2.1
2026-07-02,2026-07-08,Alebtong,jma_seamless,2.5
2026-07-02,2026-07-03,Alebtong,gem_seamless,2.7
2026-07-02,2026-07-04,Alebtong,gem_seamless,1.2
2026-07-02,2026-07-05,Alebtong,gem_seamless,1.7
2026-07-02,2026-07-06,Alebtong,gem_seamless,6.7
2026-07-02,2026-07-07,Alebtong,gem_seamless,3.4
2026-07-02,2026-07-08,Alebtong,gem_seamless,0.5
2026-07-02,2026-07-03,Alebtong,knmi_seamless,2.1
2026-07-02,2026-07-04,Alebtong,knmi_seamless,0.7
2026-07-02,2026-07-05,Alebtong,knmi_seamless,0.6
2026-07-02,2026-07-06,Alebtong,knmi_seamless,1.1
2026-07-02,2026-07-07,Alebtong,knmi_seamless,0.2
2026-07-02,2026-07-08,Alebtong,knmi_seamless,2.4
2026-07-02,2026-07-03,Lira,ecmwf_ifs025,5.9
2026-07-02,2026-07-04,Lira,ecmwf_ifs025,0.7
2026-07-02,2026-07-05,Lira,ecmwf_ifs025,0.8
2026-07-02,2026-07-06,Lira,ecmwf_ifs025,0.8
2026-07-02,2026-07-07,Lira,ecmwf_ifs025,0.6
2026-07-02,2026-07-08,Lira,ecmwf_ifs025,2.0
2026-07-02,2026-07-03,Lira,ecmwf_aifs025_single,0.9
2026-07-02,2026-07-04,Lira,ecmwf_aifs025_single,0.3
2026-07-02,2026-07-05,Lira,ecmwf_aifs025_single,1.2
2026-07-02,2026-07-06,Lira,ecmwf_aifs025_single,2.7
2026-07-02,2026-07-07,Lira,ecmwf_aifs025_single,1.1
2026-07-02,2026-07-08,Lira,ecmwf_aifs025_single,0.6
2026-07-02,2026-07-03,Lira,gfs_seamless,0.6
2026-07-02,2026-07-04,Lira,gfs_seamless,1.6
2026-07-02,2026-07-05,Lira,gfs_seamless,2.4
2026-07-02,2026-07-06,Lira,gfs_seamless,2.4
2026-07-02,2026-07-07,Lira,gfs_seamless,0.2
2026-07-02,2026-07-08,Lira,gfs_seamless,0.1
2026-07-02,2026-07-03,Lira,icon_seamless,0.0
2026-07-02,2026-07-04,Lira,icon_seamless,0.0
2026-07-02,2026-07-05,Lira,icon_seamless,3.9
2026-07-02,2026-07-06,Lira,icon_seamless,3.3
2026-07-02,2026-07-07,Lira,icon_seamless,2.2
2026-07-02,2026-07-08,Lira,icon_seamless,0.9
2026-07-02,2026-07-03,Lira,ukmo_seamless,0.6
2026-07-02,2026-07-04,Lira,ukmo_seamless,0.0
2026-07-02,2026-07-05,Lira,ukmo_seamless,0.3
2026-07-02,2026-07-06,Lira,ukmo_seamless,1.5
2026-07-02,2026-07-07,Lira,ukmo_seamless,0.3
2026-07-02,2026-07-08,Lira,ukmo_seamless,0.3
2026-07-02,2026-07-03,Lira,meteofrance_seamless,0.0
2026-07-02,2026-07-04,Lira,meteofrance_seamless,0.0
2026-07-02,2026-07-05,Lira,meteofrance_seamless,1.4
2026-07-02,2026-07-03,Lira,jma_seamless,0.9
2026-07-02,2026-07-04,Lira,jma_seamless,1.6
2026-07-02,2026-07-05,Lira,jma_seamless,2.1
2026-07-02,2026-07-06,Lira,jma_seamless,1.8
2026-07-02,2026-07-07,Lira,jma_seamless,2.1
2026-07-02,2026-07-08,Lira,jma_seamless,2.5
2026-07-02,2026-07-03,Lira,gem_seamless,0.8
2026-07-02,2026-07-04,Lira,gem_seamless,2.1
2026-07-02,2026-07-05,Lira,gem_seamless,0.8
2026-07-02,2026-07-06,Lira,gem_seamless,9.5
2026-07-02,2026-07-07,Lira,gem_seamless,8.3
2026-07-02,2026-07-08,Lira,gem_seamless,0.5
2026-07-02,2026-07-03,Lira,knmi_seamless,0.1
2026-07-02,2026-07-04,Lira,knmi_seamless,0.1
2026-07-02,2026-07-05,Lira,knmi_seamless,0.8
2026-07-02,2026-07-06,Lira,knmi_seamless,0.6
2026-07-02,2026-07-07,Lira,knmi_seamless,0.3
2026-07-02,2026-07-08,Lira,knmi_seamless,0.6
2026-07-02,2026-07-03,Kole,ecmwf_ifs025,0.0
2026-07-02,2026-07-04,Kole,ecmwf_ifs025,0.0
2026-07-02,2026-07-05,Kole,ecmwf_ifs025,1.4
2026-07-02,2026-07-06,Kole,ecmwf_ifs025,0.4
2026-07-02,2026-07-07,Kole,ecmwf_ifs025,1.1
2026-07-02,2026-07-08,Kole,ecmwf_ifs025,1.7
2026-07-02,2026-07-03,Kole,ecmwf_aifs025_single,0.4
2026-07-02,2026-07-04,Kole,ecmwf_aifs025_single,0.1
2026-07-02,2026-07-05,Kole,ecmwf_aifs025_single,1.1
2026-07-02,2026-07-06,Kole,ecmwf_aifs025_single,3.2
2026-07-02,2026-07-07,Kole,ecmwf_aifs025_single,1.7
2026-07-02,2026-07-08,Kole,ecmwf_aifs025_single,0.8
2026-07-02,2026-07-03,Kole,gfs_seamless,0.8
2026-07-02,2026-07-04,Kole,gfs_seamless,2.5
2026-07-02,2026-07-05,Kole,gfs_seamless,3.4
2026-07-02,2026-07-06,Kole,gfs_seamless,7.1
2026-07-02,2026-07-07,Kole,gfs_seamless,0.4
2026-07-02,2026-07-08,Kole,gfs_seamless,0.0
2026-07-02,2026-07-03,Kole,icon_seamless,0.0
2026-07-02,2026-07-04,Kole,icon_seamless,0.0
2026-07-02,2026-07-05,Kole,icon_seamless,5.6
2026-07-02,2026-07-06,Kole,icon_seamless,2.6
2026-07-02,2026-07-07,Kole,icon_seamless,2.8
2026-07-02,2026-07-08,Kole,icon_seamless,4.2
2026-07-02,2026-07-03,Kole,ukmo_seamless,0.4
2026-07-02,2026-07-04,Kole,ukmo_seamless,0.0
2026-07-02,2026-07-05,Kole,ukmo_seamless,1.5
2026-07-02,2026-07-06,Kole,ukmo_seamless,0.9
2026-07-02,2026-07-07,Kole,ukmo_seamless,0.3
2026-07-02,2026-07-08,Kole,ukmo_seamless,0.6
2026-07-02,2026-07-03,Kole,meteofrance_seamless,0.0
2026-07-02,2026-07-04,Kole,meteofrance_seamless,0.0
2026-07-02,2026-07-05,Kole,meteofrance_seamless,1.2
2026-07-02,2026-07-03,Kole,jma_seamless,2.5
2026-07-02,2026-07-04,Kole,jma_seamless,0.0
2026-07-02,2026-07-05,Kole,jma_seamless,1.9
2026-07-02,2026-07-06,Kole,jma_seamless,2.1
2026-07-02,2026-07-07,Kole,jma_seamless,0.8
2026-07-02,2026-07-08,Kole,jma_seamless,3.1
2026-07-02,2026-07-03,Kole,gem_seamless,0.4
2026-07-02,2026-07-04,Kole,gem_seamless,1.5
2026-07-02,2026-07-05,Kole,gem_seamless,0.5
2026-07-02,2026-07-06,Kole,gem_seamless,8.7
2026-07-02,2026-07-07,Kole,gem_seamless,8.5
2026-07-02,2026-07-08,Kole,gem_seamless,0.2
2026-07-02,2026-07-03,Kole,knmi_seamless,0.0
2026-07-02,2026-07-04,Kole,knmi_seamless,0.0
2026-07-02,2026-07-05,Kole,knmi_seamless,0.4
2026-07-02,2026-07-06,Kole,knmi_seamless,2.5
2026-07-02,2026-07-07,Kole,knmi_seamless,2.6
2026-07-02,2026-07-08,Kole,knmi_seamless,0.9
2026-07-02,2026-07-03,Oyam,ecmwf_ifs025,0.1
2026-07-02,2026-07-04,Oyam,ecmwf_ifs025,0.0
2026-07-02,2026-07-05,Oyam,ecmwf_ifs025,0.6
2026-07-02,2026-07-06,Oyam,ecmwf_ifs025,1.6
2026-07-02,2026-07-07,Oyam,ecmwf_ifs025,3.8
2026-07-02,2026-07-08,Oyam,ecmwf_ifs025,1.3
2026-07-02,2026-07-03,Oyam,ecmwf_aifs025_single,0.3
2026-07-02,2026-07-04,Oyam,ecmwf_aifs025_single,0.1
2026-07-02,2026-07-05,Oyam,ecmwf_aifs025_single,1.1
2026-07-02,2026-07-06,Oyam,ecmwf_aifs025_single,3.4
2026-07-02,2026-07-07,Oyam,ecmwf_aifs025_single,1.9
2026-07-02,2026-07-08,Oyam,ecmwf_aifs025_single,0.9
2026-07-02,2026-07-03,Oyam,gfs_seamless,0.1
2026-07-02,2026-07-04,Oyam,gfs_seamless,3.7
2026-07-02,2026-07-05,Oyam,gfs_seamless,4.8
2026-07-02,2026-07-06,Oyam,gfs_seamless,5.6
2026-07-02,2026-07-07,Oyam,gfs_seamless,0.7
2026-07-02,2026-07-08,Oyam,gfs_seamless,0.6
2026-07-02,2026-07-03,Oyam,icon_seamless,0.0
2026-07-02,2026-07-04,Oyam,icon_seamless,0.0
2026-07-02,2026-07-05,Oyam,icon_seamless,2.8
2026-07-02,2026-07-06,Oyam,icon_seamless,1.5
2026-07-02,2026-07-07,Oyam,icon_seamless,3.3
2026-07-02,2026-07-08,Oyam,icon_seamless,9.3
2026-07-02,2026-07-03,Oyam,ukmo_seamless,0.0
2026-07-02,2026-07-04,Oyam,ukmo_seamless,0.0
2026-07-02,2026-07-05,Oyam,ukmo_seamless,3.3
2026-07-02,2026-07-06,Oyam,ukmo_seamless,0.3
2026-07-02,2026-07-07,Oyam,ukmo_seamless,0.0
2026-07-02,2026-07-08,Oyam,ukmo_seamless,0.0
2026-07-02,2026-07-03,Oyam,meteofrance_seamless,0.0
2026-07-02,2026-07-04,Oyam,meteofrance_seamless,0.0
2026-07-02,2026-07-05,Oyam,meteofrance_seamless,1.8
2026-07-02,2026-07-03,Oyam,jma_seamless,2.5
2026-07-02,2026-07-04,Oyam,jma_seamless,0.0
2026-07-02,2026-07-05,Oyam,jma_seamless,1.9
2026-07-02,2026-07-06,Oyam,jma_seamless,2.1
2026-07-02,2026-07-07,Oyam,jma_seamless,0.8
2026-07-02,2026-07-08,Oyam,jma_seamless,3.1
2026-07-02,2026-07-03,Oyam,gem_seamless,0.7
2026-07-02,2026-07-04,Oyam,gem_seamless,0.8
2026-07-02,2026-07-05,Oyam,gem_seamless,0.4
2026-07-02,2026-07-06,Oyam,gem_seamless,7.2
2026-07-02,2026-07-07,Oyam,gem_seamless,8.4
2026-07-02,2026-07-08,Oyam,gem_seamless,0.0
2026-07-02,2026-07-03,Oyam,knmi_seamless,0.0
2026-07-02,2026-07-04,Oyam,knmi_seamless,0.3
2026-07-02,2026-07-05,Oyam,knmi_seamless,1.3
2026-07-02,2026-07-06,Oyam,knmi_seamless,2.7
2026-07-02,2026-07-07,Oyam,knmi_seamless,0.9
2026-07-02,2026-07-08,Oyam,knmi_seamless,1.8
2026-07-02,2026-07-03,Apac,ecmwf_ifs025,0.1
2026-07-02,2026-07-04,Apac,ecmwf_ifs025,0.2
2026-07-02,2026-07-05,Apac,ecmwf_ifs025,0.7
2026-07-02,2026-07-06,Apac,ecmwf_ifs025,0.6
2026-07-02,2026-07-07,Apac,ecmwf_ifs025,1.6
2026-07-02,2026-07-08,Apac,ecmwf_ifs025,2.4
2026-07-02,2026-07-03,Apac,ecmwf_aifs025_single,0.5
2026-07-02,2026-07-04,Apac,ecmwf_aifs025_single,0.1
2026-07-02,2026-07-05,Apac,ecmwf_aifs025_single,0.9
2026-07-02,2026-07-06,Apac,ecmwf_aifs025_single,2.9
2026-07-02,2026-07-07,Apac,ecmwf_aifs025_single,1.7
2026-07-02,2026-07-08,Apac,ecmwf_aifs025_single,0.8
2026-07-02,2026-07-03,Apac,gfs_seamless,0.1
2026-07-02,2026-07-04,Apac,gfs_seamless,1.7
2026-07-02,2026-07-05,Apac,gfs_seamless,9.1
2026-07-02,2026-07-06,Apac,gfs_seamless,0.6
2026-07-02,2026-07-07,Apac,gfs_seamless,0.6
2026-07-02,2026-07-08,Apac,gfs_seamless,0.4
2026-07-02,2026-07-03,Apac,icon_seamless,0.0
2026-07-02,2026-07-04,Apac,icon_seamless,0.0
2026-07-02,2026-07-05,Apac,icon_seamless,1.2
2026-07-02,2026-07-06,Apac,icon_seamless,0.8
2026-07-02,2026-07-07,Apac,icon_seamless,1.7
2026-07-02,2026-07-08,Apac,icon_seamless,7.8
2026-07-02,2026-07-03,Apac,ukmo_seamless,0.1
2026-07-02,2026-07-04,Apac,ukmo_seamless,0.0
2026-07-02,2026-07-05,Apac,ukmo_seamless,1.8
2026-07-02,2026-07-06,Apac,ukmo_seamless,0.9
2026-07-02,2026-07-07,Apac,ukmo_seamless,0.0
2026-07-02,2026-07-08,Apac,ukmo_seamless,0.0
2026-07-02,2026-07-03,Apac,meteofrance_seamless,0.0
2026-07-02,2026-07-04,Apac,meteofrance_seamless,0.5
2026-07-02,2026-07-05,Apac,meteofrance_seamless,0.7
2026-07-02,2026-07-03,Apac,jma_seamless,2.4
2026-07-02,2026-07-04,Apac,jma_seamless,0.0
2026-07-02,2026-07-05,Apac,jma_seamless,1.1
2026-07-02,2026-07-06,Apac,jma_seamless,2.3
2026-07-02,2026-07-07,Apac,jma_seamless,1.6
2026-07-02,2026-07-08,Apac,jma_seamless,1.8
2026-07-02,2026-07-03,Apac,gem_seamless,0.0
2026-07-02,2026-07-04,Apac,gem_seamless,0.0
2026-07-02,2026-07-05,Apac,gem_seamless,1.4
2026-07-02,2026-07-06,Apac,gem_seamless,5.5
2026-07-02,2026-07-07,Apac,gem_seamless,4.3
2026-07-02,2026-07-08,Apac,gem_seamless,0.0
2026-07-02,2026-07-03,Apac,knmi_seamless,0.0
2026-07-02,2026-07-04,Apac,knmi_seamless,0.0
2026-07-02,2026-07-05,Apac,knmi_seamless,0.5
2026-07-02,2026-07-06,Apac,knmi_seamless,2.1
2026-07-02,2026-07-07,Apac,knmi_seamless,3.9
2026-07-02,2026-07-08,Apac,knmi_seamless,0.3
2026-07-02,2026-07-03,Gulu,ecmwf_ifs025,0.3
2026-07-02,2026-07-04,Gulu,ecmwf_ifs025,0.5
2026-07-02,2026-07-05,Gulu,ecmwf_ifs025,6.3
2026-07-02,2026-07-06,Gulu,ecmwf_ifs025,2.0
2026-07-02,2026-07-07,Gulu,ecmwf_ifs025,1.3
2026-07-02,2026-07-08,Gulu,ecmwf_ifs025,3.2
2026-07-02,2026-07-03,Gulu,ecmwf_aifs025_single,0.3
2026-07-02,2026-07-04,Gulu,ecmwf_aifs025_single,0.2
2026-07-02,2026-07-05,Gulu,ecmwf_aifs025_single,1.4
2026-07-02,2026-07-06,Gulu,ecmwf_aifs025_single,3.2
2026-07-02,2026-07-07,Gulu,ecmwf_aifs025_single,1.2
2026-07-02,2026-07-08,Gulu,ecmwf_aifs025_single,0.6
2026-07-02,2026-07-03,Gulu,gfs_seamless,0.0
2026-07-02,2026-07-04,Gulu,gfs_seamless,2.7
2026-07-02,2026-07-05,Gulu,gfs_seamless,6.8
2026-07-02,2026-07-06,Gulu,gfs_seamless,4.8
2026-07-02,2026-07-07,Gulu,gfs_seamless,0.7
2026-07-02,2026-07-08,Gulu,gfs_seamless,0.4
2026-07-02,2026-07-03,Gulu,icon_seamless,0.0
2026-07-02,2026-07-04,Gulu,icon_seamless,0.0
2026-07-02,2026-07-05,Gulu,icon_seamless,1.2
2026-07-02,2026-07-06,Gulu,icon_seamless,13.8
2026-07-02,2026-07-07,Gulu,icon_seamless,3.6
2026-07-02,2026-07-08,Gulu,icon_seamless,0.0
2026-07-02,2026-07-03,Gulu,ukmo_seamless,0.5
2026-07-02,2026-07-04,Gulu,ukmo_seamless,0.0
2026-07-02,2026-07-05,Gulu,ukmo_seamless,1.5
2026-07-02,2026-07-06,Gulu,ukmo_seamless,0.3
2026-07-02,2026-07-07,Gulu,ukmo_seamless,0.0
2026-07-02,2026-07-08,Gulu,ukmo_seamless,0.0
2026-07-02,2026-07-03,Gulu,meteofrance_seamless,0.1
2026-07-02,2026-07-04,Gulu,meteofrance_seamless,0.0
2026-07-02,2026-07-05,Gulu,meteofrance_seamless,2.4
2026-07-02,2026-07-03,Gulu,jma_seamless,3.4
2026-07-02,2026-07-04,Gulu,jma_seamless,0.9
2026-07-02,2026-07-05,Gulu,jma_seamless,2.6
2026-07-02,2026-07-06,Gulu,jma_seamless,3.0
2026-07-02,2026-07-07,Gulu,jma_seamless,0.8
2026-07-02,2026-07-08,Gulu,jma_seamless,2.0
2026-07-02,2026-07-03,Gulu,gem_seamless,0.3
2026-07-02,2026-07-04,Gulu,gem_seamless,0.0
2026-07-02,2026-07-05,Gulu,gem_seamless,1.4
2026-07-02,2026-07-06,Gulu,gem_seamless,8.4
2026-07-02,2026-07-07,Gulu,gem_seamless,4.3
2026-07-02,2026-07-08,Gulu,gem_seamless,1.2
2026-07-02,2026-07-03,Gulu,knmi_seamless,0.2
2026-07-02,2026-07-04,Gulu,knmi_seamless,0.1
2026-07-02,2026-07-05,Gulu,knmi_seamless,9.7
2026-07-02,2026-07-06,Gulu,knmi_seamless,4.1
2026-07-02,2026-07-07,Gulu,knmi_seamless,0.6
2026-07-02,2026-07-08,Gulu,knmi_seamless,3.9
2026-07-02,2026-07-03,Omoro,ecmwf_ifs025,1.1
2026-07-02,2026-07-04,Omoro,ecmwf_ifs025,0.2
2026-07-02,2026-07-05,Omoro,ecmwf_ifs025,0.7
2026-07-02,2026-07-06,Omoro,ecmwf_ifs025,1.7
2026-07-02,2026-07-07,Omoro,ecmwf_ifs025,0.9
2026-07-02,2026-07-08,Omoro,ecmwf_ifs025,0.8
2026-07-02,2026-07-03,Omoro,ecmwf_aifs025_single,0.7
2026-07-02,2026-07-04,Omoro,ecmwf_aifs025_single,0.2
2026-07-02,2026-07-05,Omoro,ecmwf_aifs025_single,1.1
2026-07-02,2026-07-06,Omoro,ecmwf_aifs025_single,3.0
2026-07-02,2026-07-07,Omoro,ecmwf_aifs025_single,1.2
2026-07-02,2026-07-08,Omoro,ecmwf_aifs025_single,0.6
2026-07-02,2026-07-03,Omoro,gfs_seamless,0.9
2026-07-02,2026-07-04,Omoro,gfs_seamless,1.5
2026-07-02,2026-07-05,Omoro,gfs_seamless,3.0
2026-07-02,2026-07-06,Omoro,gfs_seamless,4.7
2026-07-02,2026-07-07,Omoro,gfs_seamless,0.7
2026-07-02,2026-07-08,Omoro,gfs_seamless,0.6
2026-07-02,2026-07-03,Omoro,icon_seamless,0.0
2026-07-02,2026-07-04,Omoro,icon_seamless,0.0
2026-07-02,2026-07-05,Omoro,icon_seamless,3.2
2026-07-02,2026-07-06,Omoro,icon_seamless,6.7
2026-07-02,2026-07-07,Omoro,icon_seamless,4.1
2026-07-02,2026-07-08,Omoro,icon_seamless,0.3
2026-07-02,2026-07-03,Omoro,ukmo_seamless,0.3
2026-07-02,2026-07-04,Omoro,ukmo_seamless,0.0
2026-07-02,2026-07-05,Omoro,ukmo_seamless,0.6
2026-07-02,2026-07-06,Omoro,ukmo_seamless,0.3
2026-07-02,2026-07-07,Omoro,ukmo_seamless,0.0
2026-07-02,2026-07-08,Omoro,ukmo_seamless,0.0
2026-07-02,2026-07-03,Omoro,meteofrance_seamless,0.1
2026-07-02,2026-07-04,Omoro,meteofrance_seamless,0.0
2026-07-02,2026-07-05,Omoro,meteofrance_seamless,2.1
2026-07-02,2026-07-03,Omoro,jma_seamless,2.5
2026-07-02,2026-07-04,Omoro,jma_seamless,0.0
2026-07-02,2026-07-05,Omoro,jma_seamless,1.9
2026-07-02,2026-07-06,Omoro,jma_seamless,2.1
2026-07-02,2026-07-07,Omoro,jma_seamless,0.8
2026-07-02,2026-07-08,Omoro,jma_seamless,3.1
2026-07-02,2026-07-03,Omoro,gem_seamless,0.3
2026-07-02,2026-07-04,Omoro,gem_seamless,0.6
2026-07-02,2026-07-05,Omoro,gem_seamless,1.9
2026-07-02,2026-07-06,Omoro,gem_seamless,4.8
2026-07-02,2026-07-07,Omoro,gem_seamless,12.9
2026-07-02,2026-07-08,Omoro,gem_seamless,0.5
2026-07-02,2026-07-03,Omoro,knmi_seamless,0.1
2026-07-02,2026-07-04,Omoro,knmi_seamless,0.0
2026-07-02,2026-07-05,Omoro,knmi_seamless,4.8
2026-07-02,2026-07-06,Omoro,knmi_seamless,1.0
2026-07-02,2026-07-07,Omoro,knmi_seamless,0.9
2026-07-02,2026-07-08,Omoro,knmi_seamless,1.6
2026-07-02,2026-07-03,Nwoya,ecmwf_ifs025,0.0
2026-07-02,2026-07-04,Nwoya,ecmwf_ifs025,0.1
2026-07-02,2026-07-05,Nwoya,ecmwf_ifs025,0.8
2026-07-02,2026-07-06,Nwoya,ecmwf_ifs025,1.1
2026-07-02,2026-07-07,Nwoya,ecmwf_ifs025,6.4
2026-07-02,2026-07-08,Nwoya,ecmwf_ifs025,2.6
2026-07-02,2026-07-03,Nwoya,ecmwf_aifs025_single,0.5
2026-07-02,2026-07-04,Nwoya,ecmwf_aifs025_single,0.2
2026-07-02,2026-07-05,Nwoya,ecmwf_aifs025_single,1.4
2026-07-02,2026-07-06,Nwoya,ecmwf_aifs025_single,3.6
2026-07-02,2026-07-07,Nwoya,ecmwf_aifs025_single,1.8
2026-07-02,2026-07-08,Nwoya,ecmwf_aifs025_single,0.9
2026-07-02,2026-07-03,Nwoya,gfs_seamless,0.0
2026-07-02,2026-07-04,Nwoya,gfs_seamless,3.9
2026-07-02,2026-07-05,Nwoya,gfs_seamless,3.6
2026-07-02,2026-07-06,Nwoya,gfs_seamless,0.1
2026-07-02,2026-07-07,Nwoya,gfs_seamless,0.3
2026-07-02,2026-07-08,Nwoya,gfs_seamless,0.0
2026-07-02,2026-07-03,Nwoya,icon_seamless,0.0
2026-07-02,2026-07-04,Nwoya,icon_seamless,0.0
2026-07-02,2026-07-05,Nwoya,icon_seamless,3.3
2026-07-02,2026-07-06,Nwoya,icon_seamless,5.1
2026-07-02,2026-07-07,Nwoya,icon_seamless,1.2
2026-07-02,2026-07-08,Nwoya,icon_seamless,3.0
2026-07-02,2026-07-03,Nwoya,ukmo_seamless,0.0
2026-07-02,2026-07-04,Nwoya,ukmo_seamless,0.2
2026-07-02,2026-07-05,Nwoya,ukmo_seamless,2.1
2026-07-02,2026-07-06,Nwoya,ukmo_seamless,3.3
2026-07-02,2026-07-07,Nwoya,ukmo_seamless,0.0
2026-07-02,2026-07-08,Nwoya,ukmo_seamless,0.0
2026-07-02,2026-07-03,Nwoya,meteofrance_seamless,0.0
2026-07-02,2026-07-04,Nwoya,meteofrance_seamless,0.0
2026-07-02,2026-07-05,Nwoya,meteofrance_seamless,7.2
2026-07-02,2026-07-03,Nwoya,jma_seamless,1.9
2026-07-02,2026-07-04,Nwoya,jma_seamless,0.0
2026-07-02,2026-07-05,Nwoya,jma_seamless,3.7
2026-07-02,2026-07-06,Nwoya,jma_seamless,2.1
2026-07-02,2026-07-07,Nwoya,jma_seamless,1.1
2026-07-02,2026-07-08,Nwoya,jma_seamless,0.3
2026-07-02,2026-07-03,Nwoya,gem_seamless,0.0
2026-07-02,2026-07-04,Nwoya,gem_seamless,0.3
2026-07-02,2026-07-05,Nwoya,gem_seamless,0.1
2026-07-02,2026-07-06,Nwoya,gem_seamless,11.6
2026-07-02,2026-07-07,Nwoya,gem_seamless,0.3
2026-07-02,2026-07-08,Nwoya,gem_seamless,1.2
2026-07-02,2026-07-03,Nwoya,knmi_seamless,0.1
2026-07-02,2026-07-04,Nwoya,knmi_seamless,0.0
2026-07-02,2026-07-05,Nwoya,knmi_seamless,0.8
2026-07-02,2026-07-06,Nwoya,knmi_seamless,4.7
2026-07-02,2026-07-07,Nwoya,knmi_seamless,0.4
2026-07-02,2026-07-08,Nwoya,knmi_seamless,1.2
2026-07-02,2026-07-03,Amuru,ecmwf_ifs025,0.1
2026-07-02,2026-07-04,Amuru,ecmwf_ifs025,0.3
2026-07-02,2026-07-05,Amuru,ecmwf_ifs025,1.7
2026-07-02,2026-07-06,Amuru,ecmwf_ifs025,2.9
2026-07-02,2026-07-07,Amuru,ecmwf_ifs025,3.3
2026-07-02,2026-07-08,Amuru,ecmwf_ifs025,5.0
2026-07-02,2026-07-03,Amuru,ecmwf_aifs025_single,0.7
2026-07-02,2026-07-04,Amuru,ecmwf_aifs025_single,0.2
2026-07-02,2026-07-05,Amuru,ecmwf_aifs025_single,1.5
2026-07-02,2026-07-06,Amuru,ecmwf_aifs025_single,4.0
2026-07-02,2026-07-07,Amuru,ecmwf_aifs025_single,1.9
2026-07-02,2026-07-08,Amuru,ecmwf_aifs025_single,1.1
2026-07-02,2026-07-03,Amuru,gfs_seamless,0.0
2026-07-02,2026-07-04,Amuru,gfs_seamless,2.2
2026-07-02,2026-07-05,Amuru,gfs_seamless,8.7
2026-07-02,2026-07-06,Amuru,gfs_seamless,3.5
2026-07-02,2026-07-07,Amuru,gfs_seamless,0.7
2026-07-02,2026-07-08,Amuru,gfs_seamless,0.1
2026-07-02,2026-07-03,Amuru,icon_seamless,0.0
2026-07-02,2026-07-04,Amuru,icon_seamless,2.0
2026-07-02,2026-07-05,Amuru,icon_seamless,10.6
2026-07-02,2026-07-06,Amuru,icon_seamless,11.7
2026-07-02,2026-07-07,Amuru,icon_seamless,3.6
2026-07-02,2026-07-08,Amuru,icon_seamless,0.3
2026-07-02,2026-07-03,Amuru,ukmo_seamless,0.5
2026-07-02,2026-07-04,Amuru,ukmo_seamless,0.4
2026-07-02,2026-07-05,Amuru,ukmo_seamless,0.6
2026-07-02,2026-07-06,Amuru,ukmo_seamless,0.9
2026-07-02,2026-07-07,Amuru,ukmo_seamless,0.3
2026-07-02,2026-07-08,Amuru,ukmo_seamless,0.0
2026-07-02,2026-07-03,Amuru,meteofrance_seamless,0.0
2026-07-02,2026-07-04,Amuru,meteofrance_seamless,0.4
2026-07-02,2026-07-05,Amuru,meteofrance_seamless,9.6
2026-07-02,2026-07-03,Amuru,jma_seamless,2.0
2026-07-02,2026-07-04,Amuru,jma_seamless,0.3
2026-07-02,2026-07-05,Amuru,jma_seamless,6.2
2026-07-02,2026-07-06,Amuru,jma_seamless,6.8
2026-07-02,2026-07-07,Amuru,jma_seamless,2.1
2026-07-02,2026-07-08,Amuru,jma_seamless,1.5
2026-07-02,2026-07-03,Amuru,gem_seamless,0.0
2026-07-02,2026-07-04,Amuru,gem_seamless,4.2
2026-07-02,2026-07-05,Amuru,gem_seamless,0.1
2026-07-02,2026-07-06,Amuru,gem_seamless,6.5
2026-07-02,2026-07-07,Amuru,gem_seamless,1.0
2026-07-02,2026-07-08,Amuru,gem_seamless,0.3
2026-07-02,2026-07-03,Amuru,knmi_seamless,0.8
2026-07-02,2026-07-04,Amuru,knmi_seamless,0.3
2026-07-02,2026-07-05,Amuru,knmi_seamless,3.8
2026-07-02,2026-07-06,Amuru,knmi_seamless,10.2
2026-07-02,2026-07-07,Amuru,knmi_seamless,6.9
2026-07-02,2026-07-08,Amuru,knmi_seamless,5.7
2026-07-02,2026-07-03,Lamwo,ecmwf_ifs025,0.1
2026-07-02,2026-07-04,Lamwo,ecmwf_ifs025,1.1
2026-07-02,2026-07-05,Lamwo,ecmwf_ifs025,0.8
2026-07-02,2026-07-06,Lamwo,ecmwf_ifs025,0.5
2026-07-02,2026-07-07,Lamwo,ecmwf_ifs025,0.5
2026-07-02,2026-07-08,Lamwo,ecmwf_ifs025,2.0
2026-07-02,2026-07-03,Lamwo,ecmwf_aifs025_single,0.6
2026-07-02,2026-07-04,Lamwo,ecmwf_aifs025_single,0.9
2026-07-02,2026-07-05,Lamwo,ecmwf_aifs025_single,2.0
2026-07-02,2026-07-06,Lamwo,ecmwf_aifs025_single,2.7
2026-07-02,2026-07-07,Lamwo,ecmwf_aifs025_single,0.6
2026-07-02,2026-07-08,Lamwo,ecmwf_aifs025_single,0.1
2026-07-02,2026-07-03,Lamwo,gfs_seamless,0.7
2026-07-02,2026-07-04,Lamwo,gfs_seamless,4.3
2026-07-02,2026-07-05,Lamwo,gfs_seamless,6.2
2026-07-02,2026-07-06,Lamwo,gfs_seamless,6.3
2026-07-02,2026-07-07,Lamwo,gfs_seamless,0.6
2026-07-02,2026-07-08,Lamwo,gfs_seamless,0.0
2026-07-02,2026-07-03,Lamwo,icon_seamless,0.0
2026-07-02,2026-07-04,Lamwo,icon_seamless,0.4
2026-07-02,2026-07-05,Lamwo,icon_seamless,5.8
2026-07-02,2026-07-06,Lamwo,icon_seamless,0.0
2026-07-02,2026-07-07,Lamwo,icon_seamless,2.1
2026-07-02,2026-07-08,Lamwo,icon_seamless,0.3
2026-07-02,2026-07-03,Lamwo,ukmo_seamless,2.1
2026-07-02,2026-07-04,Lamwo,ukmo_seamless,0.2
2026-07-02,2026-07-05,Lamwo,ukmo_seamless,0.3
2026-07-02,2026-07-06,Lamwo,ukmo_seamless,0.3
2026-07-02,2026-07-07,Lamwo,ukmo_seamless,1.8
2026-07-02,2026-07-08,Lamwo,ukmo_seamless,0.0
2026-07-02,2026-07-03,Lamwo,meteofrance_seamless,0.6
2026-07-02,2026-07-04,Lamwo,meteofrance_seamless,0.2
2026-07-02,2026-07-05,Lamwo,meteofrance_seamless,3.3
2026-07-02,2026-07-03,Lamwo,jma_seamless,2.1
2026-07-02,2026-07-04,Lamwo,jma_seamless,0.7
2026-07-02,2026-07-05,Lamwo,jma_seamless,1.2
2026-07-02,2026-07-06,Lamwo,jma_seamless,10.6
2026-07-02,2026-07-07,Lamwo,jma_seamless,4.9
2026-07-02,2026-07-08,Lamwo,jma_seamless,0.3
2026-07-02,2026-07-03,Lamwo,gem_seamless,0.0
2026-07-02,2026-07-04,Lamwo,gem_seamless,1.1
2026-07-02,2026-07-05,Lamwo,gem_seamless,1.4
2026-07-02,2026-07-06,Lamwo,gem_seamless,0.8
2026-07-02,2026-07-07,Lamwo,gem_seamless,1.8
2026-07-02,2026-07-08,Lamwo,gem_seamless,0.4
2026-07-02,2026-07-03,Lamwo,knmi_seamless,0.0
2026-07-02,2026-07-04,Lamwo,knmi_seamless,0.6
2026-07-02,2026-07-05,Lamwo,knmi_seamless,1.7
2026-07-02,2026-07-06,Lamwo,knmi_seamless,1.3
2026-07-02,2026-07-07,Lamwo,knmi_seamless,0.0
2026-07-02,2026-07-08,Lamwo,knmi_seamless,1.2
2026-07-02,2026-07-03,Amolatar,ecmwf_ifs025,0.1
2026-07-02,2026-07-04,Amolatar,ecmwf_ifs025,0.0
2026-07-02,2026-07-05,Amolatar,ecmwf_ifs025,0.3
2026-07-02,2026-07-06,Amolatar,ecmwf_ifs025,1.3
2026-07-02,2026-07-07,Amolatar,ecmwf_ifs025,1.0
2026-07-02,2026-07-08,Amolatar,ecmwf_ifs025,1.1
2026-07-02,2026-07-03,Amolatar,ecmwf_aifs025_single,0.4
2026-07-02,2026-07-04,Amolatar,ecmwf_aifs025_single,0.0
2026-07-02,2026-07-05,Amolatar,ecmwf_aifs025_single,0.9
2026-07-02,2026-07-06,Amolatar,ecmwf_aifs025_single,2.9
2026-07-02,2026-07-07,Amolatar,ecmwf_aifs025_single,1.7
2026-07-02,2026-07-08,Amolatar,ecmwf_aifs025_single,0.7
2026-07-02,2026-07-03,Amolatar,gfs_seamless,0.6
2026-07-02,2026-07-04,Amolatar,gfs_seamless,0.5
2026-07-02,2026-07-05,Amolatar,gfs_seamless,1.0
2026-07-02,2026-07-06,Amolatar,gfs_seamless,2.8
2026-07-02,2026-07-07,Amolatar,gfs_seamless,0.7
2026-07-02,2026-07-08,Amolatar,gfs_seamless,0.0
2026-07-02,2026-07-03,Amolatar,icon_seamless,0.0
2026-07-02,2026-07-04,Amolatar,icon_seamless,0.0
2026-07-02,2026-07-05,Amolatar,icon_seamless,0.0
2026-07-02,2026-07-06,Amolatar,icon_seamless,1.8
2026-07-02,2026-07-07,Amolatar,icon_seamless,0.3
2026-07-02,2026-07-08,Amolatar,icon_seamless,3.6
2026-07-02,2026-07-03,Amolatar,ukmo_seamless,0.1
2026-07-02,2026-07-04,Amolatar,ukmo_seamless,0.0
2026-07-02,2026-07-05,Amolatar,ukmo_seamless,0.0
2026-07-02,2026-07-06,Amolatar,ukmo_seamless,0.3
2026-07-02,2026-07-07,Amolatar,ukmo_seamless,0.0
2026-07-02,2026-07-08,Amolatar,ukmo_seamless,0.0
2026-07-02,2026-07-03,Amolatar,meteofrance_seamless,0.0
2026-07-02,2026-07-04,Amolatar,meteofrance_seamless,0.0
2026-07-02,2026-07-05,Amolatar,meteofrance_seamless,0.0
2026-07-02,2026-07-03,Amolatar,jma_seamless,1.1
2026-07-02,2026-07-04,Amolatar,jma_seamless,0.1
2026-07-02,2026-07-05,Amolatar,jma_seamless,0.4
2026-07-02,2026-07-06,Amolatar,jma_seamless,2.6
2026-07-02,2026-07-07,Amolatar,jma_seamless,3.3
2026-07-02,2026-07-08,Amolatar,jma_seamless,1.3
2026-07-02,2026-07-03,Amolatar,gem_seamless,0.0
2026-07-02,2026-07-04,Amolatar,gem_seamless,0.0
2026-07-02,2026-07-05,Amolatar,gem_seamless,0.4
2026-07-02,2026-07-06,Amolatar,gem_seamless,0.4
2026-07-02,2026-07-07,Amolatar,gem_seamless,0.2
2026-07-02,2026-07-08,Amolatar,gem_seamless,0.0
2026-07-02,2026-07-03,Amolatar,knmi_seamless,0.0
2026-07-02,2026-07-04,Amolatar,knmi_seamless,0.1
2026-07-02,2026-07-05,Amolatar,knmi_seamless,0.1
2026-07-02,2026-07-06,Amolatar,knmi_seamless,0.8
2026-07-02,2026-07-07,Amolatar,knmi_seamless,6.3
2026-07-02,2026-07-08,Amolatar,knmi_seamless,0.3
2026-07-02,2026-07-03,Kalaki,ecmwf_ifs025,0.4
2026-07-02,2026-07-04,Kalaki,ecmwf_ifs025,0.4
2026-07-02,2026-07-05,Kalaki,ecmwf_ifs025,0.4
2026-07-02,2026-07-06,Kalaki,ecmwf_ifs025,1.7
2026-07-02,2026-07-07,Kalaki,ecmwf_ifs025,0.3
2026-07-02,2026-07-08,Kalaki,ecmwf_ifs025,0.8
2026-07-02,2026-07-03,Kalaki,ecmwf_aifs025_single,1.6
2026-07-02,2026-07-04,Kalaki,ecmwf_aifs025_single,0.3
2026-07-02,2026-07-05,Kalaki,ecmwf_aifs025_single,1.5
2026-07-02,2026-07-06,Kalaki,ecmwf_aifs025_single,3.0
2026-07-02,2026-07-07,Kalaki,ecmwf_aifs025_single,1.3
2026-07-02,2026-07-08,Kalaki,ecmwf_aifs025_single,0.6
2026-07-02,2026-07-03,Kalaki,gfs_seamless,2.9
2026-07-02,2026-07-04,Kalaki,gfs_seamless,0.3
2026-07-02,2026-07-05,Kalaki,gfs_seamless,0.6
2026-07-02,2026-07-06,Kalaki,gfs_seamless,2.5
2026-07-02,2026-07-07,Kalaki,gfs_seamless,0.0
2026-07-02,2026-07-08,Kalaki,gfs_seamless,0.0
2026-07-02,2026-07-03,Kalaki,icon_seamless,0.0
2026-07-02,2026-07-04,Kalaki,icon_seamless,0.0
2026-07-02,2026-07-05,Kalaki,icon_seamless,1.7
2026-07-02,2026-07-06,Kalaki,icon_seamless,5.6
2026-07-02,2026-07-07,Kalaki,icon_seamless,5.9
2026-07-02,2026-07-08,Kalaki,icon_seamless,0.1
2026-07-02,2026-07-03,Kalaki,ukmo_seamless,0.6
2026-07-02,2026-07-04,Kalaki,ukmo_seamless,0.2
2026-07-02,2026-07-05,Kalaki,ukmo_seamless,0.6
2026-07-02,2026-07-06,Kalaki,ukmo_seamless,0.0
2026-07-02,2026-07-07,Kalaki,ukmo_seamless,0.0
2026-07-02,2026-07-08,Kalaki,ukmo_seamless,0.0
2026-07-02,2026-07-03,Kalaki,meteofrance_seamless,0.0
2026-07-02,2026-07-04,Kalaki,meteofrance_seamless,0.0
2026-07-02,2026-07-05,Kalaki,meteofrance_seamless,0.0
2026-07-02,2026-07-03,Kalaki,jma_seamless,2.7
2026-07-02,2026-07-04,Kalaki,jma_seamless,1.0
2026-07-02,2026-07-05,Kalaki,jma_seamless,4.3
2026-07-02,2026-07-06,Kalaki,jma_seamless,1.4
2026-07-02,2026-07-07,Kalaki,jma_seamless,3.3
2026-07-02,2026-07-08,Kalaki,jma_seamless,4.8
2026-07-02,2026-07-03,Kalaki,gem_seamless,0.3
2026-07-02,2026-07-04,Kalaki,gem_seamless,0.1
2026-07-02,2026-07-05,Kalaki,gem_seamless,0.7
2026-07-02,2026-07-06,Kalaki,gem_seamless,3.1
2026-07-02,2026-07-07,Kalaki,gem_seamless,0.9
2026-07-02,2026-07-08,Kalaki,gem_seamless,0.0
2026-07-02,2026-07-03,Kalaki,knmi_seamless,0.2
2026-07-02,2026-07-04,Kalaki,knmi_seamless,0.0
2026-07-02,2026-07-05,Kalaki,knmi_seamless,0.0
2026-07-02,2026-07-06,Kalaki,knmi_seamless,6.5
2026-07-02,2026-07-07,Kalaki,knmi_seamless,1.0
2026-07-02,2026-07-08,Kalaki,knmi_seamless,1.0
2026-07-02,2026-07-03,Amuria,ecmwf_ifs025,0.4
2026-07-02,2026-07-04,Amuria,ecmwf_ifs025,0.4
2026-07-02,2026-07-05,Amuria,ecmwf_ifs025,0.4
2026-07-02,2026-07-06,Amuria,ecmwf_ifs025,1.7
2026-07-02,2026-07-07,Amuria,ecmwf_ifs025,0.3
2026-07-02,2026-07-08,Amuria,ecmwf_ifs025,0.8
2026-07-02,2026-07-03,Amuria,ecmwf_aifs025_single,1.6
2026-07-02,2026-07-04,Amuria,ecmwf_aifs025_single,0.3
2026-07-02,2026-07-05,Amuria,ecmwf_aifs025_single,1.5
2026-07-02,2026-07-06,Amuria,ecmwf_aifs025_single,3.0
2026-07-02,2026-07-07,Amuria,ecmwf_aifs025_single,1.3
2026-07-02,2026-07-08,Amuria,ecmwf_aifs025_single,0.6
2026-07-02,2026-07-03,Amuria,gfs_seamless,3.4
2026-07-02,2026-07-04,Amuria,gfs_seamless,0.3
2026-07-02,2026-07-05,Amuria,gfs_seamless,2.0
2026-07-02,2026-07-06,Amuria,gfs_seamless,3.8
2026-07-02,2026-07-07,Amuria,gfs_seamless,0.2
2026-07-02,2026-07-08,Amuria,gfs_seamless,0.3
2026-07-02,2026-07-03,Amuria,icon_seamless,0.0
2026-07-02,2026-07-04,Amuria,icon_seamless,0.0
2026-07-02,2026-07-05,Amuria,icon_seamless,5.0
2026-07-02,2026-07-06,Amuria,icon_seamless,5.7
2026-07-02,2026-07-07,Amuria,icon_seamless,4.2
2026-07-02,2026-07-08,Amuria,icon_seamless,0.0
2026-07-02,2026-07-03,Amuria,ukmo_seamless,0.2
2026-07-02,2026-07-04,Amuria,ukmo_seamless,0.0
2026-07-02,2026-07-05,Amuria,ukmo_seamless,0.3
2026-07-02,2026-07-06,Amuria,ukmo_seamless,0.3
2026-07-02,2026-07-07,Amuria,ukmo_seamless,0.3
2026-07-02,2026-07-08,Amuria,ukmo_seamless,0.0
2026-07-02,2026-07-03,Amuria,meteofrance_seamless,0.0
2026-07-02,2026-07-04,Amuria,meteofrance_seamless,0.0
2026-07-02,2026-07-05,Amuria,meteofrance_seamless,0.0
2026-07-02,2026-07-03,Amuria,jma_seamless,2.7
2026-07-02,2026-07-04,Amuria,jma_seamless,1.0
2026-07-02,2026-07-05,Amuria,jma_seamless,4.3
2026-07-02,2026-07-06,Amuria,jma_seamless,1.4
2026-07-02,2026-07-07,Amuria,jma_seamless,3.3
2026-07-02,2026-07-08,Amuria,jma_seamless,4.8
2026-07-02,2026-07-03,Amuria,gem_seamless,1.1
2026-07-02,2026-07-04,Amuria,gem_seamless,0.0
2026-07-02,2026-07-05,Amuria,gem_seamless,2.6
2026-07-02,2026-07-06,Amuria,gem_seamless,3.6
2026-07-02,2026-07-07,Amuria,gem_seamless,1.0
2026-07-02,2026-07-08,Amuria,gem_seamless,0.6
2026-07-02,2026-07-03,Amuria,knmi_seamless,0.5
2026-07-02,2026-07-04,Amuria,knmi_seamless,0.9
2026-07-02,2026-07-05,Amuria,knmi_seamless,0.4
2026-07-02,2026-07-06,Amuria,knmi_seamless,10.1
2026-07-02,2026-07-07,Amuria,knmi_seamless,0.6
2026-07-02,2026-07-08,Amuria,knmi_seamless,1.1
2026-07-02,2026-07-03,Kaberamaido,ecmwf_ifs025,0.0
2026-07-02,2026-07-04,Kaberamaido,ecmwf_ifs025,0.0
2026-07-02,2026-07-05,Kaberamaido,ecmwf_ifs025,0.2
2026-07-02,2026-07-06,Kaberamaido,ecmwf_ifs025,1.1
2026-07-02,2026-07-07,Kaberamaido,ecmwf_ifs025,0.6
2026-07-02,2026-07-08,Kaberamaido,ecmwf_ifs025,2.3
2026-07-02,2026-07-03,Kaberamaido,ecmwf_aifs025_single,0.3
2026-07-02,2026-07-04,Kaberamaido,ecmwf_aifs025_single,0.1
2026-07-02,2026-07-05,Kaberamaido,ecmwf_aifs025_single,1.0
2026-07-02,2026-07-06,Kaberamaido,ecmwf_aifs025_single,3.2
2026-07-02,2026-07-07,Kaberamaido,ecmwf_aifs025_single,1.9
2026-07-02,2026-07-08,Kaberamaido,ecmwf_aifs025_single,0.9
2026-07-02,2026-07-03,Kaberamaido,gfs_seamless,0.7
2026-07-02,2026-07-04,Kaberamaido,gfs_seamless,1.0
2026-07-02,2026-07-05,Kaberamaido,gfs_seamless,1.3
2026-07-02,2026-07-06,Kaberamaido,gfs_seamless,0.4
2026-07-02,2026-07-07,Kaberamaido,gfs_seamless,0.2
2026-07-02,2026-07-08,Kaberamaido,gfs_seamless,0.1
2026-07-02,2026-07-03,Kaberamaido,icon_seamless,0.0
2026-07-02,2026-07-04,Kaberamaido,icon_seamless,0.0
2026-07-02,2026-07-05,Kaberamaido,icon_seamless,1.1
2026-07-02,2026-07-06,Kaberamaido,icon_seamless,1.4
2026-07-02,2026-07-07,Kaberamaido,icon_seamless,3.9
2026-07-02,2026-07-08,Kaberamaido,icon_seamless,1.6
2026-07-02,2026-07-03,Kaberamaido,ukmo_seamless,0.3
2026-07-02,2026-07-04,Kaberamaido,ukmo_seamless,0.4
2026-07-02,2026-07-05,Kaberamaido,ukmo_seamless,0.6
2026-07-02,2026-07-06,Kaberamaido,ukmo_seamless,0.3
2026-07-02,2026-07-07,Kaberamaido,ukmo_seamless,0.3
2026-07-02,2026-07-08,Kaberamaido,ukmo_seamless,0.0
2026-07-02,2026-07-03,Kaberamaido,meteofrance_seamless,0.0
2026-07-02,2026-07-04,Kaberamaido,meteofrance_seamless,0.0
2026-07-02,2026-07-05,Kaberamaido,meteofrance_seamless,0.0
2026-07-02,2026-07-03,Kaberamaido,jma_seamless,1.1
2026-07-02,2026-07-04,Kaberamaido,jma_seamless,0.1
2026-07-02,2026-07-05,Kaberamaido,jma_seamless,0.4
2026-07-02,2026-07-06,Kaberamaido,jma_seamless,2.6
2026-07-02,2026-07-07,Kaberamaido,jma_seamless,3.3
2026-07-02,2026-07-08,Kaberamaido,jma_seamless,1.3
2026-07-02,2026-07-03,Kaberamaido,gem_seamless,0.0
2026-07-02,2026-07-04,Kaberamaido,gem_seamless,0.0
2026-07-02,2026-07-05,Kaberamaido,gem_seamless,0.2
2026-07-02,2026-07-06,Kaberamaido,gem_seamless,3.6
2026-07-02,2026-07-07,Kaberamaido,gem_seamless,0.6
2026-07-02,2026-07-08,Kaberamaido,gem_seamless,0.0
2026-07-02,2026-07-03,Kaberamaido,knmi_seamless,0.0
2026-07-02,2026-07-04,Kaberamaido,knmi_seamless,0.0
2026-07-02,2026-07-05,Kaberamaido,knmi_seamless,0.0
2026-07-02,2026-07-06,Kaberamaido,knmi_seamless,3.7
2026-07-02,2026-07-07,Kaberamaido,knmi_seamless,3.3
2026-07-02,2026-07-08,Kaberamaido,knmi_seamless,2.1
2026-07-02,2026-07-03,Kagadi,ecmwf_ifs025,1.9
2026-07-02,2026-07-04,Kagadi,ecmwf_ifs025,1.1
2026-07-02,2026-07-05,Kagadi,ecmwf_ifs025,1.0
2026-07-02,2026-07-06,Kagadi,ecmwf_ifs025,2.9
2026-07-02,2026-07-07,Kagadi,ecmwf_ifs025,1.9
2026-07-02,2026-07-08,Kagadi,ecmwf_ifs025,0.8
2026-07-02,2026-07-03,Kagadi,ecmwf_aifs025_single,1.5
2026-07-02,2026-07-04,Kagadi,ecmwf_aifs025_single,0.2
2026-07-02,2026-07-05,Kagadi,ecmwf_aifs025_single,0.6
2026-07-02,2026-07-06,Kagadi,ecmwf_aifs025_single,1.9
2026-07-02,2026-07-07,Kagadi,ecmwf_aifs025_single,0.7
2026-07-02,2026-07-08,Kagadi,ecmwf_aifs025_single,0.0
2026-07-02,2026-07-03,Kagadi,gfs_seamless,0.2
2026-07-02,2026-07-04,Kagadi,gfs_seamless,0.4
2026-07-02,2026-07-05,Kagadi,gfs_seamless,0.0
2026-07-02,2026-07-06,Kagadi,gfs_seamless,0.1
2026-07-02,2026-07-07,Kagadi,gfs_seamless,0.0
2026-07-02,2026-07-08,Kagadi,gfs_seamless,0.2
2026-07-02,2026-07-03,Kagadi,icon_seamless,0.0
2026-07-02,2026-07-04,Kagadi,icon_seamless,0.6
2026-07-02,2026-07-05,Kagadi,icon_seamless,0.0
2026-07-02,2026-07-06,Kagadi,icon_seamless,0.0
2026-07-02,2026-07-07,Kagadi,icon_seamless,0.0
2026-07-02,2026-07-08,Kagadi,icon_seamless,0.0
2026-07-02,2026-07-03,Kagadi,ukmo_seamless,0.0
2026-07-02,2026-07-04,Kagadi,ukmo_seamless,0.5
2026-07-02,2026-07-05,Kagadi,ukmo_seamless,2.4
2026-07-02,2026-07-06,Kagadi,ukmo_seamless,1.2
2026-07-02,2026-07-07,Kagadi,ukmo_seamless,0.6
2026-07-02,2026-07-08,Kagadi,ukmo_seamless,0.0
2026-07-02,2026-07-03,Kagadi,meteofrance_seamless,0.0
2026-07-02,2026-07-04,Kagadi,meteofrance_seamless,0.0
2026-07-02,2026-07-05,Kagadi,meteofrance_seamless,0.0
2026-07-02,2026-07-03,Kagadi,jma_seamless,7.2
2026-07-02,2026-07-04,Kagadi,jma_seamless,0.1
2026-07-02,2026-07-05,Kagadi,jma_seamless,0.4
2026-07-02,2026-07-06,Kagadi,jma_seamless,0.0
2026-07-02,2026-07-07,Kagadi,jma_seamless,0.0
2026-07-02,2026-07-08,Kagadi,jma_seamless,0.0
2026-07-02,2026-07-03,Kagadi,gem_seamless,0.4
2026-07-02,2026-07-04,Kagadi,gem_seamless,0.0
2026-07-02,2026-07-05,Kagadi,gem_seamless,1.8
2026-07-02,2026-07-06,Kagadi,gem_seamless,0.1
2026-07-02,2026-07-07,Kagadi,gem_seamless,2.4
2026-07-02,2026-07-08,Kagadi,gem_seamless,0.9
2026-07-02,2026-07-03,Kagadi,knmi_seamless,0.2
2026-07-02,2026-07-04,Kagadi,knmi_seamless,0.0
2026-07-02,2026-07-05,Kagadi,knmi_seamless,0.3
2026-07-02,2026-07-06,Kagadi,knmi_seamless,6.3
2026-07-02,2026-07-07,Kagadi,knmi_seamless,2.1
2026-07-02,2026-07-08,Kagadi,knmi_seamless,0.0
2026-07-02,2026-07-03,Dokolo,ecmwf_ifs025,0.1
2026-07-02,2026-07-04,Dokolo,ecmwf_ifs025,0.0
2026-07-02,2026-07-05,Dokolo,ecmwf_ifs025,0.4
2026-07-02,2026-07-06,Dokolo,ecmwf_ifs025,1.7
2026-07-02,2026-07-07,Dokolo,ecmwf_ifs025,0.9
2026-07-02,2026-07-08,Dokolo,ecmwf_ifs025,0.8
2026-07-02,2026-07-03,Dokolo,ecmwf_aifs025_single,0.4
2026-07-02,2026-07-04,Dokolo,ecmwf_aifs025_single,0.1
2026-07-02,2026-07-05,Dokolo,ecmwf_aifs025_single,1.0
2026-07-02,2026-07-06,Dokolo,ecmwf_aifs025_single,3.1
2026-07-02,2026-07-07,Dokolo,ecmwf_aifs025_single,1.8
2026-07-02,2026-07-08,Dokolo,ecmwf_aifs025_single,0.7
2026-07-02,2026-07-03,Dokolo,gfs_seamless,1.3
2026-07-02,2026-07-04,Dokolo,gfs_seamless,0.3
2026-07-02,2026-07-05,Dokolo,gfs_seamless,2.8
2026-07-02,2026-07-06,Dokolo,gfs_seamless,11.2
2026-07-02,2026-07-07,Dokolo,gfs_seamless,0.5
2026-07-02,2026-07-08,Dokolo,gfs_seamless,0.1
2026-07-02,2026-07-03,Dokolo,icon_seamless,0.0
2026-07-02,2026-07-04,Dokolo,icon_seamless,0.0
2026-07-02,2026-07-05,Dokolo,icon_seamless,1.0
2026-07-02,2026-07-06,Dokolo,icon_seamless,1.4
2026-07-02,2026-07-07,Dokolo,icon_seamless,3.3
2026-07-02,2026-07-08,Dokolo,icon_seamless,3.9
2026-07-02,2026-07-03,Dokolo,ukmo_seamless,0.0
2026-07-02,2026-07-04,Dokolo,ukmo_seamless,0.0
2026-07-02,2026-07-05,Dokolo,ukmo_seamless,0.9
2026-07-02,2026-07-06,Dokolo,ukmo_seamless,0.6
2026-07-02,2026-07-07,Dokolo,ukmo_seamless,0.3
2026-07-02,2026-07-08,Dokolo,ukmo_seamless,0.0
2026-07-02,2026-07-03,Dokolo,meteofrance_seamless,0.0
2026-07-02,2026-07-04,Dokolo,meteofrance_seamless,0.0
2026-07-02,2026-07-05,Dokolo,meteofrance_seamless,0.4
2026-07-02,2026-07-03,Dokolo,jma_seamless,1.1
2026-07-02,2026-07-04,Dokolo,jma_seamless,0.0
2026-07-02,2026-07-05,Dokolo,jma_seamless,0.8
2026-07-02,2026-07-06,Dokolo,jma_seamless,2.3
2026-07-02,2026-07-07,Dokolo,jma_seamless,3.0
2026-07-02,2026-07-08,Dokolo,jma_seamless,4.8
2026-07-02,2026-07-03,Dokolo,gem_seamless,0.1
2026-07-02,2026-07-04,Dokolo,gem_seamless,0.0
2026-07-02,2026-07-05,Dokolo,gem_seamless,1.1
2026-07-02,2026-07-06,Dokolo,gem_seamless,10.9
2026-07-02,2026-07-07,Dokolo,gem_seamless,3.2
2026-07-02,2026-07-08,Dokolo,gem_seamless,0.0
2026-07-02,2026-07-03,Dokolo,knmi_seamless,0.0
2026-07-02,2026-07-04,Dokolo,knmi_seamless,0.5
2026-07-02,2026-07-05,Dokolo,knmi_seamless,0.7
2026-07-02,2026-07-06,Dokolo,knmi_seamless,4.6
2026-07-02,2026-07-07,Dokolo,knmi_seamless,1.4
2026-07-02,2026-07-08,Dokolo,knmi_seamless,0.3
2026-07-02,2026-07-03,Kwania,ecmwf_ifs025,0.0
2026-07-02,2026-07-04,Kwania,ecmwf_ifs025,0.0
2026-07-02,2026-07-05,Kwania,ecmwf_ifs025,0.0
2026-07-02,2026-07-06,Kwania,ecmwf_ifs025,1.6
2026-07-02,2026-07-07,Kwania,ecmwf_ifs025,0.5
2026-07-02,2026-07-08,Kwania,ecmwf_ifs025,1.0
2026-07-02,2026-07-03,Kwania,ecmwf_aifs025_single,0.4
2026-07-02,2026-07-04,Kwania,ecmwf_aifs025_single,0.1
2026-07-02,2026-07-05,Kwania,ecmwf_aifs025_single,0.9
2026-07-02,2026-07-06,Kwania,ecmwf_aifs025_single,2.8
2026-07-02,2026-07-07,Kwania,ecmwf_aifs025_single,1.7
2026-07-02,2026-07-08,Kwania,ecmwf_aifs025_single,0.7
2026-07-02,2026-07-03,Kwania,gfs_seamless,0.7
2026-07-02,2026-07-04,Kwania,gfs_seamless,0.0
2026-07-02,2026-07-05,Kwania,gfs_seamless,2.1
2026-07-02,2026-07-06,Kwania,gfs_seamless,2.4
2026-07-02,2026-07-07,Kwania,gfs_seamless,1.0
2026-07-02,2026-07-08,Kwania,gfs_seamless,0.0
2026-07-02,2026-07-03,Kwania,icon_seamless,0.0
2026-07-02,2026-07-04,Kwania,icon_seamless,0.0
2026-07-02,2026-07-05,Kwania,icon_seamless,1.2
2026-07-02,2026-07-06,Kwania,icon_seamless,1.0
2026-07-02,2026-07-07,Kwania,icon_seamless,2.0
2026-07-02,2026-07-08,Kwania,icon_seamless,4.8
2026-07-02,2026-07-03,Kwania,ukmo_seamless,0.0
2026-07-02,2026-07-04,Kwania,ukmo_seamless,0.1
2026-07-02,2026-07-05,Kwania,ukmo_seamless,2.1
2026-07-02,2026-07-06,Kwania,ukmo_seamless,0.0
2026-07-02,2026-07-07,Kwania,ukmo_seamless,0.3
2026-07-02,2026-07-08,Kwania,ukmo_seamless,0.0
2026-07-02,2026-07-03,Kwania,meteofrance_seamless,0.0
2026-07-02,2026-07-04,Kwania,meteofrance_seamless,0.0
2026-07-02,2026-07-05,Kwania,meteofrance_seamless,1.6
2026-07-02,2026-07-03,Kwania,jma_seamless,1.1
2026-07-02,2026-07-04,Kwania,jma_seamless,0.0
2026-07-02,2026-07-05,Kwania,jma_seamless,0.8
2026-07-02,2026-07-06,Kwania,jma_seamless,2.3
2026-07-02,2026-07-07,Kwania,jma_seamless,3.0
2026-07-02,2026-07-08,Kwania,jma_seamless,4.8
2026-07-02,2026-07-03,Kwania,gem_seamless,0.0
2026-07-02,2026-07-04,Kwania,gem_seamless,0.0
2026-07-02,2026-07-05,Kwania,gem_seamless,1.5
2026-07-02,2026-07-06,Kwania,gem_seamless,10.0
2026-07-02,2026-07-07,Kwania,gem_seamless,4.4
2026-07-02,2026-07-08,Kwania,gem_seamless,0.0
2026-07-02,2026-07-03,Kwania,knmi_seamless,0.0
2026-07-02,2026-07-04,Kwania,knmi_seamless,0.0
2026-07-02,2026-07-05,Kwania,knmi_seamless,0.2
2026-07-02,2026-07-06,Kwania,knmi_seamless,0.3
2026-07-02,2026-07-07,Kwania,knmi_seamless,0.6
2026-07-02,2026-07-08,Kwania,knmi_seamless,2.4
2026-07-02,2026-07-03,Kyenjojo,ecmwf_ifs025,0.2
2026-07-02,2026-07-04,Kyenjojo,ecmwf_ifs025,0.4
2026-07-02,2026-07-05,Kyenjojo,ecmwf_ifs025,0.0
2026-07-02,2026-07-06,Kyenjojo,ecmwf_ifs025,1.3
2026-07-02,2026-07-07,Kyenjojo,ecmwf_ifs025,2.0
2026-07-02,2026-07-08,Kyenjojo,ecmwf_ifs025,0.3
2026-07-02,2026-07-03,Kyenjojo,ecmwf_aifs025_single,1.9
2026-07-02,2026-07-04,Kyenjojo,ecmwf_aifs025_single,0.0
2026-07-02,2026-07-05,Kyenjojo,ecmwf_aifs025_single,0.3
2026-07-02,2026-07-06,Kyenjojo,ecmwf_aifs025_single,1.3
2026-07-02,2026-07-07,Kyenjojo,ecmwf_aifs025_single,0.4
2026-07-02,2026-07-08,Kyenjojo,ecmwf_aifs025_single,0.0
2026-07-02,2026-07-03,Kyenjojo,gfs_seamless,0.0
2026-07-02,2026-07-04,Kyenjojo,gfs_seamless,0.0
2026-07-02,2026-07-05,Kyenjojo,gfs_seamless,0.1
2026-07-02,2026-07-06,Kyenjojo,gfs_seamless,0.0
2026-07-02,2026-07-07,Kyenjojo,gfs_seamless,0.0
2026-07-02,2026-07-08,Kyenjojo,gfs_seamless,0.0
2026-07-02,2026-07-03,Kyenjojo,icon_seamless,0.0
2026-07-02,2026-07-04,Kyenjojo,icon_seamless,0.0
2026-07-02,2026-07-05,Kyenjojo,icon_seamless,0.0
2026-07-02,2026-07-06,Kyenjojo,icon_seamless,0.0
2026-07-02,2026-07-07,Kyenjojo,icon_seamless,0.0
2026-07-02,2026-07-08,Kyenjojo,icon_seamless,0.0
2026-07-02,2026-07-03,Kyenjojo,ukmo_seamless,0.0
2026-07-02,2026-07-04,Kyenjojo,ukmo_seamless,0.3
2026-07-02,2026-07-05,Kyenjojo,ukmo_seamless,3.0
2026-07-02,2026-07-06,Kyenjojo,ukmo_seamless,0.9
2026-07-02,2026-07-07,Kyenjojo,ukmo_seamless,0.0
2026-07-02,2026-07-08,Kyenjojo,ukmo_seamless,0.0
2026-07-02,2026-07-03,Kyenjojo,meteofrance_seamless,0.0
2026-07-02,2026-07-04,Kyenjojo,meteofrance_seamless,0.0
2026-07-02,2026-07-05,Kyenjojo,meteofrance_seamless,0.0
2026-07-02,2026-07-03,Kyenjojo,jma_seamless,0.2
2026-07-02,2026-07-04,Kyenjojo,jma_seamless,0.9
2026-07-02,2026-07-05,Kyenjojo,jma_seamless,2.2
2026-07-02,2026-07-06,Kyenjojo,jma_seamless,1.1
2026-07-02,2026-07-07,Kyenjojo,jma_seamless,0.0
2026-07-02,2026-07-08,Kyenjojo,jma_seamless,0.0
2026-07-02,2026-07-03,Kyenjojo,gem_seamless,1.8
2026-07-02,2026-07-04,Kyenjojo,gem_seamless,0.0
2026-07-02,2026-07-05,Kyenjojo,gem_seamless,0.4
2026-07-02,2026-07-06,Kyenjojo,gem_seamless,0.0
2026-07-02,2026-07-07,Kyenjojo,gem_seamless,3.3
2026-07-02,2026-07-08,Kyenjojo,gem_seamless,0.5
2026-07-02,2026-07-03,Kyenjojo,knmi_seamless,0.0
2026-07-02,2026-07-04,Kyenjojo,knmi_seamless,0.0
2026-07-02,2026-07-05,Kyenjojo,knmi_seamless,0.0
2026-07-02,2026-07-06,Kyenjojo,knmi_seamless,1.2
2026-07-02,2026-07-07,Kyenjojo,knmi_seamless,2.4
2026-07-02,2026-07-08,Kyenjojo,knmi_seamless,0.0
2026-07-03,2026-07-04,Agago,ecmwf_ifs025,3.2
2026-07-03,2026-07-05,Agago,ecmwf_ifs025,2.1
2026-07-03,2026-07-06,Agago,ecmwf_ifs025,1.7
2026-07-03,2026-07-07,Agago,ecmwf_ifs025,0.6
2026-07-03,2026-07-08,Agago,ecmwf_ifs025,0.0
2026-07-03,2026-07-09,Agago,ecmwf_ifs025,2.4
2026-07-03,2026-07-04,Agago,ecmwf_aifs025_single,0.1
2026-07-03,2026-07-05,Agago,ecmwf_aifs025_single,0.8
2026-07-03,2026-07-06,Agago,ecmwf_aifs025_single,1.4
2026-07-03,2026-07-07,Agago,ecmwf_aifs025_single,0.5
2026-07-03,2026-07-08,Agago,ecmwf_aifs025_single,0.2
2026-07-03,2026-07-09,Agago,ecmwf_aifs025_single,1.3
2026-07-03,2026-07-04,Agago,gfs_seamless,0.4
2026-07-03,2026-07-05,Agago,gfs_seamless,0.7
2026-07-03,2026-07-06,Agago,gfs_seamless,0.4
2026-07-03,2026-07-07,Agago,gfs_seamless,0.0
2026-07-03,2026-07-08,Agago,gfs_seamless,0.0
2026-07-03,2026-07-09,Agago,gfs_seamless,1.2
2026-07-03,2026-07-04,Agago,icon_seamless,0.0
2026-07-03,2026-07-05,Agago,icon_seamless,0.5
2026-07-03,2026-07-06,Agago,icon_seamless,0.2
2026-07-03,2026-07-07,Agago,icon_seamless,0.0
2026-07-03,2026-07-08,Agago,icon_seamless,0.0
2026-07-03,2026-07-09,Agago,icon_seamless,0.3
2026-07-03,2026-07-04,Agago,ukmo_seamless,0.0
2026-07-03,2026-07-05,Agago,ukmo_seamless,0.8
2026-07-03,2026-07-06,Agago,ukmo_seamless,0.0
2026-07-03,2026-07-07,Agago,ukmo_seamless,0.0
2026-07-03,2026-07-08,Agago,ukmo_seamless,0.3
2026-07-03,2026-07-09,Agago,ukmo_seamless,0.0
2026-07-03,2026-07-04,Agago,meteofrance_seamless,0.1
2026-07-03,2026-07-05,Agago,meteofrance_seamless,2.9
2026-07-03,2026-07-06,Agago,meteofrance_seamless,0.3
2026-07-03,2026-07-04,Agago,jma_seamless,2.2
2026-07-03,2026-07-05,Agago,jma_seamless,0.8
2026-07-03,2026-07-06,Agago,jma_seamless,1.6
2026-07-03,2026-07-07,Agago,jma_seamless,3.5
2026-07-03,2026-07-08,Agago,jma_seamless,1.5
2026-07-03,2026-07-09,Agago,jma_seamless,8.7
2026-07-03,2026-07-04,Agago,gem_seamless,0.0
2026-07-03,2026-07-05,Agago,gem_seamless,2.3
2026-07-03,2026-07-06,Agago,gem_seamless,2.3
2026-07-03,2026-07-07,Agago,gem_seamless,3.0
2026-07-03,2026-07-08,Agago,gem_seamless,0.0
2026-07-03,2026-07-09,Agago,gem_seamless,0.6
2026-07-03,2026-07-04,Agago,knmi_seamless,0.9
2026-07-03,2026-07-05,Agago,knmi_seamless,2.6
2026-07-03,2026-07-06,Agago,knmi_seamless,0.7
2026-07-03,2026-07-07,Agago,knmi_seamless,0.4
2026-07-03,2026-07-08,Agago,knmi_seamless,0.0
2026-07-03,2026-07-09,Agago,knmi_seamless,0.6
2026-07-03,2026-07-04,Otuke,ecmwf_ifs025,4.0
2026-07-03,2026-07-05,Otuke,ecmwf_ifs025,1.9
2026-07-03,2026-07-06,Otuke,ecmwf_ifs025,2.1
2026-07-03,2026-07-07,Otuke,ecmwf_ifs025,0.2
2026-07-03,2026-07-08,Otuke,ecmwf_ifs025,1.0
2026-07-03,2026-07-09,Otuke,ecmwf_ifs025,1.2
2026-07-03,2026-07-04,Otuke,ecmwf_aifs025_single,0.1
2026-07-03,2026-07-05,Otuke,ecmwf_aifs025_single,0.5
2026-07-03,2026-07-06,Otuke,ecmwf_aifs025_single,1.5
2026-07-03,2026-07-07,Otuke,ecmwf_aifs025_single,0.6
2026-07-03,2026-07-08,Otuke,ecmwf_aifs025_single,0.3
2026-07-03,2026-07-09,Otuke,ecmwf_aifs025_single,1.3
2026-07-03,2026-07-04,Otuke,gfs_seamless,0.8
2026-07-03,2026-07-05,Otuke,gfs_seamless,3.5
2026-07-03,2026-07-06,Otuke,gfs_seamless,0.7
2026-07-03,2026-07-07,Otuke,gfs_seamless,0.9
2026-07-03,2026-07-08,Otuke,gfs_seamless,0.0
2026-07-03,2026-07-09,Otuke,gfs_seamless,0.6
2026-07-03,2026-07-04,Otuke,icon_seamless,0.1
2026-07-03,2026-07-05,Otuke,icon_seamless,0.5
2026-07-03,2026-07-06,Otuke,icon_seamless,0.8
2026-07-03,2026-07-07,Otuke,icon_seamless,0.1
2026-07-03,2026-07-08,Otuke,icon_seamless,0.2
2026-07-03,2026-07-09,Otuke,icon_seamless,0.4
2026-07-03,2026-07-04,Otuke,ukmo_seamless,0.1
2026-07-03,2026-07-05,Otuke,ukmo_seamless,0.4
2026-07-03,2026-07-06,Otuke,ukmo_seamless,0.3
2026-07-03,2026-07-07,Otuke,ukmo_seamless,0.0
2026-07-03,2026-07-08,Otuke,ukmo_seamless,0.6
2026-07-03,2026-07-09,Otuke,ukmo_seamless,0.0
2026-07-03,2026-07-04,Otuke,meteofrance_seamless,0.0
2026-07-03,2026-07-05,Otuke,meteofrance_seamless,3.3
2026-07-03,2026-07-06,Otuke,meteofrance_seamless,1.0
2026-07-03,2026-07-04,Otuke,jma_seamless,1.4
2026-07-03,2026-07-05,Otuke,jma_seamless,0.4
2026-07-03,2026-07-06,Otuke,jma_seamless,17.2
2026-07-03,2026-07-07,Otuke,jma_seamless,10.4
2026-07-03,2026-07-08,Otuke,jma_seamless,0.8
2026-07-03,2026-07-09,Otuke,jma_seamless,1.3
2026-07-03,2026-07-04,Otuke,gem_seamless,0.0
2026-07-03,2026-07-05,Otuke,gem_seamless,2.5
2026-07-03,2026-07-06,Otuke,gem_seamless,0.8
2026-07-03,2026-07-07,Otuke,gem_seamless,2.0
2026-07-03,2026-07-08,Otuke,gem_seamless,0.1
2026-07-03,2026-07-09,Otuke,gem_seamless,0.2
2026-07-03,2026-07-04,Otuke,knmi_seamless,3.7
2026-07-03,2026-07-05,Otuke,knmi_seamless,2.8
2026-07-03,2026-07-06,Otuke,knmi_seamless,1.9
2026-07-03,2026-07-07,Otuke,knmi_seamless,0.1
2026-07-03,2026-07-08,Otuke,knmi_seamless,0.6
2026-07-03,2026-07-09,Otuke,knmi_seamless,1.2
2026-07-03,2026-07-04,Kitgum,ecmwf_ifs025,1.3
2026-07-03,2026-07-05,Kitgum,ecmwf_ifs025,4.3
2026-07-03,2026-07-06,Kitgum,ecmwf_ifs025,2.1
2026-07-03,2026-07-07,Kitgum,ecmwf_ifs025,0.3
2026-07-03,2026-07-08,Kitgum,ecmwf_ifs025,0.2
2026-07-03,2026-07-09,Kitgum,ecmwf_ifs025,3.1
2026-07-03,2026-07-04,Kitgum,ecmwf_aifs025_single,0.2
2026-07-03,2026-07-05,Kitgum,ecmwf_aifs025_single,1.3
2026-07-03,2026-07-06,Kitgum,ecmwf_aifs025_single,1.4
2026-07-03,2026-07-07,Kitgum,ecmwf_aifs025_single,0.7
2026-07-03,2026-07-08,Kitgum,ecmwf_aifs025_single,0.2
2026-07-03,2026-07-09,Kitgum,ecmwf_aifs025_single,0.8
2026-07-03,2026-07-04,Kitgum,gfs_seamless,1.8
2026-07-03,2026-07-05,Kitgum,gfs_seamless,2.9
2026-07-03,2026-07-06,Kitgum,gfs_seamless,0.9
2026-07-03,2026-07-07,Kitgum,gfs_seamless,0.3
2026-07-03,2026-07-08,Kitgum,gfs_seamless,0.9
2026-07-03,2026-07-09,Kitgum,gfs_seamless,0.3
2026-07-03,2026-07-04,Kitgum,icon_seamless,0.3
2026-07-03,2026-07-05,Kitgum,icon_seamless,0.0
2026-07-03,2026-07-06,Kitgum,icon_seamless,0.2
2026-07-03,2026-07-07,Kitgum,icon_seamless,0.0
2026-07-03,2026-07-08,Kitgum,icon_seamless,0.2
2026-07-03,2026-07-09,Kitgum,icon_seamless,1.0
2026-07-03,2026-07-04,Kitgum,ukmo_seamless,0.0
2026-07-03,2026-07-05,Kitgum,ukmo_seamless,1.5
2026-07-03,2026-07-06,Kitgum,ukmo_seamless,0.0
2026-07-03,2026-07-07,Kitgum,ukmo_seamless,0.0
2026-07-03,2026-07-08,Kitgum,ukmo_seamless,0.0
2026-07-03,2026-07-09,Kitgum,ukmo_seamless,0.0
2026-07-03,2026-07-04,Kitgum,meteofrance_seamless,0.0
2026-07-03,2026-07-05,Kitgum,meteofrance_seamless,2.6
2026-07-03,2026-07-06,Kitgum,meteofrance_seamless,2.4
2026-07-03,2026-07-04,Kitgum,jma_seamless,0.5
2026-07-03,2026-07-05,Kitgum,jma_seamless,0.0
2026-07-03,2026-07-06,Kitgum,jma_seamless,2.5
2026-07-03,2026-07-07,Kitgum,jma_seamless,1.8
2026-07-03,2026-07-08,Kitgum,jma_seamless,0.8
2026-07-03,2026-07-09,Kitgum,jma_seamless,2.5
2026-07-03,2026-07-04,Kitgum,gem_seamless,0.1
2026-07-03,2026-07-05,Kitgum,gem_seamless,12.0
2026-07-03,2026-07-06,Kitgum,gem_seamless,1.2
2026-07-03,2026-07-07,Kitgum,gem_seamless,2.1
2026-07-03,2026-07-08,Kitgum,gem_seamless,0.0
2026-07-03,2026-07-09,Kitgum,gem_seamless,2.4
2026-07-03,2026-07-04,Kitgum,knmi_seamless,0.8
2026-07-03,2026-07-05,Kitgum,knmi_seamless,1.6
2026-07-03,2026-07-06,Kitgum,knmi_seamless,1.7
2026-07-03,2026-07-07,Kitgum,knmi_seamless,0.1
2026-07-03,2026-07-08,Kitgum,knmi_seamless,0.0
2026-07-03,2026-07-09,Kitgum,knmi_seamless,2.7
2026-07-03,2026-07-04,Pader,ecmwf_ifs025,1.8
2026-07-03,2026-07-05,Pader,ecmwf_ifs025,2.1
2026-07-03,2026-07-06,Pader,ecmwf_ifs025,3.6
2026-07-03,2026-07-07,Pader,ecmwf_ifs025,0.5
2026-07-03,2026-07-08,Pader,ecmwf_ifs025,0.9
2026-07-03,2026-07-09,Pader,ecmwf_ifs025,6.1
2026-07-03,2026-07-04,Pader,ecmwf_aifs025_single,0.1
2026-07-03,2026-07-05,Pader,ecmwf_aifs025_single,0.9
2026-07-03,2026-07-06,Pader,ecmwf_aifs025_single,1.6
2026-07-03,2026-07-07,Pader,ecmwf_aifs025_single,0.8
2026-07-03,2026-07-08,Pader,ecmwf_aifs025_single,0.3
2026-07-03,2026-07-09,Pader,ecmwf_aifs025_single,1.2
2026-07-03,2026-07-04,Pader,gfs_seamless,1.2
2026-07-03,2026-07-05,Pader,gfs_seamless,2.3
2026-07-03,2026-07-06,Pader,gfs_seamless,1.1
2026-07-03,2026-07-07,Pader,gfs_seamless,2.4
2026-07-03,2026-07-08,Pader,gfs_seamless,0.6
2026-07-03,2026-07-09,Pader,gfs_seamless,0.6
2026-07-03,2026-07-04,Pader,icon_seamless,0.4
2026-07-03,2026-07-05,Pader,icon_seamless,0.8
2026-07-03,2026-07-06,Pader,icon_seamless,0.3
2026-07-03,2026-07-07,Pader,icon_seamless,0.0
2026-07-03,2026-07-08,Pader,icon_seamless,0.0
2026-07-03,2026-07-09,Pader,icon_seamless,1.5
2026-07-03,2026-07-04,Pader,ukmo_seamless,0.1
2026-07-03,2026-07-05,Pader,ukmo_seamless,0.5
2026-07-03,2026-07-06,Pader,ukmo_seamless,0.0
2026-07-03,2026-07-07,Pader,ukmo_seamless,0.6
2026-07-03,2026-07-08,Pader,ukmo_seamless,0.6
2026-07-03,2026-07-09,Pader,ukmo_seamless,1.2
2026-07-03,2026-07-04,Pader,meteofrance_seamless,0.0
2026-07-03,2026-07-05,Pader,meteofrance_seamless,0.2
2026-07-03,2026-07-06,Pader,meteofrance_seamless,0.4
2026-07-03,2026-07-04,Pader,jma_seamless,2.0
2026-07-03,2026-07-05,Pader,jma_seamless,1.5
2026-07-03,2026-07-06,Pader,jma_seamless,9.3
2026-07-03,2026-07-07,Pader,jma_seamless,2.3
2026-07-03,2026-07-08,Pader,jma_seamless,1.6
2026-07-03,2026-07-09,Pader,jma_seamless,0.0
2026-07-03,2026-07-04,Pader,gem_seamless,0.0
2026-07-03,2026-07-05,Pader,gem_seamless,4.2
2026-07-03,2026-07-06,Pader,gem_seamless,3.8
2026-07-03,2026-07-07,Pader,gem_seamless,2.0
2026-07-03,2026-07-08,Pader,gem_seamless,0.4
2026-07-03,2026-07-09,Pader,gem_seamless,0.2
2026-07-03,2026-07-04,Pader,knmi_seamless,2.2
2026-07-03,2026-07-05,Pader,knmi_seamless,0.8
2026-07-03,2026-07-06,Pader,knmi_seamless,2.8
2026-07-03,2026-07-07,Pader,knmi_seamless,0.8
2026-07-03,2026-07-08,Pader,knmi_seamless,0.9
2026-07-03,2026-07-09,Pader,knmi_seamless,5.7
2026-07-03,2026-07-04,Alebtong,ecmwf_ifs025,0.3
2026-07-03,2026-07-05,Alebtong,ecmwf_ifs025,0.4
2026-07-03,2026-07-06,Alebtong,ecmwf_ifs025,4.4
2026-07-03,2026-07-07,Alebtong,ecmwf_ifs025,0.9
2026-07-03,2026-07-08,Alebtong,ecmwf_ifs025,0.2
2026-07-03,2026-07-09,Alebtong,ecmwf_ifs025,1.4
2026-07-03,2026-07-04,Alebtong,ecmwf_aifs025_single,0.0
2026-07-03,2026-07-05,Alebtong,ecmwf_aifs025_single,0.5
2026-07-03,2026-07-06,Alebtong,ecmwf_aifs025_single,1.8
2026-07-03,2026-07-07,Alebtong,ecmwf_aifs025_single,1.1
2026-07-03,2026-07-08,Alebtong,ecmwf_aifs025_single,0.4
2026-07-03,2026-07-09,Alebtong,ecmwf_aifs025_single,1.3
2026-07-03,2026-07-04,Alebtong,gfs_seamless,2.1
2026-07-03,2026-07-05,Alebtong,gfs_seamless,1.4
2026-07-03,2026-07-06,Alebtong,gfs_seamless,0.6
2026-07-03,2026-07-07,Alebtong,gfs_seamless,3.8
2026-07-03,2026-07-08,Alebtong,gfs_seamless,0.6
2026-07-03,2026-07-09,Alebtong,gfs_seamless,0.0
2026-07-03,2026-07-04,Alebtong,icon_seamless,0.0
2026-07-03,2026-07-05,Alebtong,icon_seamless,4.4
2026-07-03,2026-07-06,Alebtong,icon_seamless,15.6
2026-07-03,2026-07-07,Alebtong,icon_seamless,0.9
2026-07-03,2026-07-08,Alebtong,icon_seamless,0.0
2026-07-03,2026-07-09,Alebtong,icon_seamless,4.2
2026-07-03,2026-07-04,Alebtong,ukmo_seamless,0.0
2026-07-03,2026-07-05,Alebtong,ukmo_seamless,0.2
2026-07-03,2026-07-06,Alebtong,ukmo_seamless,0.0
2026-07-03,2026-07-07,Alebtong,ukmo_seamless,0.6
2026-07-03,2026-07-08,Alebtong,ukmo_seamless,0.3
2026-07-03,2026-07-09,Alebtong,ukmo_seamless,0.0
2026-07-03,2026-07-04,Alebtong,meteofrance_seamless,0.1
2026-07-03,2026-07-05,Alebtong,meteofrance_seamless,0.7
2026-07-03,2026-07-06,Alebtong,meteofrance_seamless,0.2
2026-07-03,2026-07-04,Alebtong,jma_seamless,1.8
2026-07-03,2026-07-05,Alebtong,jma_seamless,3.1
2026-07-03,2026-07-06,Alebtong,jma_seamless,2.3
2026-07-03,2026-07-07,Alebtong,jma_seamless,7.8
2026-07-03,2026-07-08,Alebtong,jma_seamless,2.9
2026-07-03,2026-07-09,Alebtong,jma_seamless,0.0
2026-07-03,2026-07-04,Alebtong,gem_seamless,0.0
2026-07-03,2026-07-05,Alebtong,gem_seamless,5.0
2026-07-03,2026-07-06,Alebtong,gem_seamless,1.9
2026-07-03,2026-07-07,Alebtong,gem_seamless,2.9
2026-07-03,2026-07-08,Alebtong,gem_seamless,0.3
2026-07-03,2026-07-09,Alebtong,gem_seamless,0.4
2026-07-03,2026-07-04,Alebtong,knmi_seamless,0.6
2026-07-03,2026-07-05,Alebtong,knmi_seamless,1.1
2026-07-03,2026-07-06,Alebtong,knmi_seamless,2.0
2026-07-03,2026-07-07,Alebtong,knmi_seamless,0.3
2026-07-03,2026-07-08,Alebtong,knmi_seamless,0.3
2026-07-03,2026-07-09,Alebtong,knmi_seamless,2.4
2026-07-03,2026-07-04,Lira,ecmwf_ifs025,0.3
2026-07-03,2026-07-05,Lira,ecmwf_ifs025,0.2
2026-07-03,2026-07-06,Lira,ecmwf_ifs025,0.8
2026-07-03,2026-07-07,Lira,ecmwf_ifs025,0.7
2026-07-03,2026-07-08,Lira,ecmwf_ifs025,0.6
2026-07-03,2026-07-09,Lira,ecmwf_ifs025,2.3
2026-07-03,2026-07-04,Lira,ecmwf_aifs025_single,0.0
2026-07-03,2026-07-05,Lira,ecmwf_aifs025_single,0.6
2026-07-03,2026-07-06,Lira,ecmwf_aifs025_single,1.8
2026-07-03,2026-07-07,Lira,ecmwf_aifs025_single,1.3
2026-07-03,2026-07-08,Lira,ecmwf_aifs025_single,0.6
2026-07-03,2026-07-09,Lira,ecmwf_aifs025_single,1.4
2026-07-03,2026-07-04,Lira,gfs_seamless,0.9
2026-07-03,2026-07-05,Lira,gfs_seamless,3.0
2026-07-03,2026-07-06,Lira,gfs_seamless,2.7
2026-07-03,2026-07-07,Lira,gfs_seamless,1.4
2026-07-03,2026-07-08,Lira,gfs_seamless,0.5
2026-07-03,2026-07-09,Lira,gfs_seamless,0.5
2026-07-03,2026-07-04,Lira,icon_seamless,0.0
2026-07-03,2026-07-05,Lira,icon_seamless,1.7
2026-07-03,2026-07-06,Lira,icon_seamless,7.5
2026-07-03,2026-07-07,Lira,icon_seamless,2.1
2026-07-03,2026-07-08,Lira,icon_seamless,0.0
2026-07-03,2026-07-09,Lira,icon_seamless,0.9
2026-07-03,2026-07-04,Lira,ukmo_seamless,0.0
2026-07-03,2026-07-05,Lira,ukmo_seamless,0.5
2026-07-03,2026-07-06,Lira,ukmo_seamless,0.0
2026-07-03,2026-07-07,Lira,ukmo_seamless,0.6
2026-07-03,2026-07-08,Lira,ukmo_seamless,0.0
2026-07-03,2026-07-09,Lira,ukmo_seamless,0.0
2026-07-03,2026-07-04,Lira,meteofrance_seamless,0.0
2026-07-03,2026-07-05,Lira,meteofrance_seamless,2.3
2026-07-03,2026-07-06,Lira,meteofrance_seamless,0.7
2026-07-03,2026-07-04,Lira,jma_seamless,1.8
2026-07-03,2026-07-05,Lira,jma_seamless,3.1
2026-07-03,2026-07-06,Lira,jma_seamless,2.3
2026-07-03,2026-07-07,Lira,jma_seamless,7.8
2026-07-03,2026-07-08,Lira,jma_seamless,2.9
2026-07-03,2026-07-09,Lira,jma_seamless,0.0
2026-07-03,2026-07-04,Lira,gem_seamless,0.0
2026-07-03,2026-07-05,Lira,gem_seamless,3.0
2026-07-03,2026-07-06,Lira,gem_seamless,2.9
2026-07-03,2026-07-07,Lira,gem_seamless,3.3
2026-07-03,2026-07-08,Lira,gem_seamless,0.2
2026-07-03,2026-07-09,Lira,gem_seamless,0.7
2026-07-03,2026-07-04,Lira,knmi_seamless,0.3
2026-07-03,2026-07-05,Lira,knmi_seamless,0.1
2026-07-03,2026-07-06,Lira,knmi_seamless,1.6
2026-07-03,2026-07-07,Lira,knmi_seamless,1.2
2026-07-03,2026-07-08,Lira,knmi_seamless,0.9
2026-07-03,2026-07-09,Lira,knmi_seamless,2.7
2026-07-03,2026-07-04,Kole,ecmwf_ifs025,0.2
2026-07-03,2026-07-05,Kole,ecmwf_ifs025,0.4
2026-07-03,2026-07-06,Kole,ecmwf_ifs025,1.3
2026-07-03,2026-07-07,Kole,ecmwf_ifs025,2.1
2026-07-03,2026-07-08,Kole,ecmwf_ifs025,0.6
2026-07-03,2026-07-09,Kole,ecmwf_ifs025,1.9
2026-07-03,2026-07-04,Kole,ecmwf_aifs025_single,0.0
2026-07-03,2026-07-05,Kole,ecmwf_aifs025_single,0.5
2026-07-03,2026-07-06,Kole,ecmwf_aifs025_single,2.0
2026-07-03,2026-07-07,Kole,ecmwf_aifs025_single,2.1
2026-07-03,2026-07-08,Kole,ecmwf_aifs025_single,0.7
2026-07-03,2026-07-09,Kole,ecmwf_aifs025_single,0.8
2026-07-03,2026-07-04,Kole,gfs_seamless,1.6
2026-07-03,2026-07-05,Kole,gfs_seamless,2.8
2026-07-03,2026-07-06,Kole,gfs_seamless,3.9
2026-07-03,2026-07-07,Kole,gfs_seamless,2.4
2026-07-03,2026-07-08,Kole,gfs_seamless,0.2
2026-07-03,2026-07-09,Kole,gfs_seamless,0.6
2026-07-03,2026-07-04,Kole,icon_seamless,0.0
2026-07-03,2026-07-05,Kole,icon_seamless,2.1
2026-07-03,2026-07-06,Kole,icon_seamless,3.2
2026-07-03,2026-07-07,Kole,icon_seamless,1.7
2026-07-03,2026-07-08,Kole,icon_seamless,0.0
2026-07-03,2026-07-09,Kole,icon_seamless,0.0
2026-07-03,2026-07-04,Kole,ukmo_seamless,0.0
2026-07-03,2026-07-05,Kole,ukmo_seamless,0.9
2026-07-03,2026-07-06,Kole,ukmo_seamless,0.0
2026-07-03,2026-07-07,Kole,ukmo_seamless,0.3
2026-07-03,2026-07-08,Kole,ukmo_seamless,0.0
2026-07-03,2026-07-09,Kole,ukmo_seamless,0.0
2026-07-03,2026-07-04,Kole,meteofrance_seamless,0.0
2026-07-03,2026-07-05,Kole,meteofrance_seamless,0.0
2026-07-03,2026-07-06,Kole,meteofrance_seamless,0.0
2026-07-03,2026-07-04,Kole,jma_seamless,0.0
2026-07-03,2026-07-05,Kole,jma_seamless,1.7
2026-07-03,2026-07-06,Kole,jma_seamless,6.1
2026-07-03,2026-07-07,Kole,jma_seamless,1.1
2026-07-03,2026-07-08,Kole,jma_seamless,1.8
2026-07-03,2026-07-09,Kole,jma_seamless,0.0
2026-07-03,2026-07-04,Kole,gem_seamless,0.0
2026-07-03,2026-07-05,Kole,gem_seamless,2.5
2026-07-03,2026-07-06,Kole,gem_seamless,3.3
2026-07-03,2026-07-07,Kole,gem_seamless,3.0
2026-07-03,2026-07-08,Kole,gem_seamless,0.2
2026-07-03,2026-07-09,Kole,gem_seamless,1.8
2026-07-03,2026-07-04,Kole,knmi_seamless,0.3
2026-07-03,2026-07-05,Kole,knmi_seamless,0.4
2026-07-03,2026-07-06,Kole,knmi_seamless,1.4
2026-07-03,2026-07-07,Kole,knmi_seamless,1.8
2026-07-03,2026-07-08,Kole,knmi_seamless,0.9
2026-07-03,2026-07-09,Kole,knmi_seamless,2.7
2026-07-03,2026-07-04,Oyam,ecmwf_ifs025,0.9
2026-07-03,2026-07-05,Oyam,ecmwf_ifs025,1.2
2026-07-03,2026-07-06,Oyam,ecmwf_ifs025,3.2
2026-07-03,2026-07-07,Oyam,ecmwf_ifs025,2.4
2026-07-03,2026-07-08,Oyam,ecmwf_ifs025,0.5
2026-07-03,2026-07-09,Oyam,ecmwf_ifs025,1.5
2026-07-03,2026-07-04,Oyam,ecmwf_aifs025_single,0.0
2026-07-03,2026-07-05,Oyam,ecmwf_aifs025_single,0.6
2026-07-03,2026-07-06,Oyam,ecmwf_aifs025_single,2.2
2026-07-03,2026-07-07,Oyam,ecmwf_aifs025_single,2.4
2026-07-03,2026-07-08,Oyam,ecmwf_aifs025_single,0.7
2026-07-03,2026-07-09,Oyam,ecmwf_aifs025_single,0.9
2026-07-03,2026-07-04,Oyam,gfs_seamless,2.6
2026-07-03,2026-07-05,Oyam,gfs_seamless,3.3
2026-07-03,2026-07-06,Oyam,gfs_seamless,5.0
2026-07-03,2026-07-07,Oyam,gfs_seamless,4.8
2026-07-03,2026-07-08,Oyam,gfs_seamless,0.4
2026-07-03,2026-07-09,Oyam,gfs_seamless,0.3
2026-07-03,2026-07-04,Oyam,icon_seamless,0.0
2026-07-03,2026-07-05,Oyam,icon_seamless,0.2
2026-07-03,2026-07-06,Oyam,icon_seamless,2.9
2026-07-03,2026-07-07,Oyam,icon_seamless,4.3
2026-07-03,2026-07-08,Oyam,icon_seamless,0.6
2026-07-03,2026-07-09,Oyam,icon_seamless,0.0
2026-07-03,2026-07-04,Oyam,ukmo_seamless,0.0
2026-07-03,2026-07-05,Oyam,ukmo_seamless,1.5
2026-07-03,2026-07-06,Oyam,ukmo_seamless,0.3
2026-07-03,2026-07-07,Oyam,ukmo_seamless,0.3
2026-07-03,2026-07-08,Oyam,ukmo_seamless,0.3
2026-07-03,2026-07-09,Oyam,ukmo_seamless,0.0
2026-07-03,2026-07-04,Oyam,meteofrance_seamless,0.0
2026-07-03,2026-07-05,Oyam,meteofrance_seamless,1.3
2026-07-03,2026-07-06,Oyam,meteofrance_seamless,0.9
2026-07-03,2026-07-04,Oyam,jma_seamless,0.0
2026-07-03,2026-07-05,Oyam,jma_seamless,1.7
2026-07-03,2026-07-06,Oyam,jma_seamless,6.1
2026-07-03,2026-07-07,Oyam,jma_seamless,1.1
2026-07-03,2026-07-08,Oyam,jma_seamless,1.8
2026-07-03,2026-07-09,Oyam,jma_seamless,0.0
2026-07-03,2026-07-04,Oyam,gem_seamless,0.0
2026-07-03,2026-07-05,Oyam,gem_seamless,1.7
2026-07-03,2026-07-06,Oyam,gem_seamless,3.2
2026-07-03,2026-07-07,Oyam,gem_seamless,3.1
2026-07-03,2026-07-08,Oyam,gem_seamless,0.0
2026-07-03,2026-07-09,Oyam,gem_seamless,3.0
2026-07-03,2026-07-04,Oyam,knmi_seamless,1.7
2026-07-03,2026-07-05,Oyam,knmi_seamless,1.6
2026-07-03,2026-07-06,Oyam,knmi_seamless,4.8
2026-07-03,2026-07-07,Oyam,knmi_seamless,2.3
2026-07-03,2026-07-08,Oyam,knmi_seamless,0.6
2026-07-03,2026-07-09,Oyam,knmi_seamless,0.0
2026-07-03,2026-07-04,Apac,ecmwf_ifs025,0.2
2026-07-03,2026-07-05,Apac,ecmwf_ifs025,0.9
2026-07-03,2026-07-06,Apac,ecmwf_ifs025,1.2
2026-07-03,2026-07-07,Apac,ecmwf_ifs025,1.9
2026-07-03,2026-07-08,Apac,ecmwf_ifs025,0.5
2026-07-03,2026-07-09,Apac,ecmwf_ifs025,0.4
2026-07-03,2026-07-04,Apac,ecmwf_aifs025_single,0.0
2026-07-03,2026-07-05,Apac,ecmwf_aifs025_single,0.3
2026-07-03,2026-07-06,Apac,ecmwf_aifs025_single,1.8
2026-07-03,2026-07-07,Apac,ecmwf_aifs025_single,2.3
2026-07-03,2026-07-08,Apac,ecmwf_aifs025_single,0.6
2026-07-03,2026-07-09,Apac,ecmwf_aifs025_single,0.7
2026-07-03,2026-07-04,Apac,gfs_seamless,2.2
2026-07-03,2026-07-05,Apac,gfs_seamless,1.0
2026-07-03,2026-07-06,Apac,gfs_seamless,5.5
2026-07-03,2026-07-07,Apac,gfs_seamless,2.8
2026-07-03,2026-07-08,Apac,gfs_seamless,2.5
2026-07-03,2026-07-09,Apac,gfs_seamless,0.0
2026-07-03,2026-07-04,Apac,icon_seamless,0.0
2026-07-03,2026-07-05,Apac,icon_seamless,0.1
2026-07-03,2026-07-06,Apac,icon_seamless,2.0
2026-07-03,2026-07-07,Apac,icon_seamless,3.6
2026-07-03,2026-07-08,Apac,icon_seamless,0.3
2026-07-03,2026-07-09,Apac,icon_seamless,0.0
2026-07-03,2026-07-04,Apac,ukmo_seamless,0.0
2026-07-03,2026-07-05,Apac,ukmo_seamless,0.6
2026-07-03,2026-07-06,Apac,ukmo_seamless,0.9
2026-07-03,2026-07-07,Apac,ukmo_seamless,0.0
2026-07-03,2026-07-08,Apac,ukmo_seamless,0.0
2026-07-03,2026-07-09,Apac,ukmo_seamless,0.0
2026-07-03,2026-07-04,Apac,meteofrance_seamless,0.0
2026-07-03,2026-07-05,Apac,meteofrance_seamless,0.4
2026-07-03,2026-07-06,Apac,meteofrance_seamless,0.0
2026-07-03,2026-07-04,Apac,jma_seamless,0.0
2026-07-03,2026-07-05,Apac,jma_seamless,0.0
2026-07-03,2026-07-06,Apac,jma_seamless,1.6
2026-07-03,2026-07-07,Apac,jma_seamless,1.3
2026-07-03,2026-07-08,Apac,jma_seamless,1.1
2026-07-03,2026-07-09,Apac,jma_seamless,0.0
2026-07-03,2026-07-04,Apac,gem_seamless,0.0
2026-07-03,2026-07-05,Apac,gem_seamless,1.5
2026-07-03,2026-07-06,Apac,gem_seamless,3.6
2026-07-03,2026-07-07,Apac,gem_seamless,0.6
2026-07-03,2026-07-08,Apac,gem_seamless,0.1
2026-07-03,2026-07-09,Apac,gem_seamless,1.4
2026-07-03,2026-07-04,Apac,knmi_seamless,0.1
2026-07-03,2026-07-05,Apac,knmi_seamless,0.5
2026-07-03,2026-07-06,Apac,knmi_seamless,1.6
2026-07-03,2026-07-07,Apac,knmi_seamless,3.0
2026-07-03,2026-07-08,Apac,knmi_seamless,0.3
2026-07-03,2026-07-09,Apac,knmi_seamless,0.0
2026-07-03,2026-07-04,Gulu,ecmwf_ifs025,0.9
2026-07-03,2026-07-05,Gulu,ecmwf_ifs025,0.7
2026-07-03,2026-07-06,Gulu,ecmwf_ifs025,1.3
2026-07-03,2026-07-07,Gulu,ecmwf_ifs025,0.7
2026-07-03,2026-07-08,Gulu,ecmwf_ifs025,1.9
2026-07-03,2026-07-09,Gulu,ecmwf_ifs025,2.7
2026-07-03,2026-07-04,Gulu,ecmwf_aifs025_single,0.1
2026-07-03,2026-07-05,Gulu,ecmwf_aifs025_single,0.8
2026-07-03,2026-07-06,Gulu,ecmwf_aifs025_single,2.0
2026-07-03,2026-07-07,Gulu,ecmwf_aifs025_single,1.6
2026-07-03,2026-07-08,Gulu,ecmwf_aifs025_single,0.7
2026-07-03,2026-07-09,Gulu,ecmwf_aifs025_single,1.0
2026-07-03,2026-07-04,Gulu,gfs_seamless,2.7
2026-07-03,2026-07-05,Gulu,gfs_seamless,5.8
2026-07-03,2026-07-06,Gulu,gfs_seamless,4.5
2026-07-03,2026-07-07,Gulu,gfs_seamless,8.4
2026-07-03,2026-07-08,Gulu,gfs_seamless,0.5
2026-07-03,2026-07-09,Gulu,gfs_seamless,0.0
2026-07-03,2026-07-04,Gulu,icon_seamless,0.0
2026-07-03,2026-07-05,Gulu,icon_seamless,0.0
2026-07-03,2026-07-06,Gulu,icon_seamless,11.8
2026-07-03,2026-07-07,Gulu,icon_seamless,0.0
2026-07-03,2026-07-08,Gulu,icon_seamless,0.0
2026-07-03,2026-07-09,Gulu,icon_seamless,0.0
2026-07-03,2026-07-04,Gulu,ukmo_seamless,0.0
2026-07-03,2026-07-05,Gulu,ukmo_seamless,0.8
2026-07-03,2026-07-06,Gulu,ukmo_seamless,0.0
2026-07-03,2026-07-07,Gulu,ukmo_seamless,0.3
2026-07-03,2026-07-08,Gulu,ukmo_seamless,0.0
2026-07-03,2026-07-09,Gulu,ukmo_seamless,0.0
2026-07-03,2026-07-04,Gulu,meteofrance_seamless,0.2
2026-07-03,2026-07-05,Gulu,meteofrance_seamless,1.6
2026-07-03,2026-07-06,Gulu,meteofrance_seamless,1.8
2026-07-03,2026-07-04,Gulu,jma_seamless,1.3
2026-07-03,2026-07-05,Gulu,jma_seamless,1.6
2026-07-03,2026-07-06,Gulu,jma_seamless,3.3
2026-07-03,2026-07-07,Gulu,jma_seamless,0.3
2026-07-03,2026-07-08,Gulu,jma_seamless,2.9
2026-07-03,2026-07-09,Gulu,jma_seamless,0.5
2026-07-03,2026-07-04,Gulu,gem_seamless,0.0
2026-07-03,2026-07-05,Gulu,gem_seamless,0.4
2026-07-03,2026-07-06,Gulu,gem_seamless,4.7
2026-07-03,2026-07-07,Gulu,gem_seamless,13.5
2026-07-03,2026-07-08,Gulu,gem_seamless,0.2
2026-07-03,2026-07-09,Gulu,gem_seamless,0.0
2026-07-03,2026-07-04,Gulu,knmi_seamless,0.2
2026-07-03,2026-07-05,Gulu,knmi_seamless,1.6
2026-07-03,2026-07-06,Gulu,knmi_seamless,0.7
2026-07-03,2026-07-07,Gulu,knmi_seamless,1.6
2026-07-03,2026-07-08,Gulu,knmi_seamless,1.5
2026-07-03,2026-07-09,Gulu,knmi_seamless,3.3
2026-07-03,2026-07-04,Omoro,ecmwf_ifs025,0.2
2026-07-03,2026-07-05,Omoro,ecmwf_ifs025,0.2
2026-07-03,2026-07-06,Omoro,ecmwf_ifs025,4.5
2026-07-03,2026-07-07,Omoro,ecmwf_ifs025,1.7
2026-07-03,2026-07-08,Omoro,ecmwf_ifs025,0.9
2026-07-03,2026-07-09,Omoro,ecmwf_ifs025,4.7
2026-07-03,2026-07-04,Omoro,ecmwf_aifs025_single,0.0
2026-07-03,2026-07-05,Omoro,ecmwf_aifs025_single,0.7
2026-07-03,2026-07-06,Omoro,ecmwf_aifs025_single,1.9
2026-07-03,2026-07-07,Omoro,ecmwf_aifs025_single,1.6
2026-07-03,2026-07-08,Omoro,ecmwf_aifs025_single,0.6
2026-07-03,2026-07-09,Omoro,ecmwf_aifs025_single,1.2
2026-07-03,2026-07-04,Omoro,gfs_seamless,2.1
2026-07-03,2026-07-05,Omoro,gfs_seamless,3.4
2026-07-03,2026-07-06,Omoro,gfs_seamless,5.3
2026-07-03,2026-07-07,Omoro,gfs_seamless,1.4
2026-07-03,2026-07-08,Omoro,gfs_seamless,0.0
2026-07-03,2026-07-09,Omoro,gfs_seamless,0.3
2026-07-03,2026-07-04,Omoro,icon_seamless,0.0
2026-07-03,2026-07-05,Omoro,icon_seamless,1.2
2026-07-03,2026-07-06,Omoro,icon_seamless,18.9
2026-07-03,2026-07-07,Omoro,icon_seamless,0.5
2026-07-03,2026-07-08,Omoro,icon_seamless,0.0
2026-07-03,2026-07-09,Omoro,icon_seamless,0.0
2026-07-03,2026-07-04,Omoro,ukmo_seamless,0.1
2026-07-03,2026-07-05,Omoro,ukmo_seamless,0.8
2026-07-03,2026-07-06,Omoro,ukmo_seamless,0.0
2026-07-03,2026-07-07,Omoro,ukmo_seamless,0.3
2026-07-03,2026-07-08,Omoro,ukmo_seamless,0.0
2026-07-03,2026-07-09,Omoro,ukmo_seamless,0.0
2026-07-03,2026-07-04,Omoro,meteofrance_seamless,0.0
2026-07-03,2026-07-05,Omoro,meteofrance_seamless,1.6
2026-07-03,2026-07-06,Omoro,meteofrance_seamless,1.8
2026-07-03,2026-07-04,Omoro,jma_seamless,0.0
2026-07-03,2026-07-05,Omoro,jma_seamless,1.7
2026-07-03,2026-07-06,Omoro,jma_seamless,6.1
2026-07-03,2026-07-07,Omoro,jma_seamless,1.1
2026-07-03,2026-07-08,Omoro,jma_seamless,1.8
2026-07-03,2026-07-09,Omoro,jma_seamless,0.0
2026-07-03,2026-07-04,Omoro,gem_seamless,0.0
2026-07-03,2026-07-05,Omoro,gem_seamless,4.2
2026-07-03,2026-07-06,Omoro,gem_seamless,3.9
2026-07-03,2026-07-07,Omoro,gem_seamless,3.5
2026-07-03,2026-07-08,Omoro,gem_seamless,0.2
2026-07-03,2026-07-09,Omoro,gem_seamless,0.4
2026-07-03,2026-07-04,Omoro,knmi_seamless,0.0
2026-07-03,2026-07-05,Omoro,knmi_seamless,0.2
2026-07-03,2026-07-06,Omoro,knmi_seamless,2.8
2026-07-03,2026-07-07,Omoro,knmi_seamless,2.0
2026-07-03,2026-07-08,Omoro,knmi_seamless,0.6
2026-07-03,2026-07-09,Omoro,knmi_seamless,5.4
2026-07-03,2026-07-04,Nwoya,ecmwf_ifs025,0.3
2026-07-03,2026-07-05,Nwoya,ecmwf_ifs025,0.1
2026-07-03,2026-07-06,Nwoya,ecmwf_ifs025,10.2
2026-07-03,2026-07-07,Nwoya,ecmwf_ifs025,2.2
2026-07-03,2026-07-08,Nwoya,ecmwf_ifs025,0.9
2026-07-03,2026-07-09,Nwoya,ecmwf_ifs025,0.2
2026-07-03,2026-07-04,Nwoya,ecmwf_aifs025_single,0.1
2026-07-03,2026-07-05,Nwoya,ecmwf_aifs025_single,0.6
2026-07-03,2026-07-06,Nwoya,ecmwf_aifs025_single,2.3
2026-07-03,2026-07-07,Nwoya,ecmwf_aifs025_single,2.5
2026-07-03,2026-07-08,Nwoya,ecmwf_aifs025_single,0.7
2026-07-03,2026-07-09,Nwoya,ecmwf_aifs025_single,0.8
2026-07-03,2026-07-04,Nwoya,gfs_seamless,2.5
2026-07-03,2026-07-05,Nwoya,gfs_seamless,5.3
2026-07-03,2026-07-06,Nwoya,gfs_seamless,2.3
2026-07-03,2026-07-07,Nwoya,gfs_seamless,1.7
2026-07-03,2026-07-08,Nwoya,gfs_seamless,0.0
2026-07-03,2026-07-09,Nwoya,gfs_seamless,0.3
2026-07-03,2026-07-04,Nwoya,icon_seamless,0.0
2026-07-03,2026-07-05,Nwoya,icon_seamless,2.6
2026-07-03,2026-07-06,Nwoya,icon_seamless,6.9
2026-07-03,2026-07-07,Nwoya,icon_seamless,0.6
2026-07-03,2026-07-08,Nwoya,icon_seamless,1.8
2026-07-03,2026-07-09,Nwoya,icon_seamless,0.0
2026-07-03,2026-07-04,Nwoya,ukmo_seamless,0.2
2026-07-03,2026-07-05,Nwoya,ukmo_seamless,2.4
2026-07-03,2026-07-06,Nwoya,ukmo_seamless,1.2
2026-07-03,2026-07-07,Nwoya,ukmo_seamless,0.3
2026-07-03,2026-07-08,Nwoya,ukmo_seamless,0.0
2026-07-03,2026-07-09,Nwoya,ukmo_seamless,0.0
2026-07-03,2026-07-04,Nwoya,meteofrance_seamless,0.6
2026-07-03,2026-07-05,Nwoya,meteofrance_seamless,13.5
2026-07-03,2026-07-06,Nwoya,meteofrance_seamless,4.2
2026-07-03,2026-07-04,Nwoya,jma_seamless,0.0
2026-07-03,2026-07-05,Nwoya,jma_seamless,0.7
2026-07-03,2026-07-06,Nwoya,jma_seamless,4.3
2026-07-03,2026-07-07,Nwoya,jma_seamless,0.0
2026-07-03,2026-07-08,Nwoya,jma_seamless,0.3
2026-07-03,2026-07-09,Nwoya,jma_seamless,0.0
2026-07-03,2026-07-04,Nwoya,gem_seamless,0.0
2026-07-03,2026-07-05,Nwoya,gem_seamless,0.0
2026-07-03,2026-07-06,Nwoya,gem_seamless,1.1
2026-07-03,2026-07-07,Nwoya,gem_seamless,13.7
2026-07-03,2026-07-08,Nwoya,gem_seamless,0.0
2026-07-03,2026-07-09,Nwoya,gem_seamless,0.9
2026-07-03,2026-07-04,Nwoya,knmi_seamless,0.0
2026-07-03,2026-07-05,Nwoya,knmi_seamless,0.1
2026-07-03,2026-07-06,Nwoya,knmi_seamless,11.1
2026-07-03,2026-07-07,Nwoya,knmi_seamless,3.5
2026-07-03,2026-07-08,Nwoya,knmi_seamless,0.9
2026-07-03,2026-07-09,Nwoya,knmi_seamless,0.6
2026-07-03,2026-07-04,Amuru,ecmwf_ifs025,0.5
2026-07-03,2026-07-05,Amuru,ecmwf_ifs025,1.3
2026-07-03,2026-07-06,Amuru,ecmwf_ifs025,6.6
2026-07-03,2026-07-07,Amuru,ecmwf_ifs025,1.7
2026-07-03,2026-07-08,Amuru,ecmwf_ifs025,2.5
2026-07-03,2026-07-09,Amuru,ecmwf_ifs025,1.4
2026-07-03,2026-07-04,Amuru,ecmwf_aifs025_single,0.2
2026-07-03,2026-07-05,Amuru,ecmwf_aifs025_single,0.8
2026-07-03,2026-07-06,Amuru,ecmwf_aifs025_single,2.6
2026-07-03,2026-07-07,Amuru,ecmwf_aifs025_single,2.5
2026-07-03,2026-07-08,Amuru,ecmwf_aifs025_single,1.0
2026-07-03,2026-07-09,Amuru,ecmwf_aifs025_single,1.1
2026-07-03,2026-07-04,Amuru,gfs_seamless,1.9
2026-07-03,2026-07-05,Amuru,gfs_seamless,4.8
2026-07-03,2026-07-06,Amuru,gfs_seamless,11.8
2026-07-03,2026-07-07,Amuru,gfs_seamless,13.2
2026-07-03,2026-07-08,Amuru,gfs_seamless,0.2
2026-07-03,2026-07-09,Amuru,gfs_seamless,0.3
2026-07-03,2026-07-04,Amuru,icon_seamless,0.3
2026-07-03,2026-07-05,Amuru,icon_seamless,1.3
2026-07-03,2026-07-06,Amuru,icon_seamless,13.4
2026-07-03,2026-07-07,Amuru,icon_seamless,0.6
2026-07-03,2026-07-08,Amuru,icon_seamless,0.0
2026-07-03,2026-07-09,Amuru,icon_seamless,0.0
2026-07-03,2026-07-04,Amuru,ukmo_seamless,0.1
2026-07-03,2026-07-05,Amuru,ukmo_seamless,0.6
2026-07-03,2026-07-06,Amuru,ukmo_seamless,0.3
2026-07-03,2026-07-07,Amuru,ukmo_seamless,0.0
2026-07-03,2026-07-08,Amuru,ukmo_seamless,0.0
2026-07-03,2026-07-09,Amuru,ukmo_seamless,0.0
2026-07-03,2026-07-04,Amuru,meteofrance_seamless,2.1
2026-07-03,2026-07-05,Amuru,meteofrance_seamless,15.9
2026-07-03,2026-07-06,Amuru,meteofrance_seamless,6.6
2026-07-03,2026-07-04,Amuru,jma_seamless,1.4
2026-07-03,2026-07-05,Amuru,jma_seamless,2.1
2026-07-03,2026-07-06,Amuru,jma_seamless,6.7
2026-07-03,2026-07-07,Amuru,jma_seamless,0.6
2026-07-03,2026-07-08,Amuru,jma_seamless,3.3
2026-07-03,2026-07-09,Amuru,jma_seamless,1.0
2026-07-03,2026-07-04,Amuru,gem_seamless,1.4
2026-07-03,2026-07-05,Amuru,gem_seamless,0.0
2026-07-03,2026-07-06,Amuru,gem_seamless,1.7
2026-07-03,2026-07-07,Amuru,gem_seamless,29.2
2026-07-03,2026-07-08,Amuru,gem_seamless,0.0
2026-07-03,2026-07-09,Amuru,gem_seamless,2.7
2026-07-03,2026-07-04,Amuru,knmi_seamless,0.6
2026-07-03,2026-07-05,Amuru,knmi_seamless,1.2
2026-07-03,2026-07-06,Amuru,knmi_seamless,3.9
2026-07-03,2026-07-07,Amuru,knmi_seamless,1.3
2026-07-03,2026-07-08,Amuru,knmi_seamless,3.0
2026-07-03,2026-07-09,Amuru,knmi_seamless,1.2
2026-07-03,2026-07-04,Lamwo,ecmwf_ifs025,0.7
2026-07-03,2026-07-05,Lamwo,ecmwf_ifs025,1.0
2026-07-03,2026-07-06,Lamwo,ecmwf_ifs025,3.3
2026-07-03,2026-07-07,Lamwo,ecmwf_ifs025,0.2
2026-07-03,2026-07-08,Lamwo,ecmwf_ifs025,0.3
2026-07-03,2026-07-09,Lamwo,ecmwf_ifs025,3.0
2026-07-03,2026-07-04,Lamwo,ecmwf_aifs025_single,0.4
2026-07-03,2026-07-05,Lamwo,ecmwf_aifs025_single,1.7
2026-07-03,2026-07-06,Lamwo,ecmwf_aifs025_single,2.1
2026-07-03,2026-07-07,Lamwo,ecmwf_aifs025_single,1.0
2026-07-03,2026-07-08,Lamwo,ecmwf_aifs025_single,0.2
2026-07-03,2026-07-09,Lamwo,ecmwf_aifs025_single,0.8
2026-07-03,2026-07-04,Lamwo,gfs_seamless,2.9
2026-07-03,2026-07-05,Lamwo,gfs_seamless,1.0
2026-07-03,2026-07-06,Lamwo,gfs_seamless,1.4
2026-07-03,2026-07-07,Lamwo,gfs_seamless,4.5
2026-07-03,2026-07-08,Lamwo,gfs_seamless,0.8
2026-07-03,2026-07-09,Lamwo,gfs_seamless,0.7
2026-07-03,2026-07-04,Lamwo,icon_seamless,0.7
2026-07-03,2026-07-05,Lamwo,icon_seamless,0.4
2026-07-03,2026-07-06,Lamwo,icon_seamless,0.7
2026-07-03,2026-07-07,Lamwo,icon_seamless,0.0
2026-07-03,2026-07-08,Lamwo,icon_seamless,0.0
2026-07-03,2026-07-09,Lamwo,icon_seamless,1.5
2026-07-03,2026-07-04,Lamwo,ukmo_seamless,0.1
2026-07-03,2026-07-05,Lamwo,ukmo_seamless,1.6
2026-07-03,2026-07-06,Lamwo,ukmo_seamless,0.0
2026-07-03,2026-07-07,Lamwo,ukmo_seamless,0.0
2026-07-03,2026-07-08,Lamwo,ukmo_seamless,0.0
2026-07-03,2026-07-09,Lamwo,ukmo_seamless,0.0
2026-07-03,2026-07-04,Lamwo,meteofrance_seamless,0.7
2026-07-03,2026-07-05,Lamwo,meteofrance_seamless,1.5
2026-07-03,2026-07-06,Lamwo,meteofrance_seamless,0.9
2026-07-03,2026-07-04,Lamwo,jma_seamless,0.0
2026-07-03,2026-07-05,Lamwo,jma_seamless,0.8
2026-07-03,2026-07-06,Lamwo,jma_seamless,8.8
2026-07-03,2026-07-07,Lamwo,jma_seamless,2.8
2026-07-03,2026-07-08,Lamwo,jma_seamless,1.3
2026-07-03,2026-07-09,Lamwo,jma_seamless,2.8
2026-07-03,2026-07-04,Lamwo,gem_seamless,2.3
2026-07-03,2026-07-05,Lamwo,gem_seamless,2.9
2026-07-03,2026-07-06,Lamwo,gem_seamless,0.4
2026-07-03,2026-07-07,Lamwo,gem_seamless,4.0
2026-07-03,2026-07-08,Lamwo,gem_seamless,0.0
2026-07-03,2026-07-09,Lamwo,gem_seamless,3.0
2026-07-03,2026-07-04,Lamwo,knmi_seamless,0.7
2026-07-03,2026-07-05,Lamwo,knmi_seamless,0.2
2026-07-03,2026-07-06,Lamwo,knmi_seamless,3.0
2026-07-03,2026-07-07,Lamwo,knmi_seamless,0.2
2026-07-03,2026-07-08,Lamwo,knmi_seamless,0.0
2026-07-03,2026-07-09,Lamwo,knmi_seamless,3.3
2026-07-03,2026-07-04,Amolatar,ecmwf_ifs025,0.1
2026-07-03,2026-07-05,Amolatar,ecmwf_ifs025,0.1
2026-07-03,2026-07-06,Amolatar,ecmwf_ifs025,0.7
2026-07-03,2026-07-07,Amolatar,ecmwf_ifs025,0.6
2026-07-03,2026-07-08,Amolatar,ecmwf_ifs025,2.3
2026-07-03,2026-07-09,Amolatar,ecmwf_ifs025,0.4
2026-07-03,2026-07-04,Amolatar,ecmwf_aifs025_single,0.0
2026-07-03,2026-07-05,Amolatar,ecmwf_aifs025_single,0.2
2026-07-03,2026-07-06,Amolatar,ecmwf_aifs025_single,1.8
2026-07-03,2026-07-07,Amolatar,ecmwf_aifs025_single,2.0
2026-07-03,2026-07-08,Amolatar,ecmwf_aifs025_single,0.6
2026-07-03,2026-07-09,Amolatar,ecmwf_aifs025_single,0.3
2026-07-03,2026-07-04,Amolatar,gfs_seamless,0.1
2026-07-03,2026-07-05,Amolatar,gfs_seamless,0.0
2026-07-03,2026-07-06,Amolatar,gfs_seamless,1.3
2026-07-03,2026-07-07,Amolatar,gfs_seamless,0.1
2026-07-03,2026-07-08,Amolatar,gfs_seamless,2.6
2026-07-03,2026-07-09,Amolatar,gfs_seamless,0.0
2026-07-03,2026-07-04,Amolatar,icon_seamless,0.0
2026-07-03,2026-07-05,Amolatar,icon_seamless,0.0
2026-07-03,2026-07-06,Amolatar,icon_seamless,0.9
2026-07-03,2026-07-07,Amolatar,icon_seamless,2.8
2026-07-03,2026-07-08,Amolatar,icon_seamless,3.0
2026-07-03,2026-07-09,Amolatar,icon_seamless,0.3
2026-07-03,2026-07-04,Amolatar,ukmo_seamless,0.0
2026-07-03,2026-07-05,Amolatar,ukmo_seamless,0.1
2026-07-03,2026-07-06,Amolatar,ukmo_seamless,0.0
2026-07-03,2026-07-07,Amolatar,ukmo_seamless,0.0
2026-07-03,2026-07-08,Amolatar,ukmo_seamless,0.0
2026-07-03,2026-07-09,Amolatar,ukmo_seamless,0.0
2026-07-03,2026-07-04,Amolatar,meteofrance_seamless,0.0
2026-07-03,2026-07-05,Amolatar,meteofrance_seamless,0.0
2026-07-03,2026-07-06,Amolatar,meteofrance_seamless,0.0
2026-07-03,2026-07-04,Amolatar,jma_seamless,0.2
2026-07-03,2026-07-05,Amolatar,jma_seamless,0.8
2026-07-03,2026-07-06,Amolatar,jma_seamless,1.3
2026-07-03,2026-07-07,Amolatar,jma_seamless,2.1
2026-07-03,2026-07-08,Amolatar,jma_seamless,0.8
2026-07-03,2026-07-09,Amolatar,jma_seamless,0.3
2026-07-03,2026-07-04,Amolatar,gem_seamless,0.0
2026-07-03,2026-07-05,Amolatar,gem_seamless,0.2
2026-07-03,2026-07-06,Amolatar,gem_seamless,1.6
2026-07-03,2026-07-07,Amolatar,gem_seamless,0.0
2026-07-03,2026-07-08,Amolatar,gem_seamless,0.0
2026-07-03,2026-07-09,Amolatar,gem_seamless,0.2
2026-07-03,2026-07-04,Amolatar,knmi_seamless,0.0
2026-07-03,2026-07-05,Amolatar,knmi_seamless,0.1
2026-07-03,2026-07-06,Amolatar,knmi_seamless,0.4
2026-07-03,2026-07-07,Amolatar,knmi_seamless,1.1
2026-07-03,2026-07-08,Amolatar,knmi_seamless,0.9
2026-07-03,2026-07-09,Amolatar,knmi_seamless,0.0
2026-07-03,2026-07-04,Kalaki,ecmwf_ifs025,0.2
2026-07-03,2026-07-05,Kalaki,ecmwf_ifs025,0.2
2026-07-03,2026-07-06,Kalaki,ecmwf_ifs025,0.5
2026-07-03,2026-07-07,Kalaki,ecmwf_ifs025,0.0
2026-07-03,2026-07-08,Kalaki,ecmwf_ifs025,0.5
2026-07-03,2026-07-09,Kalaki,ecmwf_ifs025,1.9
2026-07-03,2026-07-04,Kalaki,ecmwf_aifs025_single,0.1
2026-07-03,2026-07-05,Kalaki,ecmwf_aifs025_single,0.5
2026-07-03,2026-07-06,Kalaki,ecmwf_aifs025_single,2.0
2026-07-03,2026-07-07,Kalaki,ecmwf_aifs025_single,1.3
2026-07-03,2026-07-08,Kalaki,ecmwf_aifs025_single,0.6
2026-07-03,2026-07-09,Kalaki,ecmwf_aifs025_single,1.1
2026-07-03,2026-07-04,Kalaki,gfs_seamless,0.8
2026-07-03,2026-07-05,Kalaki,gfs_seamless,0.6
2026-07-03,2026-07-06,Kalaki,gfs_seamless,4.6
2026-07-03,2026-07-07,Kalaki,gfs_seamless,0.4
2026-07-03,2026-07-08,Kalaki,gfs_seamless,0.1
2026-07-03,2026-07-09,Kalaki,gfs_seamless,0.2
2026-07-03,2026-07-04,Kalaki,icon_seamless,0.0
2026-07-03,2026-07-05,Kalaki,icon_seamless,0.0
2026-07-03,2026-07-06,Kalaki,icon_seamless,2.6
2026-07-03,2026-07-07,Kalaki,icon_seamless,1.2
2026-07-03,2026-07-08,Kalaki,icon_seamless,0.3
2026-07-03,2026-07-09,Kalaki,icon_seamless,2.7
2026-07-03,2026-07-04,Kalaki,ukmo_seamless,0.0
2026-07-03,2026-07-05,Kalaki,ukmo_seamless,0.4
2026-07-03,2026-07-06,Kalaki,ukmo_seamless,0.3
2026-07-03,2026-07-07,Kalaki,ukmo_seamless,0.0
2026-07-03,2026-07-08,Kalaki,ukmo_seamless,0.0
2026-07-03,2026-07-09,Kalaki,ukmo_seamless,0.0
2026-07-03,2026-07-04,Kalaki,meteofrance_seamless,0.0
2026-07-03,2026-07-05,Kalaki,meteofrance_seamless,0.0
2026-07-03,2026-07-06,Kalaki,meteofrance_seamless,0.2
2026-07-03,2026-07-04,Kalaki,jma_seamless,0.9
2026-07-03,2026-07-05,Kalaki,jma_seamless,3.7
2026-07-03,2026-07-06,Kalaki,jma_seamless,6.1
2026-07-03,2026-07-07,Kalaki,jma_seamless,4.6
2026-07-03,2026-07-08,Kalaki,jma_seamless,5.8
2026-07-03,2026-07-09,Kalaki,jma_seamless,0.6
2026-07-03,2026-07-04,Kalaki,gem_seamless,0.0
2026-07-03,2026-07-05,Kalaki,gem_seamless,6.9
2026-07-03,2026-07-06,Kalaki,gem_seamless,0.2
2026-07-03,2026-07-07,Kalaki,gem_seamless,3.9
2026-07-03,2026-07-08,Kalaki,gem_seamless,0.3
2026-07-03,2026-07-09,Kalaki,gem_seamless,1.1
2026-07-03,2026-07-04,Kalaki,knmi_seamless,0.1
2026-07-03,2026-07-05,Kalaki,knmi_seamless,0.3
2026-07-03,2026-07-06,Kalaki,knmi_seamless,0.3
2026-07-03,2026-07-07,Kalaki,knmi_seamless,0.0
2026-07-03,2026-07-08,Kalaki,knmi_seamless,0.0
2026-07-03,2026-07-09,Kalaki,knmi_seamless,3.9
2026-07-03,2026-07-04,Amuria,ecmwf_ifs025,0.2
2026-07-03,2026-07-05,Amuria,ecmwf_ifs025,0.2
2026-07-03,2026-07-06,Amuria,ecmwf_ifs025,0.5
2026-07-03,2026-07-07,Amuria,ecmwf_ifs025,0.0
2026-07-03,2026-07-08,Amuria,ecmwf_ifs025,0.5
2026-07-03,2026-07-09,Amuria,ecmwf_ifs025,1.9
2026-07-03,2026-07-04,Amuria,ecmwf_aifs025_single,0.1
2026-07-03,2026-07-05,Amuria,ecmwf_aifs025_single,0.5
2026-07-03,2026-07-06,Amuria,ecmwf_aifs025_single,2.0
2026-07-03,2026-07-07,Amuria,ecmwf_aifs025_single,1.3
2026-07-03,2026-07-08,Amuria,ecmwf_aifs025_single,0.6
2026-07-03,2026-07-09,Amuria,ecmwf_aifs025_single,1.1
2026-07-03,2026-07-04,Amuria,gfs_seamless,0.9
2026-07-03,2026-07-05,Amuria,gfs_seamless,0.8
2026-07-03,2026-07-06,Amuria,gfs_seamless,6.3
2026-07-03,2026-07-07,Amuria,gfs_seamless,3.5
2026-07-03,2026-07-08,Amuria,gfs_seamless,0.1
2026-07-03,2026-07-09,Amuria,gfs_seamless,0.2
2026-07-03,2026-07-04,Amuria,icon_seamless,0.2
2026-07-03,2026-07-05,Amuria,icon_seamless,0.8
2026-07-03,2026-07-06,Amuria,icon_seamless,2.5
2026-07-03,2026-07-07,Amuria,icon_seamless,0.5
2026-07-03,2026-07-08,Amuria,icon_seamless,0.0
2026-07-03,2026-07-09,Amuria,icon_seamless,1.2
2026-07-03,2026-07-04,Amuria,ukmo_seamless,0.0
2026-07-03,2026-07-05,Amuria,ukmo_seamless,0.3
2026-07-03,2026-07-06,Amuria,ukmo_seamless,0.5
2026-07-03,2026-07-07,Amuria,ukmo_seamless,0.4
2026-07-03,2026-07-08,Amuria,ukmo_seamless,0.3
2026-07-03,2026-07-09,Amuria,ukmo_seamless,0.0
2026-07-03,2026-07-04,Amuria,meteofrance_seamless,0.0
2026-07-03,2026-07-05,Amuria,meteofrance_seamless,0.0
2026-07-03,2026-07-06,Amuria,meteofrance_seamless,0.2
2026-07-03,2026-07-04,Amuria,jma_seamless,0.9
2026-07-03,2026-07-05,Amuria,jma_seamless,3.7
2026-07-03,2026-07-06,Amuria,jma_seamless,6.1
2026-07-03,2026-07-07,Amuria,jma_seamless,4.6
2026-07-03,2026-07-08,Amuria,jma_seamless,5.8
2026-07-03,2026-07-09,Amuria,jma_seamless,0.6
2026-07-03,2026-07-04,Amuria,gem_seamless,0.0
2026-07-03,2026-07-05,Amuria,gem_seamless,5.8
2026-07-03,2026-07-06,Amuria,gem_seamless,1.2
2026-07-03,2026-07-07,Amuria,gem_seamless,1.8
2026-07-03,2026-07-08,Amuria,gem_seamless,0.2
2026-07-03,2026-07-09,Amuria,gem_seamless,0.6
2026-07-03,2026-07-04,Amuria,knmi_seamless,0.2
2026-07-03,2026-07-05,Amuria,knmi_seamless,0.6
2026-07-03,2026-07-06,Amuria,knmi_seamless,1.4
2026-07-03,2026-07-07,Amuria,knmi_seamless,0.0
2026-07-03,2026-07-08,Amuria,knmi_seamless,0.0
2026-07-03,2026-07-09,Amuria,knmi_seamless,0.6
2026-07-03,2026-07-04,Kaberamaido,ecmwf_ifs025,0.1
2026-07-03,2026-07-05,Kaberamaido,ecmwf_ifs025,0.1
2026-07-03,2026-07-06,Kaberamaido,ecmwf_ifs025,0.4
2026-07-03,2026-07-07,Kaberamaido,ecmwf_ifs025,0.2
2026-07-03,2026-07-08,Kaberamaido,ecmwf_ifs025,3.3
2026-07-03,2026-07-09,Kaberamaido,ecmwf_ifs025,1.0
2026-07-03,2026-07-04,Kaberamaido,ecmwf_aifs025_single,0.0
2026-07-03,2026-07-05,Kaberamaido,ecmwf_aifs025_single,0.4
2026-07-03,2026-07-06,Kaberamaido,ecmwf_aifs025_single,2.0
2026-07-03,2026-07-07,Kaberamaido,ecmwf_aifs025_single,2.2
2026-07-03,2026-07-08,Kaberamaido,ecmwf_aifs025_single,0.7
2026-07-03,2026-07-09,Kaberamaido,ecmwf_aifs025_single,0.6
2026-07-03,2026-07-04,Kaberamaido,gfs_seamless,0.3
2026-07-03,2026-07-05,Kaberamaido,gfs_seamless,0.0
2026-07-03,2026-07-06,Kaberamaido,gfs_seamless,3.7
2026-07-03,2026-07-07,Kaberamaido,gfs_seamless,0.4
2026-07-03,2026-07-08,Kaberamaido,gfs_seamless,1.2
2026-07-03,2026-07-09,Kaberamaido,gfs_seamless,0.0
2026-07-03,2026-07-04,Kaberamaido,icon_seamless,0.0
2026-07-03,2026-07-05,Kaberamaido,icon_seamless,0.0
2026-07-03,2026-07-06,Kaberamaido,icon_seamless,3.0
2026-07-03,2026-07-07,Kaberamaido,icon_seamless,3.4
2026-07-03,2026-07-08,Kaberamaido,icon_seamless,0.0
2026-07-03,2026-07-09,Kaberamaido,icon_seamless,3.9
2026-07-03,2026-07-04,Kaberamaido,ukmo_seamless,0.3
2026-07-03,2026-07-05,Kaberamaido,ukmo_seamless,0.5
2026-07-03,2026-07-06,Kaberamaido,ukmo_seamless,0.3
2026-07-03,2026-07-07,Kaberamaido,ukmo_seamless,0.0
2026-07-03,2026-07-08,Kaberamaido,ukmo_seamless,0.0
2026-07-03,2026-07-09,Kaberamaido,ukmo_seamless,0.0
2026-07-03,2026-07-04,Kaberamaido,meteofrance_seamless,0.0
2026-07-03,2026-07-05,Kaberamaido,meteofrance_seamless,0.0
2026-07-03,2026-07-06,Kaberamaido,meteofrance_seamless,0.4
2026-07-03,2026-07-04,Kaberamaido,jma_seamless,0.2
2026-07-03,2026-07-05,Kaberamaido,jma_seamless,0.8
2026-07-03,2026-07-06,Kaberamaido,jma_seamless,1.3
2026-07-03,2026-07-07,Kaberamaido,jma_seamless,2.1
2026-07-03,2026-07-08,Kaberamaido,jma_seamless,0.8
2026-07-03,2026-07-09,Kaberamaido,jma_seamless,0.3
2026-07-03,2026-07-04,Kaberamaido,gem_seamless,0.0
2026-07-03,2026-07-05,Kaberamaido,gem_seamless,1.2
2026-07-03,2026-07-06,Kaberamaido,gem_seamless,1.9
2026-07-03,2026-07-07,Kaberamaido,gem_seamless,0.5
2026-07-03,2026-07-08,Kaberamaido,gem_seamless,0.3
2026-07-03,2026-07-09,Kaberamaido,gem_seamless,0.0
2026-07-03,2026-07-04,Kaberamaido,knmi_seamless,0.1
2026-07-03,2026-07-05,Kaberamaido,knmi_seamless,0.1
2026-07-03,2026-07-06,Kaberamaido,knmi_seamless,0.6
2026-07-03,2026-07-07,Kaberamaido,knmi_seamless,0.3
2026-07-03,2026-07-08,Kaberamaido,knmi_seamless,3.3
2026-07-03,2026-07-09,Kaberamaido,knmi_seamless,0.9
2026-07-03,2026-07-04,Kagadi,ecmwf_ifs025,0.7
2026-07-03,2026-07-05,Kagadi,ecmwf_ifs025,0.3
2026-07-03,2026-07-06,Kagadi,ecmwf_ifs025,3.8
2026-07-03,2026-07-07,Kagadi,ecmwf_ifs025,3.5
2026-07-03,2026-07-08,Kagadi,ecmwf_ifs025,1.0
2026-07-03,2026-07-09,Kagadi,ecmwf_ifs025,2.0
2026-07-03,2026-07-04,Kagadi,ecmwf_aifs025_single,0.5
2026-07-03,2026-07-05,Kagadi,ecmwf_aifs025_single,0.3
2026-07-03,2026-07-06,Kagadi,ecmwf_aifs025_single,1.4
2026-07-03,2026-07-07,Kagadi,ecmwf_aifs025_single,0.6
2026-07-03,2026-07-08,Kagadi,ecmwf_aifs025_single,0.1
2026-07-03,2026-07-09,Kagadi,ecmwf_aifs025_single,0.5
2026-07-03,2026-07-04,Kagadi,gfs_seamless,0.0
2026-07-03,2026-07-05,Kagadi,gfs_seamless,0.0
2026-07-03,2026-07-06,Kagadi,gfs_seamless,0.0
2026-07-03,2026-07-07,Kagadi,gfs_seamless,0.0
2026-07-03,2026-07-08,Kagadi,gfs_seamless,0.0
2026-07-03,2026-07-09,Kagadi,gfs_seamless,0.0
2026-07-03,2026-07-04,Kagadi,icon_seamless,0.0
2026-07-03,2026-07-05,Kagadi,icon_seamless,0.0
2026-07-03,2026-07-06,Kagadi,icon_seamless,0.0
2026-07-03,2026-07-07,Kagadi,icon_seamless,0.0
2026-07-03,2026-07-08,Kagadi,icon_seamless,0.0
2026-07-03,2026-07-09,Kagadi,icon_seamless,2.4
2026-07-03,2026-07-04,Kagadi,ukmo_seamless,0.4
2026-07-03,2026-07-05,Kagadi,ukmo_seamless,0.0
2026-07-03,2026-07-06,Kagadi,ukmo_seamless,0.0
2026-07-03,2026-07-07,Kagadi,ukmo_seamless,0.9
2026-07-03,2026-07-08,Kagadi,ukmo_seamless,0.0
2026-07-03,2026-07-09,Kagadi,ukmo_seamless,0.0
2026-07-03,2026-07-04,Kagadi,meteofrance_seamless,0.0
2026-07-03,2026-07-05,Kagadi,meteofrance_seamless,0.0
2026-07-03,2026-07-06,Kagadi,meteofrance_seamless,0.0
2026-07-03,2026-07-04,Kagadi,jma_seamless,0.0
2026-07-03,2026-07-05,Kagadi,jma_seamless,0.0
2026-07-03,2026-07-06,Kagadi,jma_seamless,0.0
2026-07-03,2026-07-07,Kagadi,jma_seamless,0.0
2026-07-03,2026-07-08,Kagadi,jma_seamless,0.0
2026-07-03,2026-07-09,Kagadi,jma_seamless,0.0
2026-07-03,2026-07-04,Kagadi,gem_seamless,0.0
2026-07-03,2026-07-05,Kagadi,gem_seamless,0.0
2026-07-03,2026-07-06,Kagadi,gem_seamless,0.0
2026-07-03,2026-07-07,Kagadi,gem_seamless,0.6
2026-07-03,2026-07-08,Kagadi,gem_seamless,1.7
2026-07-03,2026-07-09,Kagadi,gem_seamless,0.1
2026-07-03,2026-07-04,Kagadi,knmi_seamless,0.2
2026-07-03,2026-07-05,Kagadi,knmi_seamless,0.6
2026-07-03,2026-07-06,Kagadi,knmi_seamless,4.2
2026-07-03,2026-07-07,Kagadi,knmi_seamless,3.3
2026-07-03,2026-07-08,Kagadi,knmi_seamless,1.8
2026-07-03,2026-07-09,Kagadi,knmi_seamless,1.8
2026-07-03,2026-07-04,Dokolo,ecmwf_ifs025,0.0
2026-07-03,2026-07-05,Dokolo,ecmwf_ifs025,0.1
2026-07-03,2026-07-06,Dokolo,ecmwf_ifs025,3.0
2026-07-03,2026-07-07,Dokolo,ecmwf_ifs025,0.7
2026-07-03,2026-07-08,Dokolo,ecmwf_ifs025,0.4
2026-07-03,2026-07-09,Dokolo,ecmwf_ifs025,1.1
2026-07-03,2026-07-04,Dokolo,ecmwf_aifs025_single,0.0
2026-07-03,2026-07-05,Dokolo,ecmwf_aifs025_single,0.3
2026-07-03,2026-07-06,Dokolo,ecmwf_aifs025_single,1.9
2026-07-03,2026-07-07,Dokolo,ecmwf_aifs025_single,2.1
2026-07-03,2026-07-08,Dokolo,ecmwf_aifs025_single,0.7
2026-07-03,2026-07-09,Dokolo,ecmwf_aifs025_single,0.7
2026-07-03,2026-07-04,Dokolo,gfs_seamless,1.4
2026-07-03,2026-07-05,Dokolo,gfs_seamless,1.1
2026-07-03,2026-07-06,Dokolo,gfs_seamless,4.9
2026-07-03,2026-07-07,Dokolo,gfs_seamless,2.4
2026-07-03,2026-07-08,Dokolo,gfs_seamless,2.7
2026-07-03,2026-07-09,Dokolo,gfs_seamless,0.2
2026-07-03,2026-07-04,Dokolo,icon_seamless,0.0
2026-07-03,2026-07-05,Dokolo,icon_seamless,0.0
2026-07-03,2026-07-06,Dokolo,icon_seamless,3.0
2026-07-03,2026-07-07,Dokolo,icon_seamless,3.0
2026-07-03,2026-07-08,Dokolo,icon_seamless,0.0
2026-07-03,2026-07-09,Dokolo,icon_seamless,2.1
2026-07-03,2026-07-04,Dokolo,ukmo_seamless,0.0
2026-07-03,2026-07-05,Dokolo,ukmo_seamless,0.3
2026-07-03,2026-07-06,Dokolo,ukmo_seamless,0.3
2026-07-03,2026-07-07,Dokolo,ukmo_seamless,0.0
2026-07-03,2026-07-08,Dokolo,ukmo_seamless,0.0
2026-07-03,2026-07-09,Dokolo,ukmo_seamless,0.0
2026-07-03,2026-07-04,Dokolo,meteofrance_seamless,0.0
2026-07-03,2026-07-05,Dokolo,meteofrance_seamless,0.0
2026-07-03,2026-07-06,Dokolo,meteofrance_seamless,0.0
2026-07-03,2026-07-04,Dokolo,jma_seamless,0.0
2026-07-03,2026-07-05,Dokolo,jma_seamless,1.8
2026-07-03,2026-07-06,Dokolo,jma_seamless,3.4
2026-07-03,2026-07-07,Dokolo,jma_seamless,1.6
2026-07-03,2026-07-08,Dokolo,jma_seamless,9.1
2026-07-03,2026-07-09,Dokolo,jma_seamless,0.0
2026-07-03,2026-07-04,Dokolo,gem_seamless,0.0
2026-07-03,2026-07-05,Dokolo,gem_seamless,1.2
2026-07-03,2026-07-06,Dokolo,gem_seamless,6.2
2026-07-03,2026-07-07,Dokolo,gem_seamless,0.8
2026-07-03,2026-07-08,Dokolo,gem_seamless,0.9
2026-07-03,2026-07-09,Dokolo,gem_seamless,0.0
2026-07-03,2026-07-04,Dokolo,knmi_seamless,0.0
2026-07-03,2026-07-05,Dokolo,knmi_seamless,0.2
2026-07-03,2026-07-06,Dokolo,knmi_seamless,2.1
2026-07-03,2026-07-07,Dokolo,knmi_seamless,0.7
2026-07-03,2026-07-08,Dokolo,knmi_seamless,0.3
2026-07-03,2026-07-09,Dokolo,knmi_seamless,0.9
2026-07-03,2026-07-04,Kwania,ecmwf_ifs025,0.0
2026-07-03,2026-07-05,Kwania,ecmwf_ifs025,0.2
2026-07-03,2026-07-06,Kwania,ecmwf_ifs025,2.9
2026-07-03,2026-07-07,Kwania,ecmwf_ifs025,0.7
2026-07-03,2026-07-08,Kwania,ecmwf_ifs025,0.4
2026-07-03,2026-07-09,Kwania,ecmwf_ifs025,0.2
2026-07-03,2026-07-04,Kwania,ecmwf_aifs025_single,0.0
2026-07-03,2026-07-05,Kwania,ecmwf_aifs025_single,0.2
2026-07-03,2026-07-06,Kwania,ecmwf_aifs025_single,1.7
2026-07-03,2026-07-07,Kwania,ecmwf_aifs025_single,2.1
2026-07-03,2026-07-08,Kwania,ecmwf_aifs025_single,0.4
2026-07-03,2026-07-09,Kwania,ecmwf_aifs025_single,0.5
2026-07-03,2026-07-04,Kwania,gfs_seamless,0.4
2026-07-03,2026-07-05,Kwania,gfs_seamless,0.6
2026-07-03,2026-07-06,Kwania,gfs_seamless,2.4
2026-07-03,2026-07-07,Kwania,gfs_seamless,1.0
2026-07-03,2026-07-08,Kwania,gfs_seamless,1.1
2026-07-03,2026-07-09,Kwania,gfs_seamless,0.0
2026-07-03,2026-07-04,Kwania,icon_seamless,0.0
2026-07-03,2026-07-05,Kwania,icon_seamless,0.0
2026-07-03,2026-07-06,Kwania,icon_seamless,2.5
2026-07-03,2026-07-07,Kwania,icon_seamless,6.6
2026-07-03,2026-07-08,Kwania,icon_seamless,0.3
2026-07-03,2026-07-09,Kwania,icon_seamless,0.0
2026-07-03,2026-07-04,Kwania,ukmo_seamless,0.1
2026-07-03,2026-07-05,Kwania,ukmo_seamless,0.2
2026-07-03,2026-07-06,Kwania,ukmo_seamless,0.0
2026-07-03,2026-07-07,Kwania,ukmo_seamless,0.3
2026-07-03,2026-07-08,Kwania,ukmo_seamless,0.3
2026-07-03,2026-07-09,Kwania,ukmo_seamless,0.0
2026-07-03,2026-07-04,Kwania,meteofrance_seamless,0.0
2026-07-03,2026-07-05,Kwania,meteofrance_seamless,0.0
2026-07-03,2026-07-06,Kwania,meteofrance_seamless,0.0
2026-07-03,2026-07-04,Kwania,jma_seamless,0.0
2026-07-03,2026-07-05,Kwania,jma_seamless,1.8
2026-07-03,2026-07-06,Kwania,jma_seamless,3.4
2026-07-03,2026-07-07,Kwania,jma_seamless,1.6
2026-07-03,2026-07-08,Kwania,jma_seamless,9.1
2026-07-03,2026-07-09,Kwania,jma_seamless,0.0
2026-07-03,2026-07-04,Kwania,gem_seamless,0.0
2026-07-03,2026-07-05,Kwania,gem_seamless,0.5
2026-07-03,2026-07-06,Kwania,gem_seamless,8.6
2026-07-03,2026-07-07,Kwania,gem_seamless,0.8
2026-07-03,2026-07-08,Kwania,gem_seamless,0.6
2026-07-03,2026-07-09,Kwania,gem_seamless,0.0
2026-07-03,2026-07-04,Kwania,knmi_seamless,0.0
2026-07-03,2026-07-05,Kwania,knmi_seamless,0.1
2026-07-03,2026-07-06,Kwania,knmi_seamless,4.5
2026-07-03,2026-07-07,Kwania,knmi_seamless,0.6
2026-07-03,2026-07-08,Kwania,knmi_seamless,0.6
2026-07-03,2026-07-09,Kwania,knmi_seamless,0.6
2026-07-03,2026-07-04,Kyenjojo,ecmwf_ifs025,0.0
2026-07-03,2026-07-05,Kyenjojo,ecmwf_ifs025,0.0
2026-07-03,2026-07-06,Kyenjojo,ecmwf_ifs025,2.8
2026-07-03,2026-07-07,Kyenjojo,ecmwf_ifs025,2.0
2026-07-03,2026-07-08,Kyenjojo,ecmwf_ifs025,0.4
2026-07-03,2026-07-09,Kyenjojo,ecmwf_ifs025,1.0
2026-07-03,2026-07-04,Kyenjojo,ecmwf_aifs025_single,0.1
2026-07-03,2026-07-05,Kyenjojo,ecmwf_aifs025_single,0.1
2026-07-03,2026-07-06,Kyenjojo,ecmwf_aifs025_single,1.1
2026-07-03,2026-07-07,Kyenjojo,ecmwf_aifs025_single,0.3
2026-07-03,2026-07-08,Kyenjojo,ecmwf_aifs025_single,0.0
2026-07-03,2026-07-09,Kyenjojo,ecmwf_aifs025_single,0.2
2026-07-03,2026-07-04,Kyenjojo,gfs_seamless,0.0
2026-07-03,2026-07-05,Kyenjojo,gfs_seamless,0.0
2026-07-03,2026-07-06,Kyenjojo,gfs_seamless,0.4
2026-07-03,2026-07-07,Kyenjojo,gfs_seamless,0.0
2026-07-03,2026-07-08,Kyenjojo,gfs_seamless,0.0
2026-07-03,2026-07-09,Kyenjojo,gfs_seamless,0.0
2026-07-03,2026-07-04,Kyenjojo,icon_seamless,0.0
2026-07-03,2026-07-05,Kyenjojo,icon_seamless,0.0
2026-07-03,2026-07-06,Kyenjojo,icon_seamless,0.0
2026-07-03,2026-07-07,Kyenjojo,icon_seamless,0.0
2026-07-03,2026-07-08,Kyenjojo,icon_seamless,0.0
2026-07-03,2026-07-09,Kyenjojo,icon_seamless,0.0
2026-07-03,2026-07-04,Kyenjojo,ukmo_seamless,0.5
2026-07-03,2026-07-05,Kyenjojo,ukmo_seamless,0.2
2026-07-03,2026-07-06,Kyenjojo,ukmo_seamless,0.0
2026-07-03,2026-07-07,Kyenjojo,ukmo_seamless,1.2
2026-07-03,2026-07-08,Kyenjojo,ukmo_seamless,0.0
2026-07-03,2026-07-09,Kyenjojo,ukmo_seamless,0.0
2026-07-03,2026-07-04,Kyenjojo,meteofrance_seamless,0.0
2026-07-03,2026-07-05,Kyenjojo,meteofrance_seamless,0.0
2026-07-03,2026-07-06,Kyenjojo,meteofrance_seamless,0.0
2026-07-03,2026-07-04,Kyenjojo,jma_seamless,0.1
2026-07-03,2026-07-05,Kyenjojo,jma_seamless,0.4
2026-07-03,2026-07-06,Kyenjojo,jma_seamless,0.9
2026-07-03,2026-07-07,Kyenjojo,jma_seamless,0.0
2026-07-03,2026-07-08,Kyenjojo,jma_seamless,0.0
2026-07-03,2026-07-09,Kyenjojo,jma_seamless,0.0
2026-07-03,2026-07-04,Kyenjojo,gem_seamless,0.0
2026-07-03,2026-07-05,Kyenjojo,gem_seamless,0.0
2026-07-03,2026-07-06,Kyenjojo,gem_seamless,0.0
2026-07-03,2026-07-07,Kyenjojo,gem_seamless,4.8
2026-07-03,2026-07-08,Kyenjojo,gem_seamless,0.5
2026-07-03,2026-07-09,Kyenjojo,gem_seamless,0.4
2026-07-03,2026-07-04,Kyenjojo,knmi_seamless,0.0
2026-07-03,2026-07-05,Kyenjojo,knmi_seamless,0.0
2026-07-03,2026-07-06,Kyenjojo,knmi_seamless,0.9
2026-07-03,2026-07-07,Kyenjojo,knmi_seamless,1.5
2026-07-03,2026-07-08,Kyenjojo,knmi_seamless,0.0
2026-07-03,2026-07-09,Kyenjojo,knmi_seamless,0.6
2026-07-04,2026-07-05,Agago,ecmwf_ifs025,0.2
2026-07-04,2026-07-06,Agago,ecmwf_ifs025,0.3
2026-07-04,2026-07-07,Agago,ecmwf_ifs025,0.1
2026-07-04,2026-07-08,Agago,ecmwf_ifs025,0.1
2026-07-04,2026-07-09,Agago,ecmwf_ifs025,2.4
2026-07-04,2026-07-10,Agago,ecmwf_ifs025,4.1
2026-07-04,2026-07-05,Agago,ecmwf_aifs025_single,0.7
2026-07-04,2026-07-06,Agago,ecmwf_aifs025_single,1.1
2026-07-04,2026-07-07,Agago,ecmwf_aifs025_single,0.1
2026-07-04,2026-07-08,Agago,ecmwf_aifs025_single,0.3
2026-07-04,2026-07-09,Agago,ecmwf_aifs025_single,1.2
2026-07-04,2026-07-10,Agago,ecmwf_aifs025_single,2.1
2026-07-04,2026-07-05,Agago,gfs_seamless,1.2
2026-07-04,2026-07-06,Agago,gfs_seamless,0.1
2026-07-04,2026-07-07,Agago,gfs_seamless,0.0
2026-07-04,2026-07-08,Agago,gfs_seamless,0.6
2026-07-04,2026-07-09,Agago,gfs_seamless,0.0
2026-07-04,2026-07-10,Agago,gfs_seamless,7.5
2026-07-04,2026-07-05,Agago,icon_seamless,0.6
2026-07-04,2026-07-06,Agago,icon_seamless,0.0
2026-07-04,2026-07-07,Agago,icon_seamless,0.0
2026-07-04,2026-07-08,Agago,icon_seamless,0.2
2026-07-04,2026-07-09,Agago,icon_seamless,5.8
2026-07-04,2026-07-10,Agago,icon_seamless,4.8
2026-07-04,2026-07-05,Agago,ukmo_seamless,0.3
2026-07-04,2026-07-06,Agago,ukmo_seamless,0.4
2026-07-04,2026-07-07,Agago,ukmo_seamless,0.0
2026-07-04,2026-07-08,Agago,ukmo_seamless,0.0
2026-07-04,2026-07-09,Agago,ukmo_seamless,0.3
2026-07-04,2026-07-10,Agago,ukmo_seamless,0.0
2026-07-04,2026-07-05,Agago,meteofrance_seamless,13.9
2026-07-04,2026-07-06,Agago,meteofrance_seamless,1.2
2026-07-04,2026-07-07,Agago,meteofrance_seamless,0.0
2026-07-04,2026-07-05,Agago,jma_seamless,0.5
2026-07-04,2026-07-06,Agago,jma_seamless,0.0
2026-07-04,2026-07-07,Agago,jma_seamless,0.3
2026-07-04,2026-07-08,Agago,jma_seamless,0.0
2026-07-04,2026-07-09,Agago,jma_seamless,0.5
2026-07-04,2026-07-10,Agago,jma_seamless,2.8
2026-07-04,2026-07-05,Agago,gem_seamless,0.0
2026-07-04,2026-07-06,Agago,gem_seamless,3.1
2026-07-04,2026-07-07,Agago,gem_seamless,0.4
2026-07-04,2026-07-08,Agago,gem_seamless,0.2
2026-07-04,2026-07-09,Agago,gem_seamless,4.4
2026-07-04,2026-07-10,Agago,gem_seamless,15.8
2026-07-04,2026-07-05,Agago,knmi_seamless,0.4
2026-07-04,2026-07-06,Agago,knmi_seamless,1.1
2026-07-04,2026-07-07,Agago,knmi_seamless,0.2
2026-07-04,2026-07-08,Agago,knmi_seamless,0.0
2026-07-04,2026-07-09,Agago,knmi_seamless,12.3
2026-07-04,2026-07-10,Agago,knmi_seamless,3.0
2026-07-04,2026-07-05,Otuke,ecmwf_ifs025,0.5
2026-07-04,2026-07-06,Otuke,ecmwf_ifs025,0.5
2026-07-04,2026-07-07,Otuke,ecmwf_ifs025,0.0
2026-07-04,2026-07-08,Otuke,ecmwf_ifs025,0.6
2026-07-04,2026-07-09,Otuke,ecmwf_ifs025,1.3
2026-07-04,2026-07-10,Otuke,ecmwf_ifs025,3.4
2026-07-04,2026-07-05,Otuke,ecmwf_aifs025_single,0.6
2026-07-04,2026-07-06,Otuke,ecmwf_aifs025_single,1.3
2026-07-04,2026-07-07,Otuke,ecmwf_aifs025_single,0.1
2026-07-04,2026-07-08,Otuke,ecmwf_aifs025_single,0.5
2026-07-04,2026-07-09,Otuke,ecmwf_aifs025_single,1.3
2026-07-04,2026-07-10,Otuke,ecmwf_aifs025_single,2.3
2026-07-04,2026-07-05,Otuke,gfs_seamless,0.1
2026-07-04,2026-07-06,Otuke,gfs_seamless,0.0
2026-07-04,2026-07-07,Otuke,gfs_seamless,0.0
2026-07-04,2026-07-08,Otuke,gfs_seamless,0.0
2026-07-04,2026-07-09,Otuke,gfs_seamless,0.0
2026-07-04,2026-07-10,Otuke,gfs_seamless,2.4
2026-07-04,2026-07-05,Otuke,icon_seamless,0.3
2026-07-04,2026-07-06,Otuke,icon_seamless,0.9
2026-07-04,2026-07-07,Otuke,icon_seamless,0.0
2026-07-04,2026-07-08,Otuke,icon_seamless,0.6
2026-07-04,2026-07-09,Otuke,icon_seamless,7.5
2026-07-04,2026-07-10,Otuke,icon_seamless,12.6
2026-07-04,2026-07-05,Otuke,ukmo_seamless,0.0
2026-07-04,2026-07-06,Otuke,ukmo_seamless,0.3
2026-07-04,2026-07-07,Otuke,ukmo_seamless,0.0
2026-07-04,2026-07-08,Otuke,ukmo_seamless,0.0
2026-07-04,2026-07-09,Otuke,ukmo_seamless,0.6
2026-07-04,2026-07-10,Otuke,ukmo_seamless,0.2
2026-07-04,2026-07-05,Otuke,meteofrance_seamless,1.6
2026-07-04,2026-07-06,Otuke,meteofrance_seamless,1.6
2026-07-04,2026-07-07,Otuke,meteofrance_seamless,0.2
2026-07-04,2026-07-05,Otuke,jma_seamless,0.3
2026-07-04,2026-07-06,Otuke,jma_seamless,0.0
2026-07-04,2026-07-07,Otuke,jma_seamless,2.0
2026-07-04,2026-07-08,Otuke,jma_seamless,0.0
2026-07-04,2026-07-09,Otuke,jma_seamless,0.0
2026-07-04,2026-07-10,Otuke,jma_seamless,2.5
2026-07-04,2026-07-05,Otuke,gem_seamless,4.9
2026-07-04,2026-07-06,Otuke,gem_seamless,2.6
2026-07-04,2026-07-07,Otuke,gem_seamless,0.3
2026-07-04,2026-07-08,Otuke,gem_seamless,1.0
2026-07-04,2026-07-09,Otuke,gem_seamless,1.0
2026-07-04,2026-07-10,Otuke,gem_seamless,7.9
2026-07-04,2026-07-05,Otuke,knmi_seamless,0.5
2026-07-04,2026-07-06,Otuke,knmi_seamless,0.7
2026-07-04,2026-07-07,Otuke,knmi_seamless,0.0
2026-07-04,2026-07-08,Otuke,knmi_seamless,0.5
2026-07-04,2026-07-09,Otuke,knmi_seamless,1.2
2026-07-04,2026-07-10,Otuke,knmi_seamless,3.0
2026-07-04,2026-07-05,Kitgum,ecmwf_ifs025,0.5
2026-07-04,2026-07-06,Kitgum,ecmwf_ifs025,1.8
2026-07-04,2026-07-07,Kitgum,ecmwf_ifs025,0.0
2026-07-04,2026-07-08,Kitgum,ecmwf_ifs025,0.3
2026-07-04,2026-07-09,Kitgum,ecmwf_ifs025,5.8
2026-07-04,2026-07-10,Kitgum,ecmwf_ifs025,3.5
2026-07-04,2026-07-05,Kitgum,ecmwf_aifs025_single,0.9
2026-07-04,2026-07-06,Kitgum,ecmwf_aifs025_single,1.2
2026-07-04,2026-07-07,Kitgum,ecmwf_aifs025_single,0.0
2026-07-04,2026-07-08,Kitgum,ecmwf_aifs025_single,0.3
2026-07-04,2026-07-09,Kitgum,ecmwf_aifs025_single,0.6
2026-07-04,2026-07-10,Kitgum,ecmwf_aifs025_single,2.2
2026-07-04,2026-07-05,Kitgum,gfs_seamless,0.9
2026-07-04,2026-07-06,Kitgum,gfs_seamless,0.1
2026-07-04,2026-07-07,Kitgum,gfs_seamless,0.0
2026-07-04,2026-07-08,Kitgum,gfs_seamless,0.9
2026-07-04,2026-07-09,Kitgum,gfs_seamless,0.3
2026-07-04,2026-07-10,Kitgum,gfs_seamless,4.2
2026-07-04,2026-07-05,Kitgum,icon_seamless,0.1
2026-07-04,2026-07-06,Kitgum,icon_seamless,0.1
2026-07-04,2026-07-07,Kitgum,icon_seamless,0.0
2026-07-04,2026-07-08,Kitgum,icon_seamless,0.0
2026-07-04,2026-07-09,Kitgum,icon_seamless,0.9
2026-07-04,2026-07-10,Kitgum,icon_seamless,14.1
2026-07-04,2026-07-05,Kitgum,ukmo_seamless,0.0
2026-07-04,2026-07-06,Kitgum,ukmo_seamless,1.0
2026-07-04,2026-07-07,Kitgum,ukmo_seamless,0.0
2026-07-04,2026-07-08,Kitgum,ukmo_seamless,0.0
2026-07-04,2026-07-09,Kitgum,ukmo_seamless,0.3
2026-07-04,2026-07-10,Kitgum,ukmo_seamless,0.6
2026-07-04,2026-07-05,Kitgum,meteofrance_seamless,2.8
2026-07-04,2026-07-06,Kitgum,meteofrance_seamless,9.4
2026-07-04,2026-07-07,Kitgum,meteofrance_seamless,1.2
2026-07-04,2026-07-05,Kitgum,jma_seamless,0.0
2026-07-04,2026-07-06,Kitgum,jma_seamless,0.0
2026-07-04,2026-07-07,Kitgum,jma_seamless,0.8
2026-07-04,2026-07-08,Kitgum,jma_seamless,0.0
2026-07-04,2026-07-09,Kitgum,jma_seamless,0.0
2026-07-04,2026-07-10,Kitgum,jma_seamless,2.0
2026-07-04,2026-07-05,Kitgum,gem_seamless,0.5
2026-07-04,2026-07-06,Kitgum,gem_seamless,1.3
2026-07-04,2026-07-07,Kitgum,gem_seamless,2.5
2026-07-04,2026-07-08,Kitgum,gem_seamless,0.0
2026-07-04,2026-07-09,Kitgum,gem_seamless,0.0
2026-07-04,2026-07-10,Kitgum,gem_seamless,12.9
2026-07-04,2026-07-05,Kitgum,knmi_seamless,0.5
2026-07-04,2026-07-06,Kitgum,knmi_seamless,1.5
2026-07-04,2026-07-07,Kitgum,knmi_seamless,0.0
2026-07-04,2026-07-08,Kitgum,knmi_seamless,0.3
2026-07-04,2026-07-09,Kitgum,knmi_seamless,5.4
2026-07-04,2026-07-10,Kitgum,knmi_seamless,2.4
2026-07-04,2026-07-05,Pader,ecmwf_ifs025,0.4
2026-07-04,2026-07-06,Pader,ecmwf_ifs025,0.7
2026-07-04,2026-07-07,Pader,ecmwf_ifs025,0.1
2026-07-04,2026-07-08,Pader,ecmwf_ifs025,0.9
2026-07-04,2026-07-09,Pader,ecmwf_ifs025,4.4
2026-07-04,2026-07-10,Pader,ecmwf_ifs025,2.1
2026-07-04,2026-07-05,Pader,ecmwf_aifs025_single,0.9
2026-07-04,2026-07-06,Pader,ecmwf_aifs025_single,1.3
2026-07-04,2026-07-07,Pader,ecmwf_aifs025_single,0.2
2026-07-04,2026-07-08,Pader,ecmwf_aifs025_single,0.6
2026-07-04,2026-07-09,Pader,ecmwf_aifs025_single,1.0
2026-07-04,2026-07-10,Pader,ecmwf_aifs025_single,2.5
2026-07-04,2026-07-05,Pader,gfs_seamless,0.0
2026-07-04,2026-07-06,Pader,gfs_seamless,0.9
2026-07-04,2026-07-07,Pader,gfs_seamless,0.4
2026-07-04,2026-07-08,Pader,gfs_seamless,0.1
2026-07-04,2026-07-09,Pader,gfs_seamless,0.6
2026-07-04,2026-07-10,Pader,gfs_seamless,2.9
2026-07-04,2026-07-05,Pader,icon_seamless,0.8
2026-07-04,2026-07-06,Pader,icon_seamless,0.9
2026-07-04,2026-07-07,Pader,icon_seamless,0.0
2026-07-04,2026-07-08,Pader,icon_seamless,0.0
2026-07-04,2026-07-09,Pader,icon_seamless,0.0
2026-07-04,2026-07-10,Pader,icon_seamless,6.6
2026-07-04,2026-07-05,Pader,ukmo_seamless,0.2
2026-07-04,2026-07-06,Pader,ukmo_seamless,0.6
2026-07-04,2026-07-07,Pader,ukmo_seamless,0.0
2026-07-04,2026-07-08,Pader,ukmo_seamless,0.0
2026-07-04,2026-07-09,Pader,ukmo_seamless,0.0
2026-07-04,2026-07-10,Pader,ukmo_seamless,0.0
2026-07-04,2026-07-05,Pader,meteofrance_seamless,12.7
2026-07-04,2026-07-06,Pader,meteofrance_seamless,3.4
2026-07-04,2026-07-07,Pader,meteofrance_seamless,0.3
2026-07-04,2026-07-05,Pader,jma_seamless,0.9
2026-07-04,2026-07-06,Pader,jma_seamless,1.4
2026-07-04,2026-07-07,Pader,jma_seamless,1.1
2026-07-04,2026-07-08,Pader,jma_seamless,0.0
2026-07-04,2026-07-09,Pader,jma_seamless,0.0
2026-07-04,2026-07-10,Pader,jma_seamless,3.5
2026-07-04,2026-07-05,Pader,gem_seamless,2.2
2026-07-04,2026-07-06,Pader,gem_seamless,3.1
2026-07-04,2026-07-07,Pader,gem_seamless,0.0
2026-07-04,2026-07-08,Pader,gem_seamless,1.1
2026-07-04,2026-07-09,Pader,gem_seamless,2.4
2026-07-04,2026-07-10,Pader,gem_seamless,9.7
2026-07-04,2026-07-05,Pader,knmi_seamless,0.2
2026-07-04,2026-07-06,Pader,knmi_seamless,2.0
2026-07-04,2026-07-07,Pader,knmi_seamless,0.8
2026-07-04,2026-07-08,Pader,knmi_seamless,0.9
2026-07-04,2026-07-09,Pader,knmi_seamless,1.2
2026-07-04,2026-07-10,Pader,knmi_seamless,2.1
2026-07-04,2026-07-05,Alebtong,ecmwf_ifs025,0.8
2026-07-04,2026-07-06,Alebtong,ecmwf_ifs025,1.2
2026-07-04,2026-07-07,Alebtong,ecmwf_ifs025,0.2
2026-07-04,2026-07-08,Alebtong,ecmwf_ifs025,0.2
2026-07-04,2026-07-09,Alebtong,ecmwf_ifs025,0.8
2026-07-04,2026-07-10,Alebtong,ecmwf_ifs025,1.6
2026-07-04,2026-07-05,Alebtong,ecmwf_aifs025_single,0.7
2026-07-04,2026-07-06,Alebtong,ecmwf_aifs025_single,1.4
2026-07-04,2026-07-07,Alebtong,ecmwf_aifs025_single,0.4
2026-07-04,2026-07-08,Alebtong,ecmwf_aifs025_single,0.9
2026-07-04,2026-07-09,Alebtong,ecmwf_aifs025_single,1.2
2026-07-04,2026-07-10,Alebtong,ecmwf_aifs025_single,2.4
2026-07-04,2026-07-05,Alebtong,gfs_seamless,3.2
2026-07-04,2026-07-06,Alebtong,gfs_seamless,2.3
2026-07-04,2026-07-07,Alebtong,gfs_seamless,0.0
2026-07-04,2026-07-08,Alebtong,gfs_seamless,0.0
2026-07-04,2026-07-09,Alebtong,gfs_seamless,0.5
2026-07-04,2026-07-10,Alebtong,gfs_seamless,0.9
2026-07-04,2026-07-05,Alebtong,icon_seamless,2.5
2026-07-04,2026-07-06,Alebtong,icon_seamless,4.3
2026-07-04,2026-07-07,Alebtong,icon_seamless,0.1
2026-07-04,2026-07-08,Alebtong,icon_seamless,0.0
2026-07-04,2026-07-09,Alebtong,icon_seamless,0.3
2026-07-04,2026-07-10,Alebtong,icon_seamless,14.1
2026-07-04,2026-07-05,Alebtong,ukmo_seamless,0.4
2026-07-04,2026-07-06,Alebtong,ukmo_seamless,1.2
2026-07-04,2026-07-07,Alebtong,ukmo_seamless,0.0
2026-07-04,2026-07-08,Alebtong,ukmo_seamless,0.0
2026-07-04,2026-07-09,Alebtong,ukmo_seamless,0.3
2026-07-04,2026-07-10,Alebtong,ukmo_seamless,0.8
2026-07-04,2026-07-05,Alebtong,meteofrance_seamless,0.4
2026-07-04,2026-07-06,Alebtong,meteofrance_seamless,1.0
2026-07-04,2026-07-07,Alebtong,meteofrance_seamless,0.2
2026-07-04,2026-07-05,Alebtong,jma_seamless,1.3
2026-07-04,2026-07-06,Alebtong,jma_seamless,4.6
2026-07-04,2026-07-07,Alebtong,jma_seamless,2.3
2026-07-04,2026-07-08,Alebtong,jma_seamless,0.3
2026-07-04,2026-07-09,Alebtong,jma_seamless,0.0
2026-07-04,2026-07-10,Alebtong,jma_seamless,3.3
2026-07-04,2026-07-05,Alebtong,gem_seamless,4.2
2026-07-04,2026-07-06,Alebtong,gem_seamless,3.3
2026-07-04,2026-07-07,Alebtong,gem_seamless,0.0
2026-07-04,2026-07-08,Alebtong,gem_seamless,1.0
2026-07-04,2026-07-09,Alebtong,gem_seamless,1.0
2026-07-04,2026-07-10,Alebtong,gem_seamless,12.3
2026-07-04,2026-07-05,Alebtong,knmi_seamless,0.3
2026-07-04,2026-07-06,Alebtong,knmi_seamless,0.6
2026-07-04,2026-07-07,Alebtong,knmi_seamless,0.3
2026-07-04,2026-07-08,Alebtong,knmi_seamless,0.6
2026-07-04,2026-07-09,Alebtong,knmi_seamless,0.3
2026-07-04,2026-07-10,Alebtong,knmi_seamless,3.6
2026-07-04,2026-07-05,Lira,ecmwf_ifs025,0.4
2026-07-04,2026-07-06,Lira,ecmwf_ifs025,0.8
2026-07-04,2026-07-07,Lira,ecmwf_ifs025,0.1
2026-07-04,2026-07-08,Lira,ecmwf_ifs025,1.0
2026-07-04,2026-07-09,Lira,ecmwf_ifs025,0.5
2026-07-04,2026-07-10,Lira,ecmwf_ifs025,4.1
2026-07-04,2026-07-05,Lira,ecmwf_aifs025_single,0.6
2026-07-04,2026-07-06,Lira,ecmwf_aifs025_single,1.6
2026-07-04,2026-07-07,Lira,ecmwf_aifs025_single,0.4
2026-07-04,2026-07-08,Lira,ecmwf_aifs025_single,1.1
2026-07-04,2026-07-09,Lira,ecmwf_aifs025_single,1.2
2026-07-04,2026-07-10,Lira,ecmwf_aifs025_single,2.8
2026-07-04,2026-07-05,Lira,gfs_seamless,0.1
2026-07-04,2026-07-06,Lira,gfs_seamless,3.5
2026-07-04,2026-07-07,Lira,gfs_seamless,0.0
2026-07-04,2026-07-08,Lira,gfs_seamless,0.1
2026-07-04,2026-07-09,Lira,gfs_seamless,0.3
2026-07-04,2026-07-10,Lira,gfs_seamless,1.9
2026-07-04,2026-07-05,Lira,icon_seamless,2.1
2026-07-04,2026-07-06,Lira,icon_seamless,2.6
2026-07-04,2026-07-07,Lira,icon_seamless,0.9
2026-07-04,2026-07-08,Lira,icon_seamless,2.7
2026-07-04,2026-07-09,Lira,icon_seamless,0.0
2026-07-04,2026-07-10,Lira,icon_seamless,12.0
2026-07-04,2026-07-05,Lira,ukmo_seamless,0.4
2026-07-04,2026-07-06,Lira,ukmo_seamless,1.3
2026-07-04,2026-07-07,Lira,ukmo_seamless,0.0
2026-07-04,2026-07-08,Lira,ukmo_seamless,0.0
2026-07-04,2026-07-09,Lira,ukmo_seamless,0.3
2026-07-04,2026-07-10,Lira,ukmo_seamless,0.0
2026-07-04,2026-07-05,Lira,meteofrance_seamless,0.1
2026-07-04,2026-07-06,Lira,meteofrance_seamless,0.9
2026-07-04,2026-07-07,Lira,meteofrance_seamless,0.2
2026-07-04,2026-07-05,Lira,jma_seamless,1.3
2026-07-04,2026-07-06,Lira,jma_seamless,4.6
2026-07-04,2026-07-07,Lira,jma_seamless,2.3
2026-07-04,2026-07-08,Lira,jma_seamless,0.3
2026-07-04,2026-07-09,Lira,jma_seamless,0.0
2026-07-04,2026-07-10,Lira,jma_seamless,3.3
2026-07-04,2026-07-05,Lira,gem_seamless,1.1
2026-07-04,2026-07-06,Lira,gem_seamless,3.2
2026-07-04,2026-07-07,Lira,gem_seamless,0.9
2026-07-04,2026-07-08,Lira,gem_seamless,0.9
2026-07-04,2026-07-09,Lira,gem_seamless,2.2
2026-07-04,2026-07-10,Lira,gem_seamless,14.2
2026-07-04,2026-07-05,Lira,knmi_seamless,0.7
2026-07-04,2026-07-06,Lira,knmi_seamless,0.5
2026-07-04,2026-07-07,Lira,knmi_seamless,0.1
2026-07-04,2026-07-08,Lira,knmi_seamless,1.2
2026-07-04,2026-07-09,Lira,knmi_seamless,0.9
2026-07-04,2026-07-10,Lira,knmi_seamless,3.0
2026-07-04,2026-07-05,Kole,ecmwf_ifs025,1.1
2026-07-04,2026-07-06,Kole,ecmwf_ifs025,0.8
2026-07-04,2026-07-07,Kole,ecmwf_ifs025,0.5
2026-07-04,2026-07-08,Kole,ecmwf_ifs025,0.8
2026-07-04,2026-07-09,Kole,ecmwf_ifs025,1.3
2026-07-04,2026-07-10,Kole,ecmwf_ifs025,3.9
2026-07-04,2026-07-05,Kole,ecmwf_aifs025_single,0.5
2026-07-04,2026-07-06,Kole,ecmwf_aifs025_single,1.5
2026-07-04,2026-07-07,Kole,ecmwf_aifs025_single,1.1
2026-07-04,2026-07-08,Kole,ecmwf_aifs025_single,1.2
2026-07-04,2026-07-09,Kole,ecmwf_aifs025_single,0.7
2026-07-04,2026-07-10,Kole,ecmwf_aifs025_single,2.6
2026-07-04,2026-07-05,Kole,gfs_seamless,0.5
2026-07-04,2026-07-06,Kole,gfs_seamless,3.6
2026-07-04,2026-07-07,Kole,gfs_seamless,0.0
2026-07-04,2026-07-08,Kole,gfs_seamless,0.2
2026-07-04,2026-07-09,Kole,gfs_seamless,0.0
2026-07-04,2026-07-10,Kole,gfs_seamless,5.1
2026-07-04,2026-07-05,Kole,icon_seamless,2.2
2026-07-04,2026-07-06,Kole,icon_seamless,3.1
2026-07-04,2026-07-07,Kole,icon_seamless,1.0
2026-07-04,2026-07-08,Kole,icon_seamless,2.1
2026-07-04,2026-07-09,Kole,icon_seamless,0.0
2026-07-04,2026-07-10,Kole,icon_seamless,11.4
2026-07-04,2026-07-05,Kole,ukmo_seamless,0.5
2026-07-04,2026-07-06,Kole,ukmo_seamless,0.7
2026-07-04,2026-07-07,Kole,ukmo_seamless,0.0
2026-07-04,2026-07-08,Kole,ukmo_seamless,0.0
2026-07-04,2026-07-09,Kole,ukmo_seamless,0.0
2026-07-04,2026-07-10,Kole,ukmo_seamless,0.0
2026-07-04,2026-07-05,Kole,meteofrance_seamless,1.2
2026-07-04,2026-07-06,Kole,meteofrance_seamless,0.0
2026-07-04,2026-07-07,Kole,meteofrance_seamless,0.0
2026-07-04,2026-07-05,Kole,jma_seamless,3.0
2026-07-04,2026-07-06,Kole,jma_seamless,2.4
2026-07-04,2026-07-07,Kole,jma_seamless,3.3
2026-07-04,2026-07-08,Kole,jma_seamless,0.0
2026-07-04,2026-07-09,Kole,jma_seamless,0.0
2026-07-04,2026-07-10,Kole,jma_seamless,0.0
2026-07-04,2026-07-05,Kole,gem_seamless,0.5
2026-07-04,2026-07-06,Kole,gem_seamless,2.0
2026-07-04,2026-07-07,Kole,gem_seamless,1.2
2026-07-04,2026-07-08,Kole,gem_seamless,0.4
2026-07-04,2026-07-09,Kole,gem_seamless,1.6
2026-07-04,2026-07-10,Kole,gem_seamless,9.5
2026-07-04,2026-07-05,Kole,knmi_seamless,0.2
2026-07-04,2026-07-06,Kole,knmi_seamless,0.8
2026-07-04,2026-07-07,Kole,knmi_seamless,0.4
2026-07-04,2026-07-08,Kole,knmi_seamless,0.7
2026-07-04,2026-07-09,Kole,knmi_seamless,2.4
2026-07-04,2026-07-10,Kole,knmi_seamless,3.0
2026-07-04,2026-07-05,Oyam,ecmwf_ifs025,1.9
2026-07-04,2026-07-06,Oyam,ecmwf_ifs025,2.0
2026-07-04,2026-07-07,Oyam,ecmwf_ifs025,0.6
2026-07-04,2026-07-08,Oyam,ecmwf_ifs025,2.4
2026-07-04,2026-07-09,Oyam,ecmwf_ifs025,1.0
2026-07-04,2026-07-10,Oyam,ecmwf_ifs025,3.7
2026-07-04,2026-07-05,Oyam,ecmwf_aifs025_single,0.5
2026-07-04,2026-07-06,Oyam,ecmwf_aifs025_single,1.8
2026-07-04,2026-07-07,Oyam,ecmwf_aifs025_single,1.2
2026-07-04,2026-07-08,Oyam,ecmwf_aifs025_single,1.5
2026-07-04,2026-07-09,Oyam,ecmwf_aifs025_single,0.6
2026-07-04,2026-07-10,Oyam,ecmwf_aifs025_single,2.9
2026-07-04,2026-07-05,Oyam,gfs_seamless,0.9
2026-07-04,2026-07-06,Oyam,gfs_seamless,1.9
2026-07-04,2026-07-07,Oyam,gfs_seamless,0.0
2026-07-04,2026-07-08,Oyam,gfs_seamless,0.0
2026-07-04,2026-07-09,Oyam,gfs_seamless,0.0
2026-07-04,2026-07-10,Oyam,gfs_seamless,0.9
2026-07-04,2026-07-05,Oyam,icon_seamless,1.8
2026-07-04,2026-07-06,Oyam,icon_seamless,4.3
2026-07-04,2026-07-07,Oyam,icon_seamless,1.3
2026-07-04,2026-07-08,Oyam,icon_seamless,3.0
2026-07-04,2026-07-09,Oyam,icon_seamless,0.0
2026-07-04,2026-07-10,Oyam,icon_seamless,7.8
2026-07-04,2026-07-05,Oyam,ukmo_seamless,1.0
2026-07-04,2026-07-06,Oyam,ukmo_seamless,0.4
2026-07-04,2026-07-07,Oyam,ukmo_seamless,0.0
2026-07-04,2026-07-08,Oyam,ukmo_seamless,0.0
2026-07-04,2026-07-09,Oyam,ukmo_seamless,0.0
2026-07-04,2026-07-10,Oyam,ukmo_seamless,0.6
2026-07-04,2026-07-05,Oyam,meteofrance_seamless,4.2
2026-07-04,2026-07-06,Oyam,meteofrance_seamless,1.1
2026-07-04,2026-07-07,Oyam,meteofrance_seamless,0.2
2026-07-04,2026-07-05,Oyam,jma_seamless,3.0
2026-07-04,2026-07-06,Oyam,jma_seamless,2.4
2026-07-04,2026-07-07,Oyam,jma_seamless,3.3
2026-07-04,2026-07-08,Oyam,jma_seamless,0.0
2026-07-04,2026-07-09,Oyam,jma_seamless,0.0
2026-07-04,2026-07-10,Oyam,jma_seamless,0.0
2026-07-04,2026-07-05,Oyam,gem_seamless,0.0
2026-07-04,2026-07-06,Oyam,gem_seamless,0.6
2026-07-04,2026-07-07,Oyam,gem_seamless,1.2
2026-07-04,2026-07-08,Oyam,gem_seamless,0.5
2026-07-04,2026-07-09,Oyam,gem_seamless,0.4
2026-07-04,2026-07-10,Oyam,gem_seamless,7.0
2026-07-04,2026-07-05,Oyam,knmi_seamless,0.7
2026-07-04,2026-07-06,Oyam,knmi_seamless,3.1
2026-07-04,2026-07-07,Oyam,knmi_seamless,0.2
2026-07-04,2026-07-08,Oyam,knmi_seamless,1.8
2026-07-04,2026-07-09,Oyam,knmi_seamless,0.9
2026-07-04,2026-07-10,Oyam,knmi_seamless,3.0
2026-07-04,2026-07-05,Apac,ecmwf_ifs025,1.1
2026-07-04,2026-07-06,Apac,ecmwf_ifs025,2.0
2026-07-04,2026-07-07,Apac,ecmwf_ifs025,0.6
2026-07-04,2026-07-08,Apac,ecmwf_ifs025,0.8
2026-07-04,2026-07-09,Apac,ecmwf_ifs025,1.8
2026-07-04,2026-07-10,Apac,ecmwf_ifs025,3.5
2026-07-04,2026-07-05,Apac,ecmwf_aifs025_single,0.4
2026-07-04,2026-07-06,Apac,ecmwf_aifs025_single,1.5
2026-07-04,2026-07-07,Apac,ecmwf_aifs025_single,1.2
2026-07-04,2026-07-08,Apac,ecmwf_aifs025_single,1.0
2026-07-04,2026-07-09,Apac,ecmwf_aifs025_single,0.4
2026-07-04,2026-07-10,Apac,ecmwf_aifs025_single,2.3
2026-07-04,2026-07-05,Apac,gfs_seamless,0.0
2026-07-04,2026-07-06,Apac,gfs_seamless,2.0
2026-07-04,2026-07-07,Apac,gfs_seamless,0.1
2026-07-04,2026-07-08,Apac,gfs_seamless,0.0
2026-07-04,2026-07-09,Apac,gfs_seamless,0.5
2026-07-04,2026-07-10,Apac,gfs_seamless,0.7
2026-07-04,2026-07-05,Apac,icon_seamless,12.0
2026-07-04,2026-07-06,Apac,icon_seamless,5.1
2026-07-04,2026-07-07,Apac,icon_seamless,0.3
2026-07-04,2026-07-08,Apac,icon_seamless,2.1
2026-07-04,2026-07-09,Apac,icon_seamless,0.0
2026-07-04,2026-07-10,Apac,icon_seamless,12.9
2026-07-04,2026-07-05,Apac,ukmo_seamless,1.6
2026-07-04,2026-07-06,Apac,ukmo_seamless,0.2
2026-07-04,2026-07-07,Apac,ukmo_seamless,0.3
2026-07-04,2026-07-08,Apac,ukmo_seamless,0.0
2026-07-04,2026-07-09,Apac,ukmo_seamless,0.3
2026-07-04,2026-07-10,Apac,ukmo_seamless,0.0
2026-07-04,2026-07-05,Apac,meteofrance_seamless,8.3
2026-07-04,2026-07-06,Apac,meteofrance_seamless,0.0
2026-07-04,2026-07-07,Apac,meteofrance_seamless,0.0
2026-07-04,2026-07-05,Apac,jma_seamless,1.0
2026-07-04,2026-07-06,Apac,jma_seamless,1.9
2026-07-04,2026-07-07,Apac,jma_seamless,0.3
2026-07-04,2026-07-08,Apac,jma_seamless,0.0
2026-07-04,2026-07-09,Apac,jma_seamless,0.0
2026-07-04,2026-07-10,Apac,jma_seamless,0.0
2026-07-04,2026-07-05,Apac,gem_seamless,0.5
2026-07-04,2026-07-06,Apac,gem_seamless,0.1
2026-07-04,2026-07-07,Apac,gem_seamless,0.1
2026-07-04,2026-07-08,Apac,gem_seamless,1.6
2026-07-04,2026-07-09,Apac,gem_seamless,0.5
2026-07-04,2026-07-10,Apac,gem_seamless,1.2
2026-07-04,2026-07-05,Apac,knmi_seamless,0.9
2026-07-04,2026-07-06,Apac,knmi_seamless,1.2
2026-07-04,2026-07-07,Apac,knmi_seamless,0.6
2026-07-04,2026-07-08,Apac,knmi_seamless,0.9
2026-07-04,2026-07-09,Apac,knmi_seamless,0.6
2026-07-04,2026-07-10,Apac,knmi_seamless,0.9
2026-07-04,2026-07-05,Gulu,ecmwf_ifs025,1.4
2026-07-04,2026-07-06,Gulu,ecmwf_ifs025,3.4
2026-07-04,2026-07-07,Gulu,ecmwf_ifs025,0.2
2026-07-04,2026-07-08,Gulu,ecmwf_ifs025,1.3
2026-07-04,2026-07-09,Gulu,ecmwf_ifs025,0.3
2026-07-04,2026-07-10,Gulu,ecmwf_ifs025,5.1
2026-07-04,2026-07-05,Gulu,ecmwf_aifs025_single,0.8
2026-07-04,2026-07-06,Gulu,ecmwf_aifs025_single,1.8
2026-07-04,2026-07-07,Gulu,ecmwf_aifs025_single,0.6
2026-07-04,2026-07-08,Gulu,ecmwf_aifs025_single,1.5
2026-07-04,2026-07-09,Gulu,ecmwf_aifs025_single,0.8
2026-07-04,2026-07-10,Gulu,ecmwf_aifs025_single,3.5
2026-07-04,2026-07-05,Gulu,gfs_seamless,1.6
2026-07-04,2026-07-06,Gulu,gfs_seamless,0.3
2026-07-04,2026-07-07,Gulu,gfs_seamless,0.3
2026-07-04,2026-07-08,Gulu,gfs_seamless,0.0
2026-07-04,2026-07-09,Gulu,gfs_seamless,0.2
2026-07-04,2026-07-10,Gulu,gfs_seamless,2.1
2026-07-04,2026-07-05,Gulu,icon_seamless,3.2
2026-07-04,2026-07-06,Gulu,icon_seamless,6.4
2026-07-04,2026-07-07,Gulu,icon_seamless,0.1
2026-07-04,2026-07-08,Gulu,icon_seamless,1.2
2026-07-04,2026-07-09,Gulu,icon_seamless,0.6
2026-07-04,2026-07-10,Gulu,icon_seamless,13.5
2026-07-04,2026-07-05,Gulu,ukmo_seamless,1.1
2026-07-04,2026-07-06,Gulu,ukmo_seamless,0.0
2026-07-04,2026-07-07,Gulu,ukmo_seamless,0.0
2026-07-04,2026-07-08,Gulu,ukmo_seamless,0.0
2026-07-04,2026-07-09,Gulu,ukmo_seamless,0.0
2026-07-04,2026-07-10,Gulu,ukmo_seamless,1.2
2026-07-04,2026-07-05,Gulu,meteofrance_seamless,3.9
2026-07-04,2026-07-06,Gulu,meteofrance_seamless,4.6
2026-07-04,2026-07-07,Gulu,meteofrance_seamless,1.2
2026-07-04,2026-07-05,Gulu,jma_seamless,2.1
2026-07-04,2026-07-06,Gulu,jma_seamless,3.8
2026-07-04,2026-07-07,Gulu,jma_seamless,3.8
2026-07-04,2026-07-08,Gulu,jma_seamless,0.0
2026-07-04,2026-07-09,Gulu,jma_seamless,0.0
2026-07-04,2026-07-10,Gulu,jma_seamless,2.0
2026-07-04,2026-07-05,Gulu,gem_seamless,0.0
2026-07-04,2026-07-06,Gulu,gem_seamless,1.4
2026-07-04,2026-07-07,Gulu,gem_seamless,2.1
2026-07-04,2026-07-08,Gulu,gem_seamless,1.4
2026-07-04,2026-07-09,Gulu,gem_seamless,0.0
2026-07-04,2026-07-10,Gulu,gem_seamless,5.7
2026-07-04,2026-07-05,Gulu,knmi_seamless,2.5
2026-07-04,2026-07-06,Gulu,knmi_seamless,3.2
2026-07-04,2026-07-07,Gulu,knmi_seamless,0.4
2026-07-04,2026-07-08,Gulu,knmi_seamless,2.2
2026-07-04,2026-07-09,Gulu,knmi_seamless,0.9
2026-07-04,2026-07-10,Gulu,knmi_seamless,3.9
2026-07-04,2026-07-05,Omoro,ecmwf_ifs025,0.5
2026-07-04,2026-07-06,Omoro,ecmwf_ifs025,6.9
2026-07-04,2026-07-07,Omoro,ecmwf_ifs025,0.4
2026-07-04,2026-07-08,Omoro,ecmwf_ifs025,0.8
2026-07-04,2026-07-09,Omoro,ecmwf_ifs025,2.2
2026-07-04,2026-07-10,Omoro,ecmwf_ifs025,4.2
2026-07-04,2026-07-05,Omoro,ecmwf_aifs025_single,0.7
2026-07-04,2026-07-06,Omoro,ecmwf_aifs025_single,1.8
2026-07-04,2026-07-07,Omoro,ecmwf_aifs025_single,0.4
2026-07-04,2026-07-08,Omoro,ecmwf_aifs025_single,1.3
2026-07-04,2026-07-09,Omoro,ecmwf_aifs025_single,1.1
2026-07-04,2026-07-10,Omoro,ecmwf_aifs025_single,3.1
2026-07-04,2026-07-05,Omoro,gfs_seamless,1.2
2026-07-04,2026-07-06,Omoro,gfs_seamless,2.2
2026-07-04,2026-07-07,Omoro,gfs_seamless,0.0
2026-07-04,2026-07-08,Omoro,gfs_seamless,0.3
2026-07-04,2026-07-09,Omoro,gfs_seamless,0.0
2026-07-04,2026-07-10,Omoro,gfs_seamless,1.7
2026-07-04,2026-07-05,Omoro,icon_seamless,2.7
2026-07-04,2026-07-06,Omoro,icon_seamless,3.5
2026-07-04,2026-07-07,Omoro,icon_seamless,1.9
2026-07-04,2026-07-08,Omoro,icon_seamless,0.6
2026-07-04,2026-07-09,Omoro,icon_seamless,0.0
2026-07-04,2026-07-10,Omoro,icon_seamless,14.1
2026-07-04,2026-07-05,Omoro,ukmo_seamless,0.5
2026-07-04,2026-07-06,Omoro,ukmo_seamless,0.3
2026-07-04,2026-07-07,Omoro,ukmo_seamless,0.0
2026-07-04,2026-07-08,Omoro,ukmo_seamless,0.0
2026-07-04,2026-07-09,Omoro,ukmo_seamless,0.0
2026-07-04,2026-07-10,Omoro,ukmo_seamless,0.6
2026-07-04,2026-07-05,Omoro,meteofrance_seamless,2.7
2026-07-04,2026-07-06,Omoro,meteofrance_seamless,2.3
2026-07-04,2026-07-07,Omoro,meteofrance_seamless,0.6
2026-07-04,2026-07-05,Omoro,jma_seamless,3.0
2026-07-04,2026-07-06,Omoro,jma_seamless,2.4
2026-07-04,2026-07-07,Omoro,jma_seamless,3.3
2026-07-04,2026-07-08,Omoro,jma_seamless,0.0
2026-07-04,2026-07-09,Omoro,jma_seamless,0.0
2026-07-04,2026-07-10,Omoro,jma_seamless,0.0
2026-07-04,2026-07-05,Omoro,gem_seamless,1.7
2026-07-04,2026-07-06,Omoro,gem_seamless,2.3
2026-07-04,2026-07-07,Omoro,gem_seamless,1.2
2026-07-04,2026-07-08,Omoro,gem_seamless,0.9
2026-07-04,2026-07-09,Omoro,gem_seamless,4.5
2026-07-04,2026-07-10,Omoro,gem_seamless,11.1
2026-07-04,2026-07-05,Omoro,knmi_seamless,0.8
2026-07-04,2026-07-06,Omoro,knmi_seamless,6.8
2026-07-04,2026-07-07,Omoro,knmi_seamless,0.3
2026-07-04,2026-07-08,Omoro,knmi_seamless,0.1
2026-07-04,2026-07-09,Omoro,knmi_seamless,1.2
2026-07-04,2026-07-10,Omoro,knmi_seamless,4.5
2026-07-04,2026-07-05,Nwoya,ecmwf_ifs025,1.0
2026-07-04,2026-07-06,Nwoya,ecmwf_ifs025,25.6
2026-07-04,2026-07-07,Nwoya,ecmwf_ifs025,0.7
2026-07-04,2026-07-08,Nwoya,ecmwf_ifs025,3.3
2026-07-04,2026-07-09,Nwoya,ecmwf_ifs025,0.5
2026-07-04,2026-07-10,Nwoya,ecmwf_ifs025,2.1
2026-07-04,2026-07-05,Nwoya,ecmwf_aifs025_single,1.1
2026-07-04,2026-07-06,Nwoya,ecmwf_aifs025_single,2.0
2026-07-04,2026-07-07,Nwoya,ecmwf_aifs025_single,1.5
2026-07-04,2026-07-08,Nwoya,ecmwf_aifs025_single,1.5
2026-07-04,2026-07-09,Nwoya,ecmwf_aifs025_single,0.4
2026-07-04,2026-07-10,Nwoya,ecmwf_aifs025_single,3.0
2026-07-04,2026-07-05,Nwoya,gfs_seamless,2.4
2026-07-04,2026-07-06,Nwoya,gfs_seamless,3.2
2026-07-04,2026-07-07,Nwoya,gfs_seamless,0.5
2026-07-04,2026-07-08,Nwoya,gfs_seamless,0.2
2026-07-04,2026-07-09,Nwoya,gfs_seamless,0.7
2026-07-04,2026-07-10,Nwoya,gfs_seamless,0.8
2026-07-04,2026-07-05,Nwoya,icon_seamless,6.1
2026-07-04,2026-07-06,Nwoya,icon_seamless,7.9
2026-07-04,2026-07-07,Nwoya,icon_seamless,0.0
2026-07-04,2026-07-08,Nwoya,icon_seamless,3.0
2026-07-04,2026-07-09,Nwoya,icon_seamless,0.0
2026-07-04,2026-07-10,Nwoya,icon_seamless,6.0
2026-07-04,2026-07-05,Nwoya,ukmo_seamless,2.5
2026-07-04,2026-07-06,Nwoya,ukmo_seamless,0.0
2026-07-04,2026-07-07,Nwoya,ukmo_seamless,0.0
2026-07-04,2026-07-08,Nwoya,ukmo_seamless,0.0
2026-07-04,2026-07-09,Nwoya,ukmo_seamless,0.0
2026-07-04,2026-07-10,Nwoya,ukmo_seamless,0.6
2026-07-04,2026-07-05,Nwoya,meteofrance_seamless,4.3
2026-07-04,2026-07-06,Nwoya,meteofrance_seamless,1.7
2026-07-04,2026-07-07,Nwoya,meteofrance_seamless,0.0
2026-07-04,2026-07-05,Nwoya,jma_seamless,1.9
2026-07-04,2026-07-06,Nwoya,jma_seamless,5.0
2026-07-04,2026-07-07,Nwoya,jma_seamless,0.0
2026-07-04,2026-07-08,Nwoya,jma_seamless,0.0
2026-07-04,2026-07-09,Nwoya,jma_seamless,0.0
2026-07-04,2026-07-10,Nwoya,jma_seamless,0.0
2026-07-04,2026-07-05,Nwoya,gem_seamless,0.0
2026-07-04,2026-07-06,Nwoya,gem_seamless,1.2
2026-07-04,2026-07-07,Nwoya,gem_seamless,0.9
2026-07-04,2026-07-08,Nwoya,gem_seamless,2.8
2026-07-04,2026-07-09,Nwoya,gem_seamless,0.0
2026-07-04,2026-07-10,Nwoya,gem_seamless,3.9
2026-07-04,2026-07-05,Nwoya,knmi_seamless,1.3
2026-07-04,2026-07-06,Nwoya,knmi_seamless,29.3
2026-07-04,2026-07-07,Nwoya,knmi_seamless,0.9
2026-07-04,2026-07-08,Nwoya,knmi_seamless,2.4
2026-07-04,2026-07-09,Nwoya,knmi_seamless,0.0
2026-07-04,2026-07-10,Nwoya,knmi_seamless,2.4
2026-07-04,2026-07-05,Amuru,ecmwf_ifs025,1.4
2026-07-04,2026-07-06,Amuru,ecmwf_ifs025,1.6
2026-07-04,2026-07-07,Amuru,ecmwf_ifs025,0.3
2026-07-04,2026-07-08,Amuru,ecmwf_ifs025,2.0
2026-07-04,2026-07-09,Amuru,ecmwf_ifs025,0.9
2026-07-04,2026-07-10,Amuru,ecmwf_ifs025,2.4
2026-07-04,2026-07-05,Amuru,ecmwf_aifs025_single,1.5
2026-07-04,2026-07-06,Amuru,ecmwf_aifs025_single,2.5
2026-07-04,2026-07-07,Amuru,ecmwf_aifs025_single,1.3
2026-07-04,2026-07-08,Amuru,ecmwf_aifs025_single,1.9
2026-07-04,2026-07-09,Amuru,ecmwf_aifs025_single,0.5
2026-07-04,2026-07-10,Amuru,ecmwf_aifs025_single,3.8
2026-07-04,2026-07-05,Amuru,gfs_seamless,0.6
2026-07-04,2026-07-06,Amuru,gfs_seamless,3.5
2026-07-04,2026-07-07,Amuru,gfs_seamless,0.7
2026-07-04,2026-07-08,Amuru,gfs_seamless,0.0
2026-07-04,2026-07-09,Amuru,gfs_seamless,0.3
2026-07-04,2026-07-10,Amuru,gfs_seamless,2.0
2026-07-04,2026-07-05,Amuru,icon_seamless,2.1
2026-07-04,2026-07-06,Amuru,icon_seamless,12.3
2026-07-04,2026-07-07,Amuru,icon_seamless,0.0
2026-07-04,2026-07-08,Amuru,icon_seamless,0.6
2026-07-04,2026-07-09,Amuru,icon_seamless,0.9
2026-07-04,2026-07-10,Amuru,icon_seamless,7.8
2026-07-04,2026-07-05,Amuru,ukmo_seamless,1.6
2026-07-04,2026-07-06,Amuru,ukmo_seamless,0.6
2026-07-04,2026-07-07,Amuru,ukmo_seamless,0.0
2026-07-04,2026-07-08,Amuru,ukmo_seamless,0.0
2026-07-04,2026-07-09,Amuru,ukmo_seamless,0.0
2026-07-04,2026-07-10,Amuru,ukmo_seamless,1.2
2026-07-04,2026-07-05,Amuru,meteofrance_seamless,1.4
2026-07-04,2026-07-06,Amuru,meteofrance_seamless,3.1
2026-07-04,2026-07-07,Amuru,meteofrance_seamless,0.6
2026-07-04,2026-07-05,Amuru,jma_seamless,1.2
2026-07-04,2026-07-06,Amuru,jma_seamless,4.6
2026-07-04,2026-07-07,Amuru,jma_seamless,1.5
2026-07-04,2026-07-08,Amuru,jma_seamless,1.1
2026-07-04,2026-07-09,Amuru,jma_seamless,0.0
2026-07-04,2026-07-10,Amuru,jma_seamless,1.6
2026-07-04,2026-07-05,Amuru,gem_seamless,0.2
2026-07-04,2026-07-06,Amuru,gem_seamless,0.1
2026-07-04,2026-07-07,Amuru,gem_seamless,2.3
2026-07-04,2026-07-08,Amuru,gem_seamless,0.0
2026-07-04,2026-07-09,Amuru,gem_seamless,3.6
2026-07-04,2026-07-10,Amuru,gem_seamless,7.5
2026-07-04,2026-07-05,Amuru,knmi_seamless,1.4
2026-07-04,2026-07-06,Amuru,knmi_seamless,1.3
2026-07-04,2026-07-07,Amuru,knmi_seamless,0.1
2026-07-04,2026-07-08,Amuru,knmi_seamless,2.2
2026-07-04,2026-07-09,Amuru,knmi_seamless,1.2
2026-07-04,2026-07-10,Amuru,knmi_seamless,1.8
2026-07-04,2026-07-05,Lamwo,ecmwf_ifs025,0.9
2026-07-04,2026-07-06,Lamwo,ecmwf_ifs025,0.9
2026-07-04,2026-07-07,Lamwo,ecmwf_ifs025,0.0
2026-07-04,2026-07-08,Lamwo,ecmwf_ifs025,0.7
2026-07-04,2026-07-09,Lamwo,ecmwf_ifs025,3.8
2026-07-04,2026-07-10,Lamwo,ecmwf_ifs025,6.7
2026-07-04,2026-07-05,Lamwo,ecmwf_aifs025_single,1.0
2026-07-04,2026-07-06,Lamwo,ecmwf_aifs025_single,1.8
2026-07-04,2026-07-07,Lamwo,ecmwf_aifs025_single,0.2
2026-07-04,2026-07-08,Lamwo,ecmwf_aifs025_single,0.6
2026-07-04,2026-07-09,Lamwo,ecmwf_aifs025_single,0.5
2026-07-04,2026-07-10,Lamwo,ecmwf_aifs025_single,2.8
2026-07-04,2026-07-05,Lamwo,gfs_seamless,0.2
2026-07-04,2026-07-06,Lamwo,gfs_seamless,1.5
2026-07-04,2026-07-07,Lamwo,gfs_seamless,0.2
2026-07-04,2026-07-08,Lamwo,gfs_seamless,0.8
2026-07-04,2026-07-09,Lamwo,gfs_seamless,0.6
2026-07-04,2026-07-10,Lamwo,gfs_seamless,2.1
2026-07-04,2026-07-05,Lamwo,icon_seamless,1.9
2026-07-04,2026-07-06,Lamwo,icon_seamless,0.1
2026-07-04,2026-07-07,Lamwo,icon_seamless,0.0
2026-07-04,2026-07-08,Lamwo,icon_seamless,0.0
2026-07-04,2026-07-09,Lamwo,icon_seamless,1.2
2026-07-04,2026-07-10,Lamwo,icon_seamless,17.4
2026-07-04,2026-07-05,Lamwo,ukmo_seamless,0.8
2026-07-04,2026-07-06,Lamwo,ukmo_seamless,0.4
2026-07-04,2026-07-07,Lamwo,ukmo_seamless,0.0
2026-07-04,2026-07-08,Lamwo,ukmo_seamless,0.0
2026-07-04,2026-07-09,Lamwo,ukmo_seamless,0.0
2026-07-04,2026-07-10,Lamwo,ukmo_seamless,2.4
2026-07-04,2026-07-05,Lamwo,meteofrance_seamless,1.5
2026-07-04,2026-07-06,Lamwo,meteofrance_seamless,16.3
2026-07-04,2026-07-07,Lamwo,meteofrance_seamless,6.1
2026-07-04,2026-07-05,Lamwo,jma_seamless,2.9
2026-07-04,2026-07-06,Lamwo,jma_seamless,1.1
2026-07-04,2026-07-07,Lamwo,jma_seamless,3.0
2026-07-04,2026-07-08,Lamwo,jma_seamless,0.3
2026-07-04,2026-07-09,Lamwo,jma_seamless,0.0
2026-07-04,2026-07-10,Lamwo,jma_seamless,4.8
2026-07-04,2026-07-05,Lamwo,gem_seamless,0.5
2026-07-04,2026-07-06,Lamwo,gem_seamless,3.6
2026-07-04,2026-07-07,Lamwo,gem_seamless,0.8
2026-07-04,2026-07-08,Lamwo,gem_seamless,0.0
2026-07-04,2026-07-09,Lamwo,gem_seamless,1.5
2026-07-04,2026-07-10,Lamwo,gem_seamless,11.9
2026-07-04,2026-07-05,Lamwo,knmi_seamless,0.6
2026-07-04,2026-07-06,Lamwo,knmi_seamless,0.6
2026-07-04,2026-07-07,Lamwo,knmi_seamless,0.1
2026-07-04,2026-07-08,Lamwo,knmi_seamless,0.3
2026-07-04,2026-07-09,Lamwo,knmi_seamless,3.3
2026-07-04,2026-07-10,Lamwo,knmi_seamless,5.7
2026-07-04,2026-07-05,Amolatar,ecmwf_ifs025,0.4
2026-07-04,2026-07-06,Amolatar,ecmwf_ifs025,4.4
2026-07-04,2026-07-07,Amolatar,ecmwf_ifs025,0.7
2026-07-04,2026-07-08,Amolatar,ecmwf_ifs025,1.2
2026-07-04,2026-07-09,Amolatar,ecmwf_ifs025,0.6
2026-07-04,2026-07-10,Amolatar,ecmwf_ifs025,1.5
2026-07-04,2026-07-05,Amolatar,ecmwf_aifs025_single,0.4
2026-07-04,2026-07-06,Amolatar,ecmwf_aifs025_single,1.2
2026-07-04,2026-07-07,Amolatar,ecmwf_aifs025_single,1.2
2026-07-04,2026-07-08,Amolatar,ecmwf_aifs025_single,0.9
2026-07-04,2026-07-09,Amolatar,ecmwf_aifs025_single,0.2
2026-07-04,2026-07-10,Amolatar,ecmwf_aifs025_single,1.6
2026-07-04,2026-07-05,Amolatar,gfs_seamless,0.5
2026-07-04,2026-07-06,Amolatar,gfs_seamless,1.5
2026-07-04,2026-07-07,Amolatar,gfs_seamless,0.0
2026-07-04,2026-07-08,Amolatar,gfs_seamless,0.9
2026-07-04,2026-07-09,Amolatar,gfs_seamless,0.0
2026-07-04,2026-07-10,Amolatar,gfs_seamless,0.0
2026-07-04,2026-07-05,Amolatar,icon_seamless,0.2
2026-07-04,2026-07-06,Amolatar,icon_seamless,1.2
2026-07-04,2026-07-07,Amolatar,icon_seamless,0.2
2026-07-04,2026-07-08,Amolatar,icon_seamless,1.5
2026-07-04,2026-07-09,Amolatar,icon_seamless,0.0
2026-07-04,2026-07-10,Amolatar,icon_seamless,1.5
2026-07-04,2026-07-05,Amolatar,ukmo_seamless,0.4
2026-07-04,2026-07-06,Amolatar,ukmo_seamless,0.5
2026-07-04,2026-07-07,Amolatar,ukmo_seamless,0.0
2026-07-04,2026-07-08,Amolatar,ukmo_seamless,0.0
2026-07-04,2026-07-09,Amolatar,ukmo_seamless,0.3
2026-07-04,2026-07-10,Amolatar,ukmo_seamless,0.0
2026-07-04,2026-07-05,Amolatar,meteofrance_seamless,0.0
2026-07-04,2026-07-06,Amolatar,meteofrance_seamless,0.0
2026-07-04,2026-07-07,Amolatar,meteofrance_seamless,0.3
2026-07-04,2026-07-05,Amolatar,jma_seamless,0.6
2026-07-04,2026-07-06,Amolatar,jma_seamless,0.6
2026-07-04,2026-07-07,Amolatar,jma_seamless,1.1
2026-07-04,2026-07-08,Amolatar,jma_seamless,0.3
2026-07-04,2026-07-09,Amolatar,jma_seamless,0.0
2026-07-04,2026-07-10,Amolatar,jma_seamless,0.0
2026-07-04,2026-07-05,Amolatar,gem_seamless,0.0
2026-07-04,2026-07-06,Amolatar,gem_seamless,6.0
2026-07-04,2026-07-07,Amolatar,gem_seamless,0.5
2026-07-04,2026-07-08,Amolatar,gem_seamless,0.0
2026-07-04,2026-07-09,Amolatar,gem_seamless,0.0
2026-07-04,2026-07-10,Amolatar,gem_seamless,0.4
2026-07-04,2026-07-05,Amolatar,knmi_seamless,0.3
2026-07-04,2026-07-06,Amolatar,knmi_seamless,4.1
2026-07-04,2026-07-07,Amolatar,knmi_seamless,0.7
2026-07-04,2026-07-08,Amolatar,knmi_seamless,1.3
2026-07-04,2026-07-09,Amolatar,knmi_seamless,2.7
2026-07-04,2026-07-10,Amolatar,knmi_seamless,0.0
2026-07-04,2026-07-05,Kalaki,ecmwf_ifs025,1.1
2026-07-04,2026-07-06,Kalaki,ecmwf_ifs025,0.3
2026-07-04,2026-07-07,Kalaki,ecmwf_ifs025,0.3
2026-07-04,2026-07-08,Kalaki,ecmwf_ifs025,0.3
2026-07-04,2026-07-09,Kalaki,ecmwf_ifs025,0.4
2026-07-04,2026-07-10,Kalaki,ecmwf_ifs025,1.7
2026-07-04,2026-07-05,Kalaki,ecmwf_aifs025_single,0.8
2026-07-04,2026-07-06,Kalaki,ecmwf_aifs025_single,1.7
2026-07-04,2026-07-07,Kalaki,ecmwf_aifs025_single,0.6
2026-07-04,2026-07-08,Kalaki,ecmwf_aifs025_single,0.9
2026-07-04,2026-07-09,Kalaki,ecmwf_aifs025_single,1.0
2026-07-04,2026-07-10,Kalaki,ecmwf_aifs025_single,2.0
2026-07-04,2026-07-05,Kalaki,gfs_seamless,4.1
2026-07-04,2026-07-06,Kalaki,gfs_seamless,2.1
2026-07-04,2026-07-07,Kalaki,gfs_seamless,0.1
2026-07-04,2026-07-08,Kalaki,gfs_seamless,0.5
2026-07-04,2026-07-09,Kalaki,gfs_seamless,0.0
2026-07-04,2026-07-10,Kalaki,gfs_seamless,0.3
2026-07-04,2026-07-05,Kalaki,icon_seamless,3.5
2026-07-04,2026-07-06,Kalaki,icon_seamless,2.6
2026-07-04,2026-07-07,Kalaki,icon_seamless,1.1
2026-07-04,2026-07-08,Kalaki,icon_seamless,0.6
2026-07-04,2026-07-09,Kalaki,icon_seamless,0.0
2026-07-04,2026-07-10,Kalaki,icon_seamless,3.6
2026-07-04,2026-07-05,Kalaki,ukmo_seamless,0.5
2026-07-04,2026-07-06,Kalaki,ukmo_seamless,0.3
2026-07-04,2026-07-07,Kalaki,ukmo_seamless,0.0
2026-07-04,2026-07-08,Kalaki,ukmo_seamless,0.0
2026-07-04,2026-07-09,Kalaki,ukmo_seamless,0.0
2026-07-04,2026-07-10,Kalaki,ukmo_seamless,2.6
2026-07-04,2026-07-05,Kalaki,meteofrance_seamless,0.5
2026-07-04,2026-07-06,Kalaki,meteofrance_seamless,4.3
2026-07-04,2026-07-07,Kalaki,meteofrance_seamless,1.2
2026-07-04,2026-07-05,Kalaki,jma_seamless,1.6
2026-07-04,2026-07-06,Kalaki,jma_seamless,9.8
2026-07-04,2026-07-07,Kalaki,jma_seamless,4.8
2026-07-04,2026-07-08,Kalaki,jma_seamless,1.3
2026-07-04,2026-07-09,Kalaki,jma_seamless,1.0
2026-07-04,2026-07-10,Kalaki,jma_seamless,2.3
2026-07-04,2026-07-05,Kalaki,gem_seamless,4.1
2026-07-04,2026-07-06,Kalaki,gem_seamless,5.8
2026-07-04,2026-07-07,Kalaki,gem_seamless,1.4
2026-07-04,2026-07-08,Kalaki,gem_seamless,0.0
2026-07-04,2026-07-09,Kalaki,gem_seamless,0.0
2026-07-04,2026-07-10,Kalaki,gem_seamless,1.1
2026-07-04,2026-07-05,Kalaki,knmi_seamless,1.5
2026-07-04,2026-07-06,Kalaki,knmi_seamless,1.0
2026-07-04,2026-07-07,Kalaki,knmi_seamless,0.2
2026-07-04,2026-07-08,Kalaki,knmi_seamless,0.0
2026-07-04,2026-07-09,Kalaki,knmi_seamless,0.3
2026-07-04,2026-07-10,Kalaki,knmi_seamless,3.6
2026-07-04,2026-07-05,Amuria,ecmwf_ifs025,1.1
2026-07-04,2026-07-06,Amuria,ecmwf_ifs025,0.3
2026-07-04,2026-07-07,Amuria,ecmwf_ifs025,0.3
2026-07-04,2026-07-08,Amuria,ecmwf_ifs025,0.3
2026-07-04,2026-07-09,Amuria,ecmwf_ifs025,0.4
2026-07-04,2026-07-10,Amuria,ecmwf_ifs025,1.7
2026-07-04,2026-07-05,Amuria,ecmwf_aifs025_single,0.8
2026-07-04,2026-07-06,Amuria,ecmwf_aifs025_single,1.7
2026-07-04,2026-07-07,Amuria,ecmwf_aifs025_single,0.6
2026-07-04,2026-07-08,Amuria,ecmwf_aifs025_single,0.9
2026-07-04,2026-07-09,Amuria,ecmwf_aifs025_single,1.0
2026-07-04,2026-07-10,Amuria,ecmwf_aifs025_single,2.0
2026-07-04,2026-07-05,Amuria,gfs_seamless,3.7
2026-07-04,2026-07-06,Amuria,gfs_seamless,1.2
2026-07-04,2026-07-07,Amuria,gfs_seamless,0.2
2026-07-04,2026-07-08,Amuria,gfs_seamless,1.3
2026-07-04,2026-07-09,Amuria,gfs_seamless,0.2
2026-07-04,2026-07-10,Amuria,gfs_seamless,0.7
2026-07-04,2026-07-05,Amuria,icon_seamless,6.5
2026-07-04,2026-07-06,Amuria,icon_seamless,3.1
2026-07-04,2026-07-07,Amuria,icon_seamless,0.9
2026-07-04,2026-07-08,Amuria,icon_seamless,0.0
2026-07-04,2026-07-09,Amuria,icon_seamless,1.2
2026-07-04,2026-07-10,Amuria,icon_seamless,5.4
2026-07-04,2026-07-05,Amuria,ukmo_seamless,0.2
2026-07-04,2026-07-06,Amuria,ukmo_seamless,1.2
2026-07-04,2026-07-07,Amuria,ukmo_seamless,0.0
2026-07-04,2026-07-08,Amuria,ukmo_seamless,0.0
2026-07-04,2026-07-09,Amuria,ukmo_seamless,0.3
2026-07-04,2026-07-10,Amuria,ukmo_seamless,0.8
2026-07-04,2026-07-05,Amuria,meteofrance_seamless,0.5
2026-07-04,2026-07-06,Amuria,meteofrance_seamless,4.3
2026-07-04,2026-07-07,Amuria,meteofrance_seamless,1.2
2026-07-04,2026-07-05,Amuria,jma_seamless,1.6
2026-07-04,2026-07-06,Amuria,jma_seamless,9.8
2026-07-04,2026-07-07,Amuria,jma_seamless,4.8
2026-07-04,2026-07-08,Amuria,jma_seamless,1.3
2026-07-04,2026-07-09,Amuria,jma_seamless,1.0
2026-07-04,2026-07-10,Amuria,jma_seamless,2.3
2026-07-04,2026-07-05,Amuria,gem_seamless,3.8
2026-07-04,2026-07-06,Amuria,gem_seamless,2.9
2026-07-04,2026-07-07,Amuria,gem_seamless,0.4
2026-07-04,2026-07-08,Amuria,gem_seamless,0.0
2026-07-04,2026-07-09,Amuria,gem_seamless,0.5
2026-07-04,2026-07-10,Amuria,gem_seamless,0.3
2026-07-04,2026-07-05,Amuria,knmi_seamless,0.9
2026-07-04,2026-07-06,Amuria,knmi_seamless,0.6
2026-07-04,2026-07-07,Amuria,knmi_seamless,0.4
2026-07-04,2026-07-08,Amuria,knmi_seamless,0.4
2026-07-04,2026-07-09,Amuria,knmi_seamless,0.6
2026-07-04,2026-07-10,Amuria,knmi_seamless,1.8
2026-07-04,2026-07-05,Kaberamaido,ecmwf_ifs025,0.0
2026-07-04,2026-07-06,Kaberamaido,ecmwf_ifs025,1.7
2026-07-04,2026-07-07,Kaberamaido,ecmwf_ifs025,0.6
2026-07-04,2026-07-08,Kaberamaido,ecmwf_ifs025,1.6
2026-07-04,2026-07-09,Kaberamaido,ecmwf_ifs025,0.2
2026-07-04,2026-07-10,Kaberamaido,ecmwf_ifs025,4.8
2026-07-04,2026-07-05,Kaberamaido,ecmwf_aifs025_single,0.6
2026-07-04,2026-07-06,Kaberamaido,ecmwf_aifs025_single,1.3
2026-07-04,2026-07-07,Kaberamaido,ecmwf_aifs025_single,1.2
2026-07-04,2026-07-08,Kaberamaido,ecmwf_aifs025_single,1.2
2026-07-04,2026-07-09,Kaberamaido,ecmwf_aifs025_single,0.4
2026-07-04,2026-07-10,Kaberamaido,ecmwf_aifs025_single,1.9
2026-07-04,2026-07-05,Kaberamaido,gfs_seamless,0.9
2026-07-04,2026-07-06,Kaberamaido,gfs_seamless,0.4
2026-07-04,2026-07-07,Kaberamaido,gfs_seamless,0.7
2026-07-04,2026-07-08,Kaberamaido,gfs_seamless,1.2
2026-07-04,2026-07-09,Kaberamaido,gfs_seamless,0.0
2026-07-04,2026-07-10,Kaberamaido,gfs_seamless,0.0
2026-07-04,2026-07-05,Kaberamaido,icon_seamless,0.4
2026-07-04,2026-07-06,Kaberamaido,icon_seamless,0.8
2026-07-04,2026-07-07,Kaberamaido,icon_seamless,0.5
2026-07-04,2026-07-08,Kaberamaido,icon_seamless,2.1
2026-07-04,2026-07-09,Kaberamaido,icon_seamless,0.0
2026-07-04,2026-07-10,Kaberamaido,icon_seamless,5.1
2026-07-04,2026-07-05,Kaberamaido,ukmo_seamless,1.0
2026-07-04,2026-07-06,Kaberamaido,ukmo_seamless,0.8
2026-07-04,2026-07-07,Kaberamaido,ukmo_seamless,0.0
2026-07-04,2026-07-08,Kaberamaido,ukmo_seamless,0.3
2026-07-04,2026-07-09,Kaberamaido,ukmo_seamless,0.0
2026-07-04,2026-07-10,Kaberamaido,ukmo_seamless,0.4
2026-07-04,2026-07-05,Kaberamaido,meteofrance_seamless,0.0
2026-07-04,2026-07-06,Kaberamaido,meteofrance_seamless,0.0
2026-07-04,2026-07-07,Kaberamaido,meteofrance_seamless,0.6
2026-07-04,2026-07-05,Kaberamaido,jma_seamless,0.6
2026-07-04,2026-07-06,Kaberamaido,jma_seamless,0.6
2026-07-04,2026-07-07,Kaberamaido,jma_seamless,1.1
2026-07-04,2026-07-08,Kaberamaido,jma_seamless,0.3
2026-07-04,2026-07-09,Kaberamaido,jma_seamless,0.0
2026-07-04,2026-07-10,Kaberamaido,jma_seamless,0.0
2026-07-04,2026-07-05,Kaberamaido,gem_seamless,0.0
2026-07-04,2026-07-06,Kaberamaido,gem_seamless,9.5
2026-07-04,2026-07-07,Kaberamaido,gem_seamless,3.0
2026-07-04,2026-07-08,Kaberamaido,gem_seamless,0.2
2026-07-04,2026-07-09,Kaberamaido,gem_seamless,0.0
2026-07-04,2026-07-10,Kaberamaido,gem_seamless,0.8
2026-07-04,2026-07-05,Kaberamaido,knmi_seamless,0.1
2026-07-04,2026-07-06,Kaberamaido,knmi_seamless,1.4
2026-07-04,2026-07-07,Kaberamaido,knmi_seamless,1.1
2026-07-04,2026-07-08,Kaberamaido,knmi_seamless,2.6
2026-07-04,2026-07-09,Kaberamaido,knmi_seamless,0.0
2026-07-04,2026-07-10,Kaberamaido,knmi_seamless,3.0
2026-07-04,2026-07-05,Kagadi,ecmwf_ifs025,0.8
2026-07-04,2026-07-06,Kagadi,ecmwf_ifs025,1.2
2026-07-04,2026-07-07,Kagadi,ecmwf_ifs025,4.8
2026-07-04,2026-07-08,Kagadi,ecmwf_ifs025,0.5
2026-07-04,2026-07-09,Kagadi,ecmwf_ifs025,1.0
2026-07-04,2026-07-10,Kagadi,ecmwf_ifs025,2.6
2026-07-04,2026-07-05,Kagadi,ecmwf_aifs025_single,0.4
2026-07-04,2026-07-06,Kagadi,ecmwf_aifs025_single,1.0
2026-07-04,2026-07-07,Kagadi,ecmwf_aifs025_single,0.5
2026-07-04,2026-07-08,Kagadi,ecmwf_aifs025_single,0.2
2026-07-04,2026-07-09,Kagadi,ecmwf_aifs025_single,0.3
2026-07-04,2026-07-10,Kagadi,ecmwf_aifs025_single,1.5
2026-07-04,2026-07-05,Kagadi,gfs_seamless,0.0
2026-07-04,2026-07-06,Kagadi,gfs_seamless,0.2
2026-07-04,2026-07-07,Kagadi,gfs_seamless,0.0
2026-07-04,2026-07-08,Kagadi,gfs_seamless,0.0
2026-07-04,2026-07-09,Kagadi,gfs_seamless,0.0
2026-07-04,2026-07-10,Kagadi,gfs_seamless,0.6
2026-07-04,2026-07-05,Kagadi,icon_seamless,0.0
2026-07-04,2026-07-06,Kagadi,icon_seamless,0.1
2026-07-04,2026-07-07,Kagadi,icon_seamless,0.0
2026-07-04,2026-07-08,Kagadi,icon_seamless,0.0
2026-07-04,2026-07-09,Kagadi,icon_seamless,2.1
2026-07-04,2026-07-10,Kagadi,icon_seamless,6.9
2026-07-04,2026-07-05,Kagadi,ukmo_seamless,0.4
2026-07-04,2026-07-06,Kagadi,ukmo_seamless,2.4
2026-07-04,2026-07-07,Kagadi,ukmo_seamless,0.3
2026-07-04,2026-07-08,Kagadi,ukmo_seamless,0.0
2026-07-04,2026-07-09,Kagadi,ukmo_seamless,0.3
2026-07-04,2026-07-10,Kagadi,ukmo_seamless,2.4
2026-07-04,2026-07-05,Kagadi,meteofrance_seamless,0.1
2026-07-04,2026-07-06,Kagadi,meteofrance_seamless,0.3
2026-07-04,2026-07-07,Kagadi,meteofrance_seamless,0.0
2026-07-04,2026-07-05,Kagadi,jma_seamless,0.0
2026-07-04,2026-07-06,Kagadi,jma_seamless,0.2
2026-07-04,2026-07-07,Kagadi,jma_seamless,0.0
2026-07-04,2026-07-08,Kagadi,jma_seamless,0.0
2026-07-04,2026-07-09,Kagadi,jma_seamless,0.0
2026-07-04,2026-07-10,Kagadi,jma_seamless,0.0
2026-07-04,2026-07-05,Kagadi,gem_seamless,0.0
2026-07-04,2026-07-06,Kagadi,gem_seamless,1.3
2026-07-04,2026-07-07,Kagadi,gem_seamless,1.7
2026-07-04,2026-07-08,Kagadi,gem_seamless,1.9
2026-07-04,2026-07-09,Kagadi,gem_seamless,0.8
2026-07-04,2026-07-10,Kagadi,gem_seamless,4.5
2026-07-04,2026-07-05,Kagadi,knmi_seamless,1.2
2026-07-04,2026-07-06,Kagadi,knmi_seamless,1.5
2026-07-04,2026-07-07,Kagadi,knmi_seamless,3.4
2026-07-04,2026-07-08,Kagadi,knmi_seamless,0.9
2026-07-04,2026-07-09,Kagadi,knmi_seamless,1.2
2026-07-04,2026-07-10,Kagadi,knmi_seamless,2.4
2026-07-04,2026-07-05,Dokolo,ecmwf_ifs025,1.2
2026-07-04,2026-07-06,Dokolo,ecmwf_ifs025,2.2
2026-07-04,2026-07-07,Dokolo,ecmwf_ifs025,0.5
2026-07-04,2026-07-08,Dokolo,ecmwf_ifs025,1.1
2026-07-04,2026-07-09,Dokolo,ecmwf_ifs025,0.5
2026-07-04,2026-07-10,Dokolo,ecmwf_ifs025,3.4
2026-07-04,2026-07-05,Dokolo,ecmwf_aifs025_single,0.5
2026-07-04,2026-07-06,Dokolo,ecmwf_aifs025_single,1.5
2026-07-04,2026-07-07,Dokolo,ecmwf_aifs025_single,1.1
2026-07-04,2026-07-08,Dokolo,ecmwf_aifs025_single,1.0
2026-07-04,2026-07-09,Dokolo,ecmwf_aifs025_single,0.6
2026-07-04,2026-07-10,Dokolo,ecmwf_aifs025_single,2.2
2026-07-04,2026-07-05,Dokolo,gfs_seamless,1.5
2026-07-04,2026-07-06,Dokolo,gfs_seamless,0.7
2026-07-04,2026-07-07,Dokolo,gfs_seamless,0.1
2026-07-04,2026-07-08,Dokolo,gfs_seamless,1.0
2026-07-04,2026-07-09,Dokolo,gfs_seamless,0.4
2026-07-04,2026-07-10,Dokolo,gfs_seamless,0.3
2026-07-04,2026-07-05,Dokolo,icon_seamless,8.0
2026-07-04,2026-07-06,Dokolo,icon_seamless,1.6
2026-07-04,2026-07-07,Dokolo,icon_seamless,1.3
2026-07-04,2026-07-08,Dokolo,icon_seamless,0.3
2026-07-04,2026-07-09,Dokolo,icon_seamless,0.0
2026-07-04,2026-07-10,Dokolo,icon_seamless,4.5
2026-07-04,2026-07-05,Dokolo,ukmo_seamless,0.3
2026-07-04,2026-07-06,Dokolo,ukmo_seamless,0.5
2026-07-04,2026-07-07,Dokolo,ukmo_seamless,0.0
2026-07-04,2026-07-08,Dokolo,ukmo_seamless,0.0
2026-07-04,2026-07-09,Dokolo,ukmo_seamless,0.0
2026-07-04,2026-07-10,Dokolo,ukmo_seamless,0.4
2026-07-04,2026-07-05,Dokolo,meteofrance_seamless,0.3
2026-07-04,2026-07-06,Dokolo,meteofrance_seamless,0.6
2026-07-04,2026-07-07,Dokolo,meteofrance_seamless,0.1
2026-07-04,2026-07-05,Dokolo,jma_seamless,1.7
2026-07-04,2026-07-06,Dokolo,jma_seamless,3.8
2026-07-04,2026-07-07,Dokolo,jma_seamless,2.6
2026-07-04,2026-07-08,Dokolo,jma_seamless,2.6
2026-07-04,2026-07-09,Dokolo,jma_seamless,0.0
2026-07-04,2026-07-10,Dokolo,jma_seamless,2.3
2026-07-04,2026-07-05,Dokolo,gem_seamless,0.0
2026-07-04,2026-07-06,Dokolo,gem_seamless,7.9
2026-07-04,2026-07-07,Dokolo,gem_seamless,1.3
2026-07-04,2026-07-08,Dokolo,gem_seamless,0.0
2026-07-04,2026-07-09,Dokolo,gem_seamless,0.0
2026-07-04,2026-07-10,Dokolo,gem_seamless,0.9
2026-07-04,2026-07-05,Dokolo,knmi_seamless,0.4
2026-07-04,2026-07-06,Dokolo,knmi_seamless,2.9
2026-07-04,2026-07-07,Dokolo,knmi_seamless,0.4
2026-07-04,2026-07-08,Dokolo,knmi_seamless,0.9
2026-07-04,2026-07-09,Dokolo,knmi_seamless,0.0
2026-07-04,2026-07-10,Dokolo,knmi_seamless,1.2
2026-07-04,2026-07-05,Kwania,ecmwf_ifs025,0.7
2026-07-04,2026-07-06,Kwania,ecmwf_ifs025,1.9
2026-07-04,2026-07-07,Kwania,ecmwf_ifs025,0.6
2026-07-04,2026-07-08,Kwania,ecmwf_ifs025,2.1
2026-07-04,2026-07-09,Kwania,ecmwf_ifs025,0.9
2026-07-04,2026-07-10,Kwania,ecmwf_ifs025,5.6
2026-07-04,2026-07-05,Kwania,ecmwf_aifs025_single,0.5
2026-07-04,2026-07-06,Kwania,ecmwf_aifs025_single,1.3
2026-07-04,2026-07-07,Kwania,ecmwf_aifs025_single,1.2
2026-07-04,2026-07-08,Kwania,ecmwf_aifs025_single,0.7
2026-07-04,2026-07-09,Kwania,ecmwf_aifs025_single,0.3
2026-07-04,2026-07-10,Kwania,ecmwf_aifs025_single,2.0
2026-07-04,2026-07-05,Kwania,gfs_seamless,0.4
2026-07-04,2026-07-06,Kwania,gfs_seamless,0.1
2026-07-04,2026-07-07,Kwania,gfs_seamless,0.5
2026-07-04,2026-07-08,Kwania,gfs_seamless,0.2
2026-07-04,2026-07-09,Kwania,gfs_seamless,0.9
2026-07-04,2026-07-10,Kwania,gfs_seamless,0.4
2026-07-04,2026-07-05,Kwania,icon_seamless,11.8
2026-07-04,2026-07-06,Kwania,icon_seamless,2.1
2026-07-04,2026-07-07,Kwania,icon_seamless,0.5
2026-07-04,2026-07-08,Kwania,icon_seamless,3.6
2026-07-04,2026-07-09,Kwania,icon_seamless,0.0
2026-07-04,2026-07-10,Kwania,icon_seamless,7.5
2026-07-04,2026-07-05,Kwania,ukmo_seamless,0.8
2026-07-04,2026-07-06,Kwania,ukmo_seamless,0.0
2026-07-04,2026-07-07,Kwania,ukmo_seamless,0.0
2026-07-04,2026-07-08,Kwania,ukmo_seamless,0.0
2026-07-04,2026-07-09,Kwania,ukmo_seamless,0.0
2026-07-04,2026-07-10,Kwania,ukmo_seamless,0.0
2026-07-04,2026-07-05,Kwania,meteofrance_seamless,1.1
2026-07-04,2026-07-06,Kwania,meteofrance_seamless,0.2
2026-07-04,2026-07-07,Kwania,meteofrance_seamless,0.0
2026-07-04,2026-07-05,Kwania,jma_seamless,1.7
2026-07-04,2026-07-06,Kwania,jma_seamless,3.8
2026-07-04,2026-07-07,Kwania,jma_seamless,2.6
2026-07-04,2026-07-08,Kwania,jma_seamless,2.6
2026-07-04,2026-07-09,Kwania,jma_seamless,0.0
2026-07-04,2026-07-10,Kwania,jma_seamless,2.3
2026-07-04,2026-07-05,Kwania,gem_seamless,0.0
2026-07-04,2026-07-06,Kwania,gem_seamless,4.5
2026-07-04,2026-07-07,Kwania,gem_seamless,1.5
2026-07-04,2026-07-08,Kwania,gem_seamless,0.0
2026-07-04,2026-07-09,Kwania,gem_seamless,0.6
2026-07-04,2026-07-10,Kwania,gem_seamless,1.2
2026-07-04,2026-07-05,Kwania,knmi_seamless,0.4
2026-07-04,2026-07-06,Kwania,knmi_seamless,2.7
2026-07-04,2026-07-07,Kwania,knmi_seamless,1.0
2026-07-04,2026-07-08,Kwania,knmi_seamless,2.2
2026-07-04,2026-07-09,Kwania,knmi_seamless,0.6
2026-07-04,2026-07-10,Kwania,knmi_seamless,3.6
2026-07-04,2026-07-05,Kyenjojo,ecmwf_ifs025,0.0
2026-07-04,2026-07-06,Kyenjojo,ecmwf_ifs025,1.9
2026-07-04,2026-07-07,Kyenjojo,ecmwf_ifs025,1.8
2026-07-04,2026-07-08,Kyenjojo,ecmwf_ifs025,0.1
2026-07-04,2026-07-09,Kyenjojo,ecmwf_ifs025,0.9
2026-07-04,2026-07-10,Kyenjojo,ecmwf_ifs025,3.4
2026-07-04,2026-07-05,Kyenjojo,ecmwf_aifs025_single,0.1
2026-07-04,2026-07-06,Kyenjojo,ecmwf_aifs025_single,0.7
2026-07-04,2026-07-07,Kyenjojo,ecmwf_aifs025_single,0.2
2026-07-04,2026-07-08,Kyenjojo,ecmwf_aifs025_single,0.0
2026-07-04,2026-07-09,Kyenjojo,ecmwf_aifs025_single,0.0
2026-07-04,2026-07-10,Kyenjojo,ecmwf_aifs025_single,1.0
2026-07-04,2026-07-05,Kyenjojo,gfs_seamless,0.0
2026-07-04,2026-07-06,Kyenjojo,gfs_seamless,0.4
2026-07-04,2026-07-07,Kyenjojo,gfs_seamless,0.0
2026-07-04,2026-07-08,Kyenjojo,gfs_seamless,0.0
2026-07-04,2026-07-09,Kyenjojo,gfs_seamless,0.0
2026-07-04,2026-07-10,Kyenjojo,gfs_seamless,0.0
2026-07-04,2026-07-05,Kyenjojo,icon_seamless,0.0
2026-07-04,2026-07-06,Kyenjojo,icon_seamless,0.0
2026-07-04,2026-07-07,Kyenjojo,icon_seamless,0.0
2026-07-04,2026-07-08,Kyenjojo,icon_seamless,0.0
2026-07-04,2026-07-09,Kyenjojo,icon_seamless,0.0
2026-07-04,2026-07-10,Kyenjojo,icon_seamless,7.4
2026-07-04,2026-07-05,Kyenjojo,ukmo_seamless,0.1
2026-07-04,2026-07-06,Kyenjojo,ukmo_seamless,0.9
2026-07-04,2026-07-07,Kyenjojo,ukmo_seamless,0.0
2026-07-04,2026-07-08,Kyenjojo,ukmo_seamless,0.0
2026-07-04,2026-07-09,Kyenjojo,ukmo_seamless,0.0
2026-07-04,2026-07-10,Kyenjojo,ukmo_seamless,3.0
2026-07-04,2026-07-05,Kyenjojo,meteofrance_seamless,0.0
2026-07-04,2026-07-06,Kyenjojo,meteofrance_seamless,0.0
2026-07-04,2026-07-07,Kyenjojo,meteofrance_seamless,0.0
2026-07-04,2026-07-05,Kyenjojo,jma_seamless,0.8
2026-07-04,2026-07-06,Kyenjojo,jma_seamless,0.3
2026-07-04,2026-07-07,Kyenjojo,jma_seamless,0.0
2026-07-04,2026-07-08,Kyenjojo,jma_seamless,0.0
2026-07-04,2026-07-09,Kyenjojo,jma_seamless,0.0
2026-07-04,2026-07-10,Kyenjojo,jma_seamless,0.0
2026-07-04,2026-07-05,Kyenjojo,gem_seamless,0.0
2026-07-04,2026-07-06,Kyenjojo,gem_seamless,1.7
2026-07-04,2026-07-07,Kyenjojo,gem_seamless,2.3
2026-07-04,2026-07-08,Kyenjojo,gem_seamless,2.5
2026-07-04,2026-07-09,Kyenjojo,gem_seamless,4.2
2026-07-04,2026-07-10,Kyenjojo,gem_seamless,2.3
2026-07-04,2026-07-05,Kyenjojo,knmi_seamless,0.0
2026-07-04,2026-07-06,Kyenjojo,knmi_seamless,1.2
2026-07-04,2026-07-07,Kyenjojo,knmi_seamless,2.3
2026-07-04,2026-07-08,Kyenjojo,knmi_seamless,0.0
2026-07-04,2026-07-09,Kyenjojo,knmi_seamless,1.2
2026-07-04,2026-07-10,Kyenjojo,knmi_seamless,1.8
2026-07-05,2026-07-06,Agago,ecmwf_ifs025,0.6
2026-07-05,2026-07-07,Agago,ecmwf_ifs025,0.0
2026-07-05,2026-07-08,Agago,ecmwf_ifs025,0.6
2026-07-05,2026-07-09,Agago,ecmwf_ifs025,4.8
2026-07-05,2026-07-10,Agago,ecmwf_ifs025,3.0
2026-07-05,2026-07-11,Agago,ecmwf_ifs025,2.2
2026-07-05,2026-07-06,Agago,ecmwf_aifs025_single,1.3
2026-07-05,2026-07-07,Agago,ecmwf_aifs025_single,0.0
2026-07-05,2026-07-08,Agago,ecmwf_aifs025_single,0.2
2026-07-05,2026-07-09,Agago,ecmwf_aifs025_single,0.7
2026-07-05,2026-07-10,Agago,ecmwf_aifs025_single,1.7
2026-07-05,2026-07-11,Agago,ecmwf_aifs025_single,2.2
2026-07-05,2026-07-06,Agago,gfs_seamless,0.0
2026-07-05,2026-07-07,Agago,gfs_seamless,0.3
2026-07-05,2026-07-08,Agago,gfs_seamless,1.0
2026-07-05,2026-07-09,Agago,gfs_seamless,1.3
2026-07-05,2026-07-10,Agago,gfs_seamless,1.4
2026-07-05,2026-07-11,Agago,gfs_seamless,3.0
2026-07-05,2026-07-06,Agago,icon_seamless,0.1
2026-07-05,2026-07-07,Agago,icon_seamless,0.0
2026-07-05,2026-07-08,Agago,icon_seamless,0.0
2026-07-05,2026-07-09,Agago,icon_seamless,0.0
2026-07-05,2026-07-10,Agago,icon_seamless,20.1
2026-07-05,2026-07-11,Agago,icon_seamless,15.8
2026-07-05,2026-07-06,Agago,ukmo_seamless,0.8
2026-07-05,2026-07-07,Agago,ukmo_seamless,0.0
2026-07-05,2026-07-08,Agago,ukmo_seamless,0.0
2026-07-05,2026-07-09,Agago,ukmo_seamless,0.0
2026-07-05,2026-07-10,Agago,ukmo_seamless,0.0
2026-07-05,2026-07-11,Agago,ukmo_seamless,0.0
2026-07-05,2026-07-06,Agago,meteofrance_seamless,0.4
2026-07-05,2026-07-07,Agago,meteofrance_seamless,0.0
2026-07-05,2026-07-08,Agago,meteofrance_seamless,0.0
2026-07-05,2026-07-06,Agago,jma_seamless,0.0
2026-07-05,2026-07-07,Agago,jma_seamless,0.0
2026-07-05,2026-07-08,Agago,jma_seamless,0.0
2026-07-05,2026-07-09,Agago,jma_seamless,0.9
2026-07-05,2026-07-10,Agago,jma_seamless,3.1
2026-07-05,2026-07-11,Agago,jma_seamless,8.8
2026-07-05,2026-07-06,Agago,gem_seamless,2.1
2026-07-05,2026-07-07,Agago,gem_seamless,0.0
2026-07-05,2026-07-08,Agago,gem_seamless,0.0
2026-07-05,2026-07-09,Agago,gem_seamless,2.1
2026-07-05,2026-07-10,Agago,gem_seamless,7.8
2026-07-05,2026-07-11,Agago,gem_seamless,5.5
2026-07-05,2026-07-06,Agago,knmi_seamless,0.4
2026-07-05,2026-07-07,Agago,knmi_seamless,0.0
2026-07-05,2026-07-08,Agago,knmi_seamless,0.2
2026-07-05,2026-07-09,Agago,knmi_seamless,4.7
2026-07-05,2026-07-10,Agago,knmi_seamless,2.7
2026-07-05,2026-07-11,Agago,knmi_seamless,1.8
2026-07-05,2026-07-06,Otuke,ecmwf_ifs025,0.6
2026-07-05,2026-07-07,Otuke,ecmwf_ifs025,0.0
2026-07-05,2026-07-08,Otuke,ecmwf_ifs025,0.5
2026-07-05,2026-07-09,Otuke,ecmwf_ifs025,2.3
2026-07-05,2026-07-10,Otuke,ecmwf_ifs025,5.8
2026-07-05,2026-07-11,Otuke,ecmwf_ifs025,7.4
2026-07-05,2026-07-06,Otuke,ecmwf_aifs025_single,1.5
2026-07-05,2026-07-07,Otuke,ecmwf_aifs025_single,0.0
2026-07-05,2026-07-08,Otuke,ecmwf_aifs025_single,0.4
2026-07-05,2026-07-09,Otuke,ecmwf_aifs025_single,0.9
2026-07-05,2026-07-10,Otuke,ecmwf_aifs025_single,1.9
2026-07-05,2026-07-11,Otuke,ecmwf_aifs025_single,2.4
2026-07-05,2026-07-06,Otuke,gfs_seamless,0.0
2026-07-05,2026-07-07,Otuke,gfs_seamless,1.2
2026-07-05,2026-07-08,Otuke,gfs_seamless,0.1
2026-07-05,2026-07-09,Otuke,gfs_seamless,0.3
2026-07-05,2026-07-10,Otuke,gfs_seamless,1.4
2026-07-05,2026-07-11,Otuke,gfs_seamless,2.1
2026-07-05,2026-07-06,Otuke,icon_seamless,0.2
2026-07-05,2026-07-07,Otuke,icon_seamless,0.0
2026-07-05,2026-07-08,Otuke,icon_seamless,0.0
2026-07-05,2026-07-09,Otuke,icon_seamless,0.0
2026-07-05,2026-07-10,Otuke,icon_seamless,13.6
2026-07-05,2026-07-11,Otuke,icon_seamless,21.4
2026-07-05,2026-07-06,Otuke,ukmo_seamless,0.7
2026-07-05,2026-07-07,Otuke,ukmo_seamless,0.0
2026-07-05,2026-07-08,Otuke,ukmo_seamless,0.0
2026-07-05,2026-07-09,Otuke,ukmo_seamless,0.0
2026-07-05,2026-07-10,Otuke,ukmo_seamless,0.0
2026-07-05,2026-07-11,Otuke,ukmo_seamless,0.2
2026-07-05,2026-07-06,Otuke,meteofrance_seamless,0.9
2026-07-05,2026-07-07,Otuke,meteofrance_seamless,0.0
2026-07-05,2026-07-08,Otuke,meteofrance_seamless,0.0
2026-07-05,2026-07-06,Otuke,jma_seamless,0.0
2026-07-05,2026-07-07,Otuke,jma_seamless,0.0
2026-07-05,2026-07-08,Otuke,jma_seamless,0.0
2026-07-05,2026-07-09,Otuke,jma_seamless,0.0
2026-07-05,2026-07-10,Otuke,jma_seamless,0.0
2026-07-05,2026-07-11,Otuke,jma_seamless,2.8
2026-07-05,2026-07-06,Otuke,gem_seamless,1.8
2026-07-05,2026-07-07,Otuke,gem_seamless,0.0
2026-07-05,2026-07-08,Otuke,gem_seamless,0.2
2026-07-05,2026-07-09,Otuke,gem_seamless,3.4
2026-07-05,2026-07-10,Otuke,gem_seamless,12.7
2026-07-05,2026-07-11,Otuke,gem_seamless,8.0
2026-07-05,2026-07-06,Otuke,knmi_seamless,0.4
2026-07-05,2026-07-07,Otuke,knmi_seamless,0.0
2026-07-05,2026-07-08,Otuke,knmi_seamless,0.0
2026-07-05,2026-07-09,Otuke,knmi_seamless,1.0
2026-07-05,2026-07-10,Otuke,knmi_seamless,6.9
2026-07-05,2026-07-11,Otuke,knmi_seamless,7.2
2026-07-05,2026-07-06,Kitgum,ecmwf_ifs025,0.0
2026-07-05,2026-07-07,Kitgum,ecmwf_ifs025,0.0
2026-07-05,2026-07-08,Kitgum,ecmwf_ifs025,2.7
2026-07-05,2026-07-09,Kitgum,ecmwf_ifs025,1.6
2026-07-05,2026-07-10,Kitgum,ecmwf_ifs025,3.1
2026-07-05,2026-07-11,Kitgum,ecmwf_ifs025,3.2
2026-07-05,2026-07-06,Kitgum,ecmwf_aifs025_single,1.8
2026-07-05,2026-07-07,Kitgum,ecmwf_aifs025_single,0.0
2026-07-05,2026-07-08,Kitgum,ecmwf_aifs025_single,0.2
2026-07-05,2026-07-09,Kitgum,ecmwf_aifs025_single,0.1
2026-07-05,2026-07-10,Kitgum,ecmwf_aifs025_single,1.6
2026-07-05,2026-07-11,Kitgum,ecmwf_aifs025_single,2.8
2026-07-05,2026-07-06,Kitgum,gfs_seamless,0.2
2026-07-05,2026-07-07,Kitgum,gfs_seamless,0.0
2026-07-05,2026-07-08,Kitgum,gfs_seamless,0.6
2026-07-05,2026-07-09,Kitgum,gfs_seamless,1.9
2026-07-05,2026-07-10,Kitgum,gfs_seamless,0.3
2026-07-05,2026-07-11,Kitgum,gfs_seamless,4.0
2026-07-05,2026-07-06,Kitgum,icon_seamless,0.1
2026-07-05,2026-07-07,Kitgum,icon_seamless,0.0
2026-07-05,2026-07-08,Kitgum,icon_seamless,0.0
2026-07-05,2026-07-09,Kitgum,icon_seamless,0.9
2026-07-05,2026-07-10,Kitgum,icon_seamless,6.7
2026-07-05,2026-07-11,Kitgum,icon_seamless,2.8
2026-07-05,2026-07-06,Kitgum,ukmo_seamless,0.8
2026-07-05,2026-07-07,Kitgum,ukmo_seamless,0.0
2026-07-05,2026-07-08,Kitgum,ukmo_seamless,0.0
2026-07-05,2026-07-09,Kitgum,ukmo_seamless,0.0
2026-07-05,2026-07-10,Kitgum,ukmo_seamless,0.0
2026-07-05,2026-07-11,Kitgum,ukmo_seamless,0.0
2026-07-05,2026-07-06,Kitgum,meteofrance_seamless,2.1
2026-07-05,2026-07-07,Kitgum,meteofrance_seamless,0.0
2026-07-05,2026-07-08,Kitgum,meteofrance_seamless,0.0
2026-07-05,2026-07-06,Kitgum,jma_seamless,0.0
2026-07-05,2026-07-07,Kitgum,jma_seamless,0.0
2026-07-05,2026-07-08,Kitgum,jma_seamless,0.0
2026-07-05,2026-07-09,Kitgum,jma_seamless,0.0
2026-07-05,2026-07-10,Kitgum,jma_seamless,1.0
2026-07-05,2026-07-11,Kitgum,jma_seamless,3.4
2026-07-05,2026-07-06,Kitgum,gem_seamless,1.0
2026-07-05,2026-07-07,Kitgum,gem_seamless,0.3
2026-07-05,2026-07-08,Kitgum,gem_seamless,0.1
2026-07-05,2026-07-09,Kitgum,gem_seamless,3.6
2026-07-05,2026-07-10,Kitgum,gem_seamless,2.6
2026-07-05,2026-07-11,Kitgum,gem_seamless,9.4
2026-07-05,2026-07-06,Kitgum,knmi_seamless,0.1
2026-07-05,2026-07-07,Kitgum,knmi_seamless,0.0
2026-07-05,2026-07-08,Kitgum,knmi_seamless,1.7
2026-07-05,2026-07-09,Kitgum,knmi_seamless,1.7
2026-07-05,2026-07-10,Kitgum,knmi_seamless,5.7
2026-07-05,2026-07-11,Kitgum,knmi_seamless,3.9
2026-07-05,2026-07-06,Pader,ecmwf_ifs025,0.8
2026-07-05,2026-07-07,Pader,ecmwf_ifs025,0.0
2026-07-05,2026-07-08,Pader,ecmwf_ifs025,1.3
2026-07-05,2026-07-09,Pader,ecmwf_ifs025,2.0
2026-07-05,2026-07-10,Pader,ecmwf_ifs025,4.0
2026-07-05,2026-07-11,Pader,ecmwf_ifs025,3.0
2026-07-05,2026-07-06,Pader,ecmwf_aifs025_single,2.3
2026-07-05,2026-07-07,Pader,ecmwf_aifs025_single,0.0
2026-07-05,2026-07-08,Pader,ecmwf_aifs025_single,0.4
2026-07-05,2026-07-09,Pader,ecmwf_aifs025_single,0.5
2026-07-05,2026-07-10,Pader,ecmwf_aifs025_single,1.9
2026-07-05,2026-07-11,Pader,ecmwf_aifs025_single,2.9
2026-07-05,2026-07-06,Pader,gfs_seamless,0.9
2026-07-05,2026-07-07,Pader,gfs_seamless,0.1
2026-07-05,2026-07-08,Pader,gfs_seamless,0.2
2026-07-05,2026-07-09,Pader,gfs_seamless,1.0
2026-07-05,2026-07-10,Pader,gfs_seamless,1.5
2026-07-05,2026-07-11,Pader,gfs_seamless,4.3
2026-07-05,2026-07-06,Pader,icon_seamless,0.1
2026-07-05,2026-07-07,Pader,icon_seamless,0.4
2026-07-05,2026-07-08,Pader,icon_seamless,0.0
2026-07-05,2026-07-09,Pader,icon_seamless,0.0
2026-07-05,2026-07-10,Pader,icon_seamless,12.6
2026-07-05,2026-07-11,Pader,icon_seamless,18.9
2026-07-05,2026-07-06,Pader,ukmo_seamless,0.3
2026-07-05,2026-07-07,Pader,ukmo_seamless,0.1
2026-07-05,2026-07-08,Pader,ukmo_seamless,0.0
2026-07-05,2026-07-09,Pader,ukmo_seamless,0.0
2026-07-05,2026-07-10,Pader,ukmo_seamless,0.0
2026-07-05,2026-07-11,Pader,ukmo_seamless,0.6
2026-07-05,2026-07-06,Pader,meteofrance_seamless,4.1
2026-07-05,2026-07-07,Pader,meteofrance_seamless,0.0
2026-07-05,2026-07-08,Pader,meteofrance_seamless,0.0
2026-07-05,2026-07-06,Pader,jma_seamless,0.1
2026-07-05,2026-07-07,Pader,jma_seamless,0.0
2026-07-05,2026-07-08,Pader,jma_seamless,0.1
2026-07-05,2026-07-09,Pader,jma_seamless,0.0
2026-07-05,2026-07-10,Pader,jma_seamless,1.6
2026-07-05,2026-07-11,Pader,jma_seamless,7.1
2026-07-05,2026-07-06,Pader,gem_seamless,1.6
2026-07-05,2026-07-07,Pader,gem_seamless,0.0
2026-07-05,2026-07-08,Pader,gem_seamless,0.0
2026-07-05,2026-07-09,Pader,gem_seamless,0.6
2026-07-05,2026-07-10,Pader,gem_seamless,5.7
2026-07-05,2026-07-11,Pader,gem_seamless,1.1
2026-07-05,2026-07-06,Pader,knmi_seamless,0.5
2026-07-05,2026-07-07,Pader,knmi_seamless,0.0
2026-07-05,2026-07-08,Pader,knmi_seamless,0.6
2026-07-05,2026-07-09,Pader,knmi_seamless,2.6
2026-07-05,2026-07-10,Pader,knmi_seamless,5.1
2026-07-05,2026-07-11,Pader,knmi_seamless,2.7
2026-07-05,2026-07-06,Alebtong,ecmwf_ifs025,1.2
2026-07-05,2026-07-07,Alebtong,ecmwf_ifs025,0.2
2026-07-05,2026-07-08,Alebtong,ecmwf_ifs025,0.7
2026-07-05,2026-07-09,Alebtong,ecmwf_ifs025,1.6
2026-07-05,2026-07-10,Alebtong,ecmwf_ifs025,6.8
2026-07-05,2026-07-11,Alebtong,ecmwf_ifs025,3.2
2026-07-05,2026-07-06,Alebtong,ecmwf_aifs025_single,1.6
2026-07-05,2026-07-07,Alebtong,ecmwf_aifs025_single,0.2
2026-07-05,2026-07-08,Alebtong,ecmwf_aifs025_single,0.7
2026-07-05,2026-07-09,Alebtong,ecmwf_aifs025_single,0.9
2026-07-05,2026-07-10,Alebtong,ecmwf_aifs025_single,2.2
2026-07-05,2026-07-11,Alebtong,ecmwf_aifs025_single,3.0
2026-07-05,2026-07-06,Alebtong,gfs_seamless,0.4
2026-07-05,2026-07-07,Alebtong,gfs_seamless,0.9
2026-07-05,2026-07-08,Alebtong,gfs_seamless,0.2
2026-07-05,2026-07-09,Alebtong,gfs_seamless,0.7
2026-07-05,2026-07-10,Alebtong,gfs_seamless,0.5
2026-07-05,2026-07-11,Alebtong,gfs_seamless,6.3
2026-07-05,2026-07-06,Alebtong,icon_seamless,3.6
2026-07-05,2026-07-07,Alebtong,icon_seamless,0.9
2026-07-05,2026-07-08,Alebtong,icon_seamless,0.0
2026-07-05,2026-07-09,Alebtong,icon_seamless,0.0
2026-07-05,2026-07-10,Alebtong,icon_seamless,14.3
2026-07-05,2026-07-11,Alebtong,icon_seamless,15.5
2026-07-05,2026-07-06,Alebtong,ukmo_seamless,0.3
2026-07-05,2026-07-07,Alebtong,ukmo_seamless,0.1
2026-07-05,2026-07-08,Alebtong,ukmo_seamless,0.0
2026-07-05,2026-07-09,Alebtong,ukmo_seamless,0.0
2026-07-05,2026-07-10,Alebtong,ukmo_seamless,0.0
2026-07-05,2026-07-11,Alebtong,ukmo_seamless,0.4
2026-07-05,2026-07-06,Alebtong,meteofrance_seamless,1.3
2026-07-05,2026-07-07,Alebtong,meteofrance_seamless,0.0
2026-07-05,2026-07-08,Alebtong,meteofrance_seamless,0.0
2026-07-05,2026-07-06,Alebtong,jma_seamless,0.4
2026-07-05,2026-07-07,Alebtong,jma_seamless,0.1
2026-07-05,2026-07-08,Alebtong,jma_seamless,0.0
2026-07-05,2026-07-09,Alebtong,jma_seamless,0.0
2026-07-05,2026-07-10,Alebtong,jma_seamless,1.5
2026-07-05,2026-07-11,Alebtong,jma_seamless,4.9
2026-07-05,2026-07-06,Alebtong,gem_seamless,1.8
2026-07-05,2026-07-07,Alebtong,gem_seamless,0.4
2026-07-05,2026-07-08,Alebtong,gem_seamless,0.1
2026-07-05,2026-07-09,Alebtong,gem_seamless,3.1
2026-07-05,2026-07-10,Alebtong,gem_seamless,8.8
2026-07-05,2026-07-11,Alebtong,gem_seamless,5.1
2026-07-05,2026-07-06,Alebtong,knmi_seamless,0.8
2026-07-05,2026-07-07,Alebtong,knmi_seamless,0.0
2026-07-05,2026-07-08,Alebtong,knmi_seamless,0.7
2026-07-05,2026-07-09,Alebtong,knmi_seamless,2.7
2026-07-05,2026-07-10,Alebtong,knmi_seamless,2.4
2026-07-05,2026-07-11,Alebtong,knmi_seamless,5.4
2026-07-05,2026-07-06,Lira,ecmwf_ifs025,0.5
2026-07-05,2026-07-07,Lira,ecmwf_ifs025,0.0
2026-07-05,2026-07-08,Lira,ecmwf_ifs025,1.4
2026-07-05,2026-07-09,Lira,ecmwf_ifs025,1.1
2026-07-05,2026-07-10,Lira,ecmwf_ifs025,6.2
2026-07-05,2026-07-11,Lira,ecmwf_ifs025,7.1
2026-07-05,2026-07-06,Lira,ecmwf_aifs025_single,2.1
2026-07-05,2026-07-07,Lira,ecmwf_aifs025_single,0.2
2026-07-05,2026-07-08,Lira,ecmwf_aifs025_single,0.8
2026-07-05,2026-07-09,Lira,ecmwf_aifs025_single,1.0
2026-07-05,2026-07-10,Lira,ecmwf_aifs025_single,2.6
2026-07-05,2026-07-11,Lira,ecmwf_aifs025_single,3.2
2026-07-05,2026-07-06,Lira,gfs_seamless,0.6
2026-07-05,2026-07-07,Lira,gfs_seamless,2.7
2026-07-05,2026-07-08,Lira,gfs_seamless,0.0
2026-07-05,2026-07-09,Lira,gfs_seamless,0.0
2026-07-05,2026-07-10,Lira,gfs_seamless,0.8
2026-07-05,2026-07-11,Lira,gfs_seamless,9.2
2026-07-05,2026-07-06,Lira,icon_seamless,2.3
2026-07-05,2026-07-07,Lira,icon_seamless,1.2
2026-07-05,2026-07-08,Lira,icon_seamless,0.2
2026-07-05,2026-07-09,Lira,icon_seamless,0.0
2026-07-05,2026-07-10,Lira,icon_seamless,11.2
2026-07-05,2026-07-11,Lira,icon_seamless,24.2
2026-07-05,2026-07-06,Lira,ukmo_seamless,0.0
2026-07-05,2026-07-07,Lira,ukmo_seamless,0.0
2026-07-05,2026-07-08,Lira,ukmo_seamless,0.0
2026-07-05,2026-07-09,Lira,ukmo_seamless,0.0
2026-07-05,2026-07-10,Lira,ukmo_seamless,0.0
2026-07-05,2026-07-11,Lira,ukmo_seamless,0.0
2026-07-05,2026-07-06,Lira,meteofrance_seamless,2.7
2026-07-05,2026-07-07,Lira,meteofrance_seamless,0.2
2026-07-05,2026-07-08,Lira,meteofrance_seamless,0.0
2026-07-05,2026-07-06,Lira,jma_seamless,0.4
2026-07-05,2026-07-07,Lira,jma_seamless,0.1
2026-07-05,2026-07-08,Lira,jma_seamless,0.0
2026-07-05,2026-07-09,Lira,jma_seamless,0.0
2026-07-05,2026-07-10,Lira,jma_seamless,1.5
2026-07-05,2026-07-11,Lira,jma_seamless,4.9
2026-07-05,2026-07-06,Lira,gem_seamless,2.2
2026-07-05,2026-07-07,Lira,gem_seamless,1.6
2026-07-05,2026-07-08,Lira,gem_seamless,0.6
2026-07-05,2026-07-09,Lira,gem_seamless,10.4
2026-07-05,2026-07-10,Lira,gem_seamless,11.3
2026-07-05,2026-07-11,Lira,gem_seamless,3.8
2026-07-05,2026-07-06,Lira,knmi_seamless,1.4
2026-07-05,2026-07-07,Lira,knmi_seamless,0.4
2026-07-05,2026-07-08,Lira,knmi_seamless,0.3
2026-07-05,2026-07-09,Lira,knmi_seamless,3.6
2026-07-05,2026-07-10,Lira,knmi_seamless,7.5
2026-07-05,2026-07-11,Lira,knmi_seamless,9.0
2026-07-05,2026-07-06,Kole,ecmwf_ifs025,0.9
2026-07-05,2026-07-07,Kole,ecmwf_ifs025,1.1
2026-07-05,2026-07-08,Kole,ecmwf_ifs025,0.5
2026-07-05,2026-07-09,Kole,ecmwf_ifs025,0.6
2026-07-05,2026-07-10,Kole,ecmwf_ifs025,8.9
2026-07-05,2026-07-11,Kole,ecmwf_ifs025,8.5
2026-07-05,2026-07-06,Kole,ecmwf_aifs025_single,1.8
2026-07-05,2026-07-07,Kole,ecmwf_aifs025_single,0.6
2026-07-05,2026-07-08,Kole,ecmwf_aifs025_single,0.8
2026-07-05,2026-07-09,Kole,ecmwf_aifs025_single,0.6
2026-07-05,2026-07-10,Kole,ecmwf_aifs025_single,3.1
2026-07-05,2026-07-11,Kole,ecmwf_aifs025_single,4.2
2026-07-05,2026-07-06,Kole,gfs_seamless,0.9
2026-07-05,2026-07-07,Kole,gfs_seamless,0.3
2026-07-05,2026-07-08,Kole,gfs_seamless,0.3
2026-07-05,2026-07-09,Kole,gfs_seamless,0.3
2026-07-05,2026-07-10,Kole,gfs_seamless,0.3
2026-07-05,2026-07-11,Kole,gfs_seamless,7.2
2026-07-05,2026-07-06,Kole,icon_seamless,1.6
2026-07-05,2026-07-07,Kole,icon_seamless,1.6
2026-07-05,2026-07-08,Kole,icon_seamless,0.0
2026-07-05,2026-07-09,Kole,icon_seamless,0.0
2026-07-05,2026-07-10,Kole,icon_seamless,11.9
2026-07-05,2026-07-11,Kole,icon_seamless,19.5
2026-07-05,2026-07-06,Kole,ukmo_seamless,0.2
2026-07-05,2026-07-07,Kole,ukmo_seamless,0.0
2026-07-05,2026-07-08,Kole,ukmo_seamless,0.0
2026-07-05,2026-07-09,Kole,ukmo_seamless,0.0
2026-07-05,2026-07-10,Kole,ukmo_seamless,0.0
2026-07-05,2026-07-11,Kole,ukmo_seamless,0.2
2026-07-05,2026-07-06,Kole,meteofrance_seamless,0.5
2026-07-05,2026-07-07,Kole,meteofrance_seamless,0.1
2026-07-05,2026-07-08,Kole,meteofrance_seamless,0.0
2026-07-05,2026-07-06,Kole,jma_seamless,2.4
2026-07-05,2026-07-07,Kole,jma_seamless,0.0
2026-07-05,2026-07-08,Kole,jma_seamless,0.4
2026-07-05,2026-07-09,Kole,jma_seamless,0.0
2026-07-05,2026-07-10,Kole,jma_seamless,3.8
2026-07-05,2026-07-11,Kole,jma_seamless,7.3
2026-07-05,2026-07-06,Kole,gem_seamless,1.7
2026-07-05,2026-07-07,Kole,gem_seamless,1.3
2026-07-05,2026-07-08,Kole,gem_seamless,0.4
2026-07-05,2026-07-09,Kole,gem_seamless,11.6
2026-07-05,2026-07-10,Kole,gem_seamless,15.5
2026-07-05,2026-07-11,Kole,gem_seamless,44.9
2026-07-05,2026-07-06,Kole,knmi_seamless,0.6
2026-07-05,2026-07-07,Kole,knmi_seamless,1.0
2026-07-05,2026-07-08,Kole,knmi_seamless,0.3
2026-07-05,2026-07-09,Kole,knmi_seamless,0.9
2026-07-05,2026-07-10,Kole,knmi_seamless,12.9
2026-07-05,2026-07-11,Kole,knmi_seamless,10.8
2026-07-05,2026-07-06,Oyam,ecmwf_ifs025,1.6
2026-07-05,2026-07-07,Oyam,ecmwf_ifs025,0.4
2026-07-05,2026-07-08,Oyam,ecmwf_ifs025,1.0
2026-07-05,2026-07-09,Oyam,ecmwf_ifs025,1.3
2026-07-05,2026-07-10,Oyam,ecmwf_ifs025,3.2
2026-07-05,2026-07-11,Oyam,ecmwf_ifs025,18.1
2026-07-05,2026-07-06,Oyam,ecmwf_aifs025_single,2.3
2026-07-05,2026-07-07,Oyam,ecmwf_aifs025_single,0.7
2026-07-05,2026-07-08,Oyam,ecmwf_aifs025_single,1.0
2026-07-05,2026-07-09,Oyam,ecmwf_aifs025_single,0.6
2026-07-05,2026-07-10,Oyam,ecmwf_aifs025_single,3.4
2026-07-05,2026-07-11,Oyam,ecmwf_aifs025_single,4.5
2026-07-05,2026-07-06,Oyam,gfs_seamless,1.6
2026-07-05,2026-07-07,Oyam,gfs_seamless,0.1
2026-07-05,2026-07-08,Oyam,gfs_seamless,0.6
2026-07-05,2026-07-09,Oyam,gfs_seamless,1.5
2026-07-05,2026-07-10,Oyam,gfs_seamless,0.2
2026-07-05,2026-07-11,Oyam,gfs_seamless,1.9
2026-07-05,2026-07-06,Oyam,icon_seamless,6.5
2026-07-05,2026-07-07,Oyam,icon_seamless,0.5
2026-07-05,2026-07-08,Oyam,icon_seamless,0.0
2026-07-05,2026-07-09,Oyam,icon_seamless,0.0
2026-07-05,2026-07-10,Oyam,icon_seamless,5.4
2026-07-05,2026-07-11,Oyam,icon_seamless,8.5
2026-07-05,2026-07-06,Oyam,ukmo_seamless,0.1
2026-07-05,2026-07-07,Oyam,ukmo_seamless,0.0
2026-07-05,2026-07-08,Oyam,ukmo_seamless,0.0
2026-07-05,2026-07-09,Oyam,ukmo_seamless,0.0
2026-07-05,2026-07-10,Oyam,ukmo_seamless,0.0
2026-07-05,2026-07-11,Oyam,ukmo_seamless,0.2
2026-07-05,2026-07-06,Oyam,meteofrance_seamless,1.6
2026-07-05,2026-07-07,Oyam,meteofrance_seamless,0.2
2026-07-05,2026-07-08,Oyam,meteofrance_seamless,0.0
2026-07-05,2026-07-06,Oyam,jma_seamless,2.4
2026-07-05,2026-07-07,Oyam,jma_seamless,0.0
2026-07-05,2026-07-08,Oyam,jma_seamless,0.4
2026-07-05,2026-07-09,Oyam,jma_seamless,0.0
2026-07-05,2026-07-10,Oyam,jma_seamless,3.8
2026-07-05,2026-07-11,Oyam,jma_seamless,7.3
2026-07-05,2026-07-06,Oyam,gem_seamless,1.2
2026-07-05,2026-07-07,Oyam,gem_seamless,1.1
2026-07-05,2026-07-08,Oyam,gem_seamless,0.2
2026-07-05,2026-07-09,Oyam,gem_seamless,8.5
2026-07-05,2026-07-10,Oyam,gem_seamless,18.1
2026-07-05,2026-07-11,Oyam,gem_seamless,89.2
2026-07-05,2026-07-06,Oyam,knmi_seamless,0.6
2026-07-05,2026-07-07,Oyam,knmi_seamless,0.5
2026-07-05,2026-07-08,Oyam,knmi_seamless,0.6
2026-07-05,2026-07-09,Oyam,knmi_seamless,0.9
2026-07-05,2026-07-10,Oyam,knmi_seamless,3.0
2026-07-05,2026-07-11,Oyam,knmi_seamless,11.7
2026-07-05,2026-07-06,Apac,ecmwf_ifs025,0.8
2026-07-05,2026-07-07,Apac,ecmwf_ifs025,0.8
2026-07-05,2026-07-08,Apac,ecmwf_ifs025,0.7
2026-07-05,2026-07-09,Apac,ecmwf_ifs025,0.2
2026-07-05,2026-07-10,Apac,ecmwf_ifs025,4.6
2026-07-05,2026-07-11,Apac,ecmwf_ifs025,8.2
2026-07-05,2026-07-06,Apac,ecmwf_aifs025_single,1.8
2026-07-05,2026-07-07,Apac,ecmwf_aifs025_single,0.7
2026-07-05,2026-07-08,Apac,ecmwf_aifs025_single,0.5
2026-07-05,2026-07-09,Apac,ecmwf_aifs025_single,0.4
2026-07-05,2026-07-10,Apac,ecmwf_aifs025_single,2.9
2026-07-05,2026-07-11,Apac,ecmwf_aifs025_single,4.6
2026-07-05,2026-07-06,Apac,gfs_seamless,3.0
2026-07-05,2026-07-07,Apac,gfs_seamless,0.2
2026-07-05,2026-07-08,Apac,gfs_seamless,1.3
2026-07-05,2026-07-09,Apac,gfs_seamless,0.2
2026-07-05,2026-07-10,Apac,gfs_seamless,0.3
2026-07-05,2026-07-11,Apac,gfs_seamless,4.9
2026-07-05,2026-07-06,Apac,icon_seamless,1.1
2026-07-05,2026-07-07,Apac,icon_seamless,1.6
2026-07-05,2026-07-08,Apac,icon_seamless,0.4
2026-07-05,2026-07-09,Apac,icon_seamless,0.0
2026-07-05,2026-07-10,Apac,icon_seamless,5.1
2026-07-05,2026-07-11,Apac,icon_seamless,9.6
2026-07-05,2026-07-06,Apac,ukmo_seamless,0.3
2026-07-05,2026-07-07,Apac,ukmo_seamless,0.0
2026-07-05,2026-07-08,Apac,ukmo_seamless,0.0
2026-07-05,2026-07-09,Apac,ukmo_seamless,0.0
2026-07-05,2026-07-10,Apac,ukmo_seamless,0.0
2026-07-05,2026-07-11,Apac,ukmo_seamless,0.8
2026-07-05,2026-07-06,Apac,meteofrance_seamless,0.6
2026-07-05,2026-07-07,Apac,meteofrance_seamless,0.0
2026-07-05,2026-07-08,Apac,meteofrance_seamless,0.6
2026-07-05,2026-07-06,Apac,jma_seamless,2.0
2026-07-05,2026-07-07,Apac,jma_seamless,0.8
2026-07-05,2026-07-08,Apac,jma_seamless,0.0
2026-07-05,2026-07-09,Apac,jma_seamless,0.0
2026-07-05,2026-07-10,Apac,jma_seamless,0.0
2026-07-05,2026-07-11,Apac,jma_seamless,10.6
2026-07-05,2026-07-06,Apac,gem_seamless,1.0
2026-07-05,2026-07-07,Apac,gem_seamless,0.4
2026-07-05,2026-07-08,Apac,gem_seamless,0.6
2026-07-05,2026-07-09,Apac,gem_seamless,12.6
2026-07-05,2026-07-10,Apac,gem_seamless,16.1
2026-07-05,2026-07-11,Apac,gem_seamless,58.0
2026-07-05,2026-07-06,Apac,knmi_seamless,1.3
2026-07-05,2026-07-07,Apac,knmi_seamless,0.6
2026-07-05,2026-07-08,Apac,knmi_seamless,0.3
2026-07-05,2026-07-09,Apac,knmi_seamless,0.3
2026-07-05,2026-07-10,Apac,knmi_seamless,5.4
2026-07-05,2026-07-11,Apac,knmi_seamless,6.0
2026-07-05,2026-07-06,Gulu,ecmwf_ifs025,0.8
2026-07-05,2026-07-07,Gulu,ecmwf_ifs025,0.2
2026-07-05,2026-07-08,Gulu,ecmwf_ifs025,1.7
2026-07-05,2026-07-09,Gulu,ecmwf_ifs025,3.9
2026-07-05,2026-07-10,Gulu,ecmwf_ifs025,5.2
2026-07-05,2026-07-11,Gulu,ecmwf_ifs025,18.3
2026-07-05,2026-07-06,Gulu,ecmwf_aifs025_single,4.2
2026-07-05,2026-07-07,Gulu,ecmwf_aifs025_single,0.2
2026-07-05,2026-07-08,Gulu,ecmwf_aifs025_single,1.1
2026-07-05,2026-07-09,Gulu,ecmwf_aifs025_single,0.4
2026-07-05,2026-07-10,Gulu,ecmwf_aifs025_single,3.3
2026-07-05,2026-07-11,Gulu,ecmwf_aifs025_single,4.6
2026-07-05,2026-07-06,Gulu,gfs_seamless,0.9
2026-07-05,2026-07-07,Gulu,gfs_seamless,0.0
2026-07-05,2026-07-08,Gulu,gfs_seamless,1.3
2026-07-05,2026-07-09,Gulu,gfs_seamless,1.8
2026-07-05,2026-07-10,Gulu,gfs_seamless,1.4
2026-07-05,2026-07-11,Gulu,gfs_seamless,7.5
2026-07-05,2026-07-06,Gulu,icon_seamless,2.0
2026-07-05,2026-07-07,Gulu,icon_seamless,0.1
2026-07-05,2026-07-08,Gulu,icon_seamless,0.0
2026-07-05,2026-07-09,Gulu,icon_seamless,0.3
2026-07-05,2026-07-10,Gulu,icon_seamless,6.6
2026-07-05,2026-07-11,Gulu,icon_seamless,6.6
2026-07-05,2026-07-06,Gulu,ukmo_seamless,0.2
2026-07-05,2026-07-07,Gulu,ukmo_seamless,0.0
2026-07-05,2026-07-08,Gulu,ukmo_seamless,0.0
2026-07-05,2026-07-09,Gulu,ukmo_seamless,0.0
2026-07-05,2026-07-10,Gulu,ukmo_seamless,0.0
2026-07-05,2026-07-11,Gulu,ukmo_seamless,0.6
2026-07-05,2026-07-06,Gulu,meteofrance_seamless,2.3
2026-07-05,2026-07-07,Gulu,meteofrance_seamless,0.4
2026-07-05,2026-07-08,Gulu,meteofrance_seamless,0.0
2026-07-05,2026-07-06,Gulu,jma_seamless,1.3
2026-07-05,2026-07-07,Gulu,jma_seamless,0.3
2026-07-05,2026-07-08,Gulu,jma_seamless,0.0
2026-07-05,2026-07-09,Gulu,jma_seamless,0.0
2026-07-05,2026-07-10,Gulu,jma_seamless,4.3
2026-07-05,2026-07-11,Gulu,jma_seamless,7.1
2026-07-05,2026-07-06,Gulu,gem_seamless,2.2
2026-07-05,2026-07-07,Gulu,gem_seamless,3.6
2026-07-05,2026-07-08,Gulu,gem_seamless,1.0
2026-07-05,2026-07-09,Gulu,gem_seamless,0.0
2026-07-05,2026-07-10,Gulu,gem_seamless,2.1
2026-07-05,2026-07-11,Gulu,gem_seamless,15.0
2026-07-05,2026-07-06,Gulu,knmi_seamless,0.3
2026-07-05,2026-07-07,Gulu,knmi_seamless,0.1
2026-07-05,2026-07-08,Gulu,knmi_seamless,0.3
2026-07-05,2026-07-09,Gulu,knmi_seamless,2.5
2026-07-05,2026-07-10,Gulu,knmi_seamless,3.0
2026-07-05,2026-07-11,Gulu,knmi_seamless,13.5
2026-07-05,2026-07-06,Omoro,ecmwf_ifs025,0.5
2026-07-05,2026-07-07,Omoro,ecmwf_ifs025,0.4
2026-07-05,2026-07-08,Omoro,ecmwf_ifs025,0.9
2026-07-05,2026-07-09,Omoro,ecmwf_ifs025,2.7
2026-07-05,2026-07-10,Omoro,ecmwf_ifs025,6.9
2026-07-05,2026-07-11,Omoro,ecmwf_ifs025,1.8
2026-07-05,2026-07-06,Omoro,ecmwf_aifs025_single,3.3
2026-07-05,2026-07-07,Omoro,ecmwf_aifs025_single,0.1
2026-07-05,2026-07-08,Omoro,ecmwf_aifs025_single,1.0
2026-07-05,2026-07-09,Omoro,ecmwf_aifs025_single,0.7
2026-07-05,2026-07-10,Omoro,ecmwf_aifs025_single,3.0
2026-07-05,2026-07-11,Omoro,ecmwf_aifs025_single,3.7
2026-07-05,2026-07-06,Omoro,gfs_seamless,0.8
2026-07-05,2026-07-07,Omoro,gfs_seamless,0.2
2026-07-05,2026-07-08,Omoro,gfs_seamless,0.1
2026-07-05,2026-07-09,Omoro,gfs_seamless,0.1
2026-07-05,2026-07-10,Omoro,gfs_seamless,2.2
2026-07-05,2026-07-11,Omoro,gfs_seamless,2.9
2026-07-05,2026-07-06,Omoro,icon_seamless,6.3
2026-07-05,2026-07-07,Omoro,icon_seamless,0.4
2026-07-05,2026-07-08,Omoro,icon_seamless,0.0
2026-07-05,2026-07-09,Omoro,icon_seamless,0.3
2026-07-05,2026-07-10,Omoro,icon_seamless,6.0
2026-07-05,2026-07-11,Omoro,icon_seamless,9.6
2026-07-05,2026-07-06,Omoro,ukmo_seamless,0.0
2026-07-05,2026-07-07,Omoro,ukmo_seamless,0.0
2026-07-05,2026-07-08,Omoro,ukmo_seamless,0.0
2026-07-05,2026-07-09,Omoro,ukmo_seamless,0.0
2026-07-05,2026-07-10,Omoro,ukmo_seamless,0.0
2026-07-05,2026-07-11,Omoro,ukmo_seamless,0.6
2026-07-05,2026-07-06,Omoro,meteofrance_seamless,3.4
2026-07-05,2026-07-07,Omoro,meteofrance_seamless,1.2
2026-07-05,2026-07-08,Omoro,meteofrance_seamless,0.0
2026-07-05,2026-07-06,Omoro,jma_seamless,2.4
2026-07-05,2026-07-07,Omoro,jma_seamless,0.0
2026-07-05,2026-07-08,Omoro,jma_seamless,0.4
2026-07-05,2026-07-09,Omoro,jma_seamless,0.0
2026-07-05,2026-07-10,Omoro,jma_seamless,3.8
2026-07-05,2026-07-11,Omoro,jma_seamless,7.3
2026-07-05,2026-07-06,Omoro,gem_seamless,2.5
2026-07-05,2026-07-07,Omoro,gem_seamless,1.8
2026-07-05,2026-07-08,Omoro,gem_seamless,0.3
2026-07-05,2026-07-09,Omoro,gem_seamless,1.8
2026-07-05,2026-07-10,Omoro,gem_seamless,13.9
2026-07-05,2026-07-11,Omoro,gem_seamless,23.0
2026-07-05,2026-07-06,Omoro,knmi_seamless,0.8
2026-07-05,2026-07-07,Omoro,knmi_seamless,1.4
2026-07-05,2026-07-08,Omoro,knmi_seamless,0.2
2026-07-05,2026-07-09,Omoro,knmi_seamless,0.9
2026-07-05,2026-07-10,Omoro,knmi_seamless,7.5
2026-07-05,2026-07-11,Omoro,knmi_seamless,6.3
2026-07-05,2026-07-06,Nwoya,ecmwf_ifs025,2.1
2026-07-05,2026-07-07,Nwoya,ecmwf_ifs025,1.1
2026-07-05,2026-07-08,Nwoya,ecmwf_ifs025,1.2
2026-07-05,2026-07-09,Nwoya,ecmwf_ifs025,1.4
2026-07-05,2026-07-10,Nwoya,ecmwf_ifs025,1.4
2026-07-05,2026-07-11,Nwoya,ecmwf_ifs025,9.0
2026-07-05,2026-07-06,Nwoya,ecmwf_aifs025_single,2.4
2026-07-05,2026-07-07,Nwoya,ecmwf_aifs025_single,0.8
2026-07-05,2026-07-08,Nwoya,ecmwf_aifs025_single,1.0
2026-07-05,2026-07-09,Nwoya,ecmwf_aifs025_single,0.3
2026-07-05,2026-07-10,Nwoya,ecmwf_aifs025_single,3.9
2026-07-05,2026-07-11,Nwoya,ecmwf_aifs025_single,5.3
2026-07-05,2026-07-06,Nwoya,gfs_seamless,1.4
2026-07-05,2026-07-07,Nwoya,gfs_seamless,0.3
2026-07-05,2026-07-08,Nwoya,gfs_seamless,0.4
2026-07-05,2026-07-09,Nwoya,gfs_seamless,1.5
2026-07-05,2026-07-10,Nwoya,gfs_seamless,1.4
2026-07-05,2026-07-11,Nwoya,gfs_seamless,9.7
2026-07-05,2026-07-06,Nwoya,icon_seamless,6.6
2026-07-05,2026-07-07,Nwoya,icon_seamless,0.1
2026-07-05,2026-07-08,Nwoya,icon_seamless,0.0
2026-07-05,2026-07-09,Nwoya,icon_seamless,7.8
2026-07-05,2026-07-10,Nwoya,icon_seamless,1.5
2026-07-05,2026-07-11,Nwoya,icon_seamless,12.9
2026-07-05,2026-07-06,Nwoya,ukmo_seamless,0.1
2026-07-05,2026-07-07,Nwoya,ukmo_seamless,0.0
2026-07-05,2026-07-08,Nwoya,ukmo_seamless,0.0
2026-07-05,2026-07-09,Nwoya,ukmo_seamless,0.0
2026-07-05,2026-07-10,Nwoya,ukmo_seamless,0.0
2026-07-05,2026-07-11,Nwoya,ukmo_seamless,3.0
2026-07-05,2026-07-06,Nwoya,meteofrance_seamless,0.3
2026-07-05,2026-07-07,Nwoya,meteofrance_seamless,0.7
2026-07-05,2026-07-08,Nwoya,meteofrance_seamless,0.0
2026-07-05,2026-07-06,Nwoya,jma_seamless,3.6
2026-07-05,2026-07-07,Nwoya,jma_seamless,0.9
2026-07-05,2026-07-08,Nwoya,jma_seamless,0.1
2026-07-05,2026-07-09,Nwoya,jma_seamless,0.0
2026-07-05,2026-07-10,Nwoya,jma_seamless,4.0
2026-07-05,2026-07-11,Nwoya,jma_seamless,14.3
2026-07-05,2026-07-06,Nwoya,gem_seamless,3.1
2026-07-05,2026-07-07,Nwoya,gem_seamless,2.0
2026-07-05,2026-07-08,Nwoya,gem_seamless,8.9
2026-07-05,2026-07-09,Nwoya,gem_seamless,3.0
2026-07-05,2026-07-10,Nwoya,gem_seamless,0.0
2026-07-05,2026-07-11,Nwoya,gem_seamless,17.4
2026-07-05,2026-07-06,Nwoya,knmi_seamless,0.7
2026-07-05,2026-07-07,Nwoya,knmi_seamless,2.4
2026-07-05,2026-07-08,Nwoya,knmi_seamless,1.0
2026-07-05,2026-07-09,Nwoya,knmi_seamless,0.9
2026-07-05,2026-07-10,Nwoya,knmi_seamless,3.3
2026-07-05,2026-07-11,Nwoya,knmi_seamless,12.9
2026-07-05,2026-07-06,Amuru,ecmwf_ifs025,0.7
2026-07-05,2026-07-07,Amuru,ecmwf_ifs025,0.2
2026-07-05,2026-07-08,Amuru,ecmwf_ifs025,4.5
2026-07-05,2026-07-09,Amuru,ecmwf_ifs025,1.5
2026-07-05,2026-07-10,Amuru,ecmwf_ifs025,2.3
2026-07-05,2026-07-11,Amuru,ecmwf_ifs025,11.0
2026-07-05,2026-07-06,Amuru,ecmwf_aifs025_single,3.5
2026-07-05,2026-07-07,Amuru,ecmwf_aifs025_single,0.7
2026-07-05,2026-07-08,Amuru,ecmwf_aifs025_single,1.6
2026-07-05,2026-07-09,Amuru,ecmwf_aifs025_single,0.5
2026-07-05,2026-07-10,Amuru,ecmwf_aifs025_single,4.4
2026-07-05,2026-07-11,Amuru,ecmwf_aifs025_single,5.4
2026-07-05,2026-07-06,Amuru,gfs_seamless,0.1
2026-07-05,2026-07-07,Amuru,gfs_seamless,0.0
2026-07-05,2026-07-08,Amuru,gfs_seamless,0.5
2026-07-05,2026-07-09,Amuru,gfs_seamless,0.8
2026-07-05,2026-07-10,Amuru,gfs_seamless,2.7
2026-07-05,2026-07-11,Amuru,gfs_seamless,3.5
2026-07-05,2026-07-06,Amuru,icon_seamless,8.7
2026-07-05,2026-07-07,Amuru,icon_seamless,0.1
2026-07-05,2026-07-08,Amuru,icon_seamless,0.4
2026-07-05,2026-07-09,Amuru,icon_seamless,0.3
2026-07-05,2026-07-10,Amuru,icon_seamless,5.4
2026-07-05,2026-07-11,Amuru,icon_seamless,4.8
2026-07-05,2026-07-06,Amuru,ukmo_seamless,0.1
2026-07-05,2026-07-07,Amuru,ukmo_seamless,0.0
2026-07-05,2026-07-08,Amuru,ukmo_seamless,0.0
2026-07-05,2026-07-09,Amuru,ukmo_seamless,0.0
2026-07-05,2026-07-10,Amuru,ukmo_seamless,0.0
2026-07-05,2026-07-11,Amuru,ukmo_seamless,0.0
2026-07-05,2026-07-06,Amuru,meteofrance_seamless,0.7
2026-07-05,2026-07-07,Amuru,meteofrance_seamless,2.6
2026-07-05,2026-07-08,Amuru,meteofrance_seamless,0.0
2026-07-05,2026-07-06,Amuru,jma_seamless,3.2
2026-07-05,2026-07-07,Amuru,jma_seamless,0.8
2026-07-05,2026-07-08,Amuru,jma_seamless,0.9
2026-07-05,2026-07-09,Amuru,jma_seamless,0.3
2026-07-05,2026-07-10,Amuru,jma_seamless,7.9
2026-07-05,2026-07-11,Amuru,jma_seamless,7.6
2026-07-05,2026-07-06,Amuru,gem_seamless,1.0
2026-07-05,2026-07-07,Amuru,gem_seamless,8.1
2026-07-05,2026-07-08,Amuru,gem_seamless,2.7
2026-07-05,2026-07-09,Amuru,gem_seamless,4.8
2026-07-05,2026-07-10,Amuru,gem_seamless,3.6
2026-07-05,2026-07-11,Amuru,gem_seamless,8.4
2026-07-05,2026-07-06,Amuru,knmi_seamless,0.7
2026-07-05,2026-07-07,Amuru,knmi_seamless,0.0
2026-07-05,2026-07-08,Amuru,knmi_seamless,4.1
2026-07-05,2026-07-09,Amuru,knmi_seamless,0.6
2026-07-05,2026-07-10,Amuru,knmi_seamless,1.8
2026-07-05,2026-07-11,Amuru,knmi_seamless,13.2
2026-07-05,2026-07-06,Lamwo,ecmwf_ifs025,0.7
2026-07-05,2026-07-07,Lamwo,ecmwf_ifs025,0.0
2026-07-05,2026-07-08,Lamwo,ecmwf_ifs025,2.0
2026-07-05,2026-07-09,Lamwo,ecmwf_ifs025,1.2
2026-07-05,2026-07-10,Lamwo,ecmwf_ifs025,5.9
2026-07-05,2026-07-11,Lamwo,ecmwf_ifs025,10.6
2026-07-05,2026-07-06,Lamwo,ecmwf_aifs025_single,2.3
2026-07-05,2026-07-07,Lamwo,ecmwf_aifs025_single,0.1
2026-07-05,2026-07-08,Lamwo,ecmwf_aifs025_single,0.6
2026-07-05,2026-07-09,Lamwo,ecmwf_aifs025_single,0.2
2026-07-05,2026-07-10,Lamwo,ecmwf_aifs025_single,2.0
2026-07-05,2026-07-11,Lamwo,ecmwf_aifs025_single,4.2
2026-07-05,2026-07-06,Lamwo,gfs_seamless,0.3
2026-07-05,2026-07-07,Lamwo,gfs_seamless,0.0
2026-07-05,2026-07-08,Lamwo,gfs_seamless,0.0
2026-07-05,2026-07-09,Lamwo,gfs_seamless,1.9
2026-07-05,2026-07-10,Lamwo,gfs_seamless,0.7
2026-07-05,2026-07-11,Lamwo,gfs_seamless,3.5
2026-07-05,2026-07-06,Lamwo,icon_seamless,0.7
2026-07-05,2026-07-07,Lamwo,icon_seamless,0.0
2026-07-05,2026-07-08,Lamwo,icon_seamless,0.0
2026-07-05,2026-07-09,Lamwo,icon_seamless,1.2
2026-07-05,2026-07-10,Lamwo,icon_seamless,8.4
2026-07-05,2026-07-11,Lamwo,icon_seamless,8.9
2026-07-05,2026-07-06,Lamwo,ukmo_seamless,0.6
2026-07-05,2026-07-07,Lamwo,ukmo_seamless,0.0
2026-07-05,2026-07-08,Lamwo,ukmo_seamless,0.0
2026-07-05,2026-07-09,Lamwo,ukmo_seamless,0.0
2026-07-05,2026-07-10,Lamwo,ukmo_seamless,0.0
2026-07-05,2026-07-11,Lamwo,ukmo_seamless,0.6
2026-07-05,2026-07-06,Lamwo,meteofrance_seamless,4.1
2026-07-05,2026-07-07,Lamwo,meteofrance_seamless,0.0
2026-07-05,2026-07-08,Lamwo,meteofrance_seamless,0.0
2026-07-05,2026-07-06,Lamwo,jma_seamless,1.8
2026-07-05,2026-07-07,Lamwo,jma_seamless,0.1
2026-07-05,2026-07-08,Lamwo,jma_seamless,-0.1
2026-07-05,2026-07-09,Lamwo,jma_seamless,0.3
2026-07-05,2026-07-10,Lamwo,jma_seamless,2.0
2026-07-05,2026-07-11,Lamwo,jma_seamless,20.6
2026-07-05,2026-07-06,Lamwo,gem_seamless,4.1
2026-07-05,2026-07-07,Lamwo,gem_seamless,0.3
2026-07-05,2026-07-08,Lamwo,gem_seamless,0.2
2026-07-05,2026-07-09,Lamwo,gem_seamless,3.3
2026-07-05,2026-07-10,Lamwo,gem_seamless,3.9
2026-07-05,2026-07-11,Lamwo,gem_seamless,0.0
2026-07-05,2026-07-06,Lamwo,knmi_seamless,0.1
2026-07-05,2026-07-07,Lamwo,knmi_seamless,0.0
2026-07-05,2026-07-08,Lamwo,knmi_seamless,2.6
2026-07-05,2026-07-09,Lamwo,knmi_seamless,1.2
2026-07-05,2026-07-10,Lamwo,knmi_seamless,7.2
2026-07-05,2026-07-11,Lamwo,knmi_seamless,10.2
2026-07-05,2026-07-06,Amolatar,ecmwf_ifs025,0.2
2026-07-05,2026-07-07,Amolatar,ecmwf_ifs025,0.0
2026-07-05,2026-07-08,Amolatar,ecmwf_ifs025,1.0
2026-07-05,2026-07-09,Amolatar,ecmwf_ifs025,0.7
2026-07-05,2026-07-10,Amolatar,ecmwf_ifs025,3.3
2026-07-05,2026-07-11,Amolatar,ecmwf_ifs025,13.4
2026-07-05,2026-07-06,Amolatar,ecmwf_aifs025_single,0.9
2026-07-05,2026-07-07,Amolatar,ecmwf_aifs025_single,0.5
2026-07-05,2026-07-08,Amolatar,ecmwf_aifs025_single,0.5
2026-07-05,2026-07-09,Amolatar,ecmwf_aifs025_single,0.2
2026-07-05,2026-07-10,Amolatar,ecmwf_aifs025_single,2.0
2026-07-05,2026-07-11,Amolatar,ecmwf_aifs025_single,4.3
2026-07-05,2026-07-06,Amolatar,gfs_seamless,0.7
2026-07-05,2026-07-07,Amolatar,gfs_seamless,0.5
2026-07-05,2026-07-08,Amolatar,gfs_seamless,0.1
2026-07-05,2026-07-09,Amolatar,gfs_seamless,0.1
2026-07-05,2026-07-10,Amolatar,gfs_seamless,0.4
2026-07-05,2026-07-11,Amolatar,gfs_seamless,1.3
2026-07-05,2026-07-06,Amolatar,icon_seamless,0.3
2026-07-05,2026-07-07,Amolatar,icon_seamless,1.3
2026-07-05,2026-07-08,Amolatar,icon_seamless,5.3
2026-07-05,2026-07-09,Amolatar,icon_seamless,0.0
2026-07-05,2026-07-10,Amolatar,icon_seamless,2.2
2026-07-05,2026-07-11,Amolatar,icon_seamless,11.9
2026-07-05,2026-07-06,Amolatar,ukmo_seamless,0.3
2026-07-05,2026-07-07,Amolatar,ukmo_seamless,0.0
2026-07-05,2026-07-08,Amolatar,ukmo_seamless,0.0
2026-07-05,2026-07-09,Amolatar,ukmo_seamless,0.0
2026-07-05,2026-07-10,Amolatar,ukmo_seamless,0.0
2026-07-05,2026-07-11,Amolatar,ukmo_seamless,3.0
2026-07-05,2026-07-06,Amolatar,meteofrance_seamless,0.0
2026-07-05,2026-07-07,Amolatar,meteofrance_seamless,0.0
2026-07-05,2026-07-08,Amolatar,meteofrance_seamless,0.0
2026-07-05,2026-07-06,Amolatar,jma_seamless,1.3
2026-07-05,2026-07-07,Amolatar,jma_seamless,0.1
2026-07-05,2026-07-08,Amolatar,jma_seamless,2.6
2026-07-05,2026-07-09,Amolatar,jma_seamless,0.0
2026-07-05,2026-07-10,Amolatar,jma_seamless,0.0
2026-07-05,2026-07-11,Amolatar,jma_seamless,3.6
2026-07-05,2026-07-06,Amolatar,gem_seamless,2.2
2026-07-05,2026-07-07,Amolatar,gem_seamless,1.7
2026-07-05,2026-07-08,Amolatar,gem_seamless,0.0
2026-07-05,2026-07-09,Amolatar,gem_seamless,0.0
2026-07-05,2026-07-10,Amolatar,gem_seamless,2.2
2026-07-05,2026-07-11,Amolatar,gem_seamless,1.1
2026-07-05,2026-07-06,Amolatar,knmi_seamless,0.1
2026-07-05,2026-07-07,Amolatar,knmi_seamless,0.3
2026-07-05,2026-07-08,Amolatar,knmi_seamless,0.4
2026-07-05,2026-07-09,Amolatar,knmi_seamless,0.0
2026-07-05,2026-07-10,Amolatar,knmi_seamless,0.0
2026-07-05,2026-07-11,Amolatar,knmi_seamless,5.1
2026-07-05,2026-07-06,Kalaki,ecmwf_ifs025,1.0
2026-07-05,2026-07-07,Kalaki,ecmwf_ifs025,0.0
2026-07-05,2026-07-08,Kalaki,ecmwf_ifs025,0.4
2026-07-05,2026-07-09,Kalaki,ecmwf_ifs025,1.6
2026-07-05,2026-07-10,Kalaki,ecmwf_ifs025,3.8
2026-07-05,2026-07-11,Kalaki,ecmwf_ifs025,4.3
2026-07-05,2026-07-06,Kalaki,ecmwf_aifs025_single,1.4
2026-07-05,2026-07-07,Kalaki,ecmwf_aifs025_single,0.2
2026-07-05,2026-07-08,Kalaki,ecmwf_aifs025_single,0.8
2026-07-05,2026-07-09,Kalaki,ecmwf_aifs025_single,0.8
2026-07-05,2026-07-10,Kalaki,ecmwf_aifs025_single,1.9
2026-07-05,2026-07-11,Kalaki,ecmwf_aifs025_single,3.0
2026-07-05,2026-07-06,Kalaki,gfs_seamless,0.1
2026-07-05,2026-07-07,Kalaki,gfs_seamless,0.7
2026-07-05,2026-07-08,Kalaki,gfs_seamless,0.3
2026-07-05,2026-07-09,Kalaki,gfs_seamless,0.0
2026-07-05,2026-07-10,Kalaki,gfs_seamless,0.5
2026-07-05,2026-07-11,Kalaki,gfs_seamless,18.3
2026-07-05,2026-07-06,Kalaki,icon_seamless,1.2
2026-07-05,2026-07-07,Kalaki,icon_seamless,0.5
2026-07-05,2026-07-08,Kalaki,icon_seamless,0.0
2026-07-05,2026-07-09,Kalaki,icon_seamless,0.0
2026-07-05,2026-07-10,Kalaki,icon_seamless,3.2
2026-07-05,2026-07-11,Kalaki,icon_seamless,14.6
2026-07-05,2026-07-06,Kalaki,ukmo_seamless,0.4
2026-07-05,2026-07-07,Kalaki,ukmo_seamless,0.0
2026-07-05,2026-07-08,Kalaki,ukmo_seamless,0.0
2026-07-05,2026-07-09,Kalaki,ukmo_seamless,0.0
2026-07-05,2026-07-10,Kalaki,ukmo_seamless,0.3
2026-07-05,2026-07-11,Kalaki,ukmo_seamless,1.2
2026-07-05,2026-07-06,Kalaki,meteofrance_seamless,1.8
2026-07-05,2026-07-07,Kalaki,meteofrance_seamless,0.0
2026-07-05,2026-07-08,Kalaki,meteofrance_seamless,0.0
2026-07-05,2026-07-06,Kalaki,jma_seamless,2.3
2026-07-05,2026-07-07,Kalaki,jma_seamless,0.1
2026-07-05,2026-07-08,Kalaki,jma_seamless,0.1
2026-07-05,2026-07-09,Kalaki,jma_seamless,0.5
2026-07-05,2026-07-10,Kalaki,jma_seamless,0.3
2026-07-05,2026-07-11,Kalaki,jma_seamless,6.6
2026-07-05,2026-07-06,Kalaki,gem_seamless,2.4
2026-07-05,2026-07-07,Kalaki,gem_seamless,0.3
2026-07-05,2026-07-08,Kalaki,gem_seamless,0.4
2026-07-05,2026-07-09,Kalaki,gem_seamless,1.0
2026-07-05,2026-07-10,Kalaki,gem_seamless,1.5
2026-07-05,2026-07-11,Kalaki,gem_seamless,14.8
2026-07-05,2026-07-06,Kalaki,knmi_seamless,0.4
2026-07-05,2026-07-07,Kalaki,knmi_seamless,0.0
2026-07-05,2026-07-08,Kalaki,knmi_seamless,0.9
2026-07-05,2026-07-09,Kalaki,knmi_seamless,1.0
2026-07-05,2026-07-10,Kalaki,knmi_seamless,4.5
2026-07-05,2026-07-11,Kalaki,knmi_seamless,3.9
2026-07-05,2026-07-06,Amuria,ecmwf_ifs025,1.0
2026-07-05,2026-07-07,Amuria,ecmwf_ifs025,0.0
2026-07-05,2026-07-08,Amuria,ecmwf_ifs025,0.4
2026-07-05,2026-07-09,Amuria,ecmwf_ifs025,1.6
2026-07-05,2026-07-10,Amuria,ecmwf_ifs025,3.8
2026-07-05,2026-07-11,Amuria,ecmwf_ifs025,4.3
2026-07-05,2026-07-06,Amuria,ecmwf_aifs025_single,1.4
2026-07-05,2026-07-07,Amuria,ecmwf_aifs025_single,0.2
2026-07-05,2026-07-08,Amuria,ecmwf_aifs025_single,0.8
2026-07-05,2026-07-09,Amuria,ecmwf_aifs025_single,0.8
2026-07-05,2026-07-10,Amuria,ecmwf_aifs025_single,1.9
2026-07-05,2026-07-11,Amuria,ecmwf_aifs025_single,3.0
2026-07-05,2026-07-06,Amuria,gfs_seamless,0.4
2026-07-05,2026-07-07,Amuria,gfs_seamless,0.2
2026-07-05,2026-07-08,Amuria,gfs_seamless,0.0
2026-07-05,2026-07-09,Amuria,gfs_seamless,0.0
2026-07-05,2026-07-10,Amuria,gfs_seamless,0.9
2026-07-05,2026-07-11,Amuria,gfs_seamless,13.7
2026-07-05,2026-07-06,Amuria,icon_seamless,1.8
2026-07-05,2026-07-07,Amuria,icon_seamless,0.2
2026-07-05,2026-07-08,Amuria,icon_seamless,0.0
2026-07-05,2026-07-09,Amuria,icon_seamless,0.3
2026-07-05,2026-07-10,Amuria,icon_seamless,12.9
2026-07-05,2026-07-11,Amuria,icon_seamless,16.3
2026-07-05,2026-07-06,Amuria,ukmo_seamless,0.2
2026-07-05,2026-07-07,Amuria,ukmo_seamless,0.0
2026-07-05,2026-07-08,Amuria,ukmo_seamless,0.0
2026-07-05,2026-07-09,Amuria,ukmo_seamless,0.0
2026-07-05,2026-07-10,Amuria,ukmo_seamless,0.3
2026-07-05,2026-07-11,Amuria,ukmo_seamless,1.0
2026-07-05,2026-07-06,Amuria,meteofrance_seamless,1.8
2026-07-05,2026-07-07,Amuria,meteofrance_seamless,0.0
2026-07-05,2026-07-08,Amuria,meteofrance_seamless,0.0
2026-07-05,2026-07-06,Amuria,jma_seamless,2.3
2026-07-05,2026-07-07,Amuria,jma_seamless,0.1
2026-07-05,2026-07-08,Amuria,jma_seamless,0.1
2026-07-05,2026-07-09,Amuria,jma_seamless,0.5
2026-07-05,2026-07-10,Amuria,jma_seamless,0.3
2026-07-05,2026-07-11,Amuria,jma_seamless,6.6
2026-07-05,2026-07-06,Amuria,gem_seamless,2.7
2026-07-05,2026-07-07,Amuria,gem_seamless,0.0
2026-07-05,2026-07-08,Amuria,gem_seamless,0.8
2026-07-05,2026-07-09,Amuria,gem_seamless,2.6
2026-07-05,2026-07-10,Amuria,gem_seamless,2.0
2026-07-05,2026-07-11,Amuria,gem_seamless,13.3
2026-07-05,2026-07-06,Amuria,knmi_seamless,0.9
2026-07-05,2026-07-07,Amuria,knmi_seamless,0.0
2026-07-05,2026-07-08,Amuria,knmi_seamless,1.2
2026-07-05,2026-07-09,Amuria,knmi_seamless,4.3
2026-07-05,2026-07-10,Amuria,knmi_seamless,3.9
2026-07-05,2026-07-11,Amuria,knmi_seamless,3.0
2026-07-05,2026-07-06,Kaberamaido,ecmwf_ifs025,0.7
2026-07-05,2026-07-07,Kaberamaido,ecmwf_ifs025,0.2
2026-07-05,2026-07-08,Kaberamaido,ecmwf_ifs025,1.2
2026-07-05,2026-07-09,Kaberamaido,ecmwf_ifs025,1.7
2026-07-05,2026-07-10,Kaberamaido,ecmwf_ifs025,3.2
2026-07-05,2026-07-11,Kaberamaido,ecmwf_ifs025,10.6
2026-07-05,2026-07-06,Kaberamaido,ecmwf_aifs025_single,0.9
2026-07-05,2026-07-07,Kaberamaido,ecmwf_aifs025_single,0.6
2026-07-05,2026-07-08,Kaberamaido,ecmwf_aifs025_single,0.9
2026-07-05,2026-07-09,Kaberamaido,ecmwf_aifs025_single,0.3
2026-07-05,2026-07-10,Kaberamaido,ecmwf_aifs025_single,1.9
2026-07-05,2026-07-11,Kaberamaido,ecmwf_aifs025_single,3.7
2026-07-05,2026-07-06,Kaberamaido,gfs_seamless,0.0
2026-07-05,2026-07-07,Kaberamaido,gfs_seamless,0.7
2026-07-05,2026-07-08,Kaberamaido,gfs_seamless,0.5
2026-07-05,2026-07-09,Kaberamaido,gfs_seamless,0.1
2026-07-05,2026-07-10,Kaberamaido,gfs_seamless,4.0
2026-07-05,2026-07-11,Kaberamaido,gfs_seamless,1.0
2026-07-05,2026-07-06,Kaberamaido,icon_seamless,0.3
2026-07-05,2026-07-07,Kaberamaido,icon_seamless,0.6
2026-07-05,2026-07-08,Kaberamaido,icon_seamless,0.3
2026-07-05,2026-07-09,Kaberamaido,icon_seamless,0.0
2026-07-05,2026-07-10,Kaberamaido,icon_seamless,5.4
2026-07-05,2026-07-11,Kaberamaido,icon_seamless,8.9
2026-07-05,2026-07-06,Kaberamaido,ukmo_seamless,0.2
2026-07-05,2026-07-07,Kaberamaido,ukmo_seamless,0.2
2026-07-05,2026-07-08,Kaberamaido,ukmo_seamless,0.0
2026-07-05,2026-07-09,Kaberamaido,ukmo_seamless,0.3
2026-07-05,2026-07-10,Kaberamaido,ukmo_seamless,0.3
2026-07-05,2026-07-11,Kaberamaido,ukmo_seamless,2.0
2026-07-05,2026-07-06,Kaberamaido,meteofrance_seamless,0.6
2026-07-05,2026-07-07,Kaberamaido,meteofrance_seamless,0.9
2026-07-05,2026-07-08,Kaberamaido,meteofrance_seamless,0.6
2026-07-05,2026-07-06,Kaberamaido,jma_seamless,1.3
2026-07-05,2026-07-07,Kaberamaido,jma_seamless,0.1
2026-07-05,2026-07-08,Kaberamaido,jma_seamless,2.6
2026-07-05,2026-07-09,Kaberamaido,jma_seamless,0.0
2026-07-05,2026-07-10,Kaberamaido,jma_seamless,0.0
2026-07-05,2026-07-11,Kaberamaido,jma_seamless,3.6
2026-07-05,2026-07-06,Kaberamaido,gem_seamless,9.4
2026-07-05,2026-07-07,Kaberamaido,gem_seamless,2.3
2026-07-05,2026-07-08,Kaberamaido,gem_seamless,0.0
2026-07-05,2026-07-09,Kaberamaido,gem_seamless,0.1
2026-07-05,2026-07-10,Kaberamaido,gem_seamless,2.3
2026-07-05,2026-07-11,Kaberamaido,gem_seamless,5.1
2026-07-05,2026-07-06,Kaberamaido,knmi_seamless,0.5
2026-07-05,2026-07-07,Kaberamaido,knmi_seamless,0.0
2026-07-05,2026-07-08,Kaberamaido,knmi_seamless,2.1
2026-07-05,2026-07-09,Kaberamaido,knmi_seamless,1.9
2026-07-05,2026-07-10,Kaberamaido,knmi_seamless,4.2
2026-07-05,2026-07-11,Kaberamaido,knmi_seamless,13.5
2026-07-05,2026-07-06,Kagadi,ecmwf_ifs025,1.9
2026-07-05,2026-07-07,Kagadi,ecmwf_ifs025,3.4
2026-07-05,2026-07-08,Kagadi,ecmwf_ifs025,0.8
2026-07-05,2026-07-09,Kagadi,ecmwf_ifs025,1.3
2026-07-05,2026-07-10,Kagadi,ecmwf_ifs025,2.2
2026-07-05,2026-07-11,Kagadi,ecmwf_ifs025,2.1
2026-07-05,2026-07-06,Kagadi,ecmwf_aifs025_single,0.9
2026-07-05,2026-07-07,Kagadi,ecmwf_aifs025_single,0.3
2026-07-05,2026-07-08,Kagadi,ecmwf_aifs025_single,0.2
2026-07-05,2026-07-09,Kagadi,ecmwf_aifs025_single,0.3
2026-07-05,2026-07-10,Kagadi,ecmwf_aifs025_single,1.7
2026-07-05,2026-07-11,Kagadi,ecmwf_aifs025_single,4.6
2026-07-05,2026-07-06,Kagadi,gfs_seamless,0.0
2026-07-05,2026-07-07,Kagadi,gfs_seamless,0.0
2026-07-05,2026-07-08,Kagadi,gfs_seamless,0.0
2026-07-05,2026-07-09,Kagadi,gfs_seamless,0.0
2026-07-05,2026-07-10,Kagadi,gfs_seamless,0.3
2026-07-05,2026-07-11,Kagadi,gfs_seamless,1.2
2026-07-05,2026-07-06,Kagadi,icon_seamless,0.0
2026-07-05,2026-07-07,Kagadi,icon_seamless,0.0
2026-07-05,2026-07-08,Kagadi,icon_seamless,0.0
2026-07-05,2026-07-09,Kagadi,icon_seamless,1.7
2026-07-05,2026-07-10,Kagadi,icon_seamless,7.5
2026-07-05,2026-07-11,Kagadi,icon_seamless,4.9
2026-07-05,2026-07-06,Kagadi,ukmo_seamless,1.1
2026-07-05,2026-07-07,Kagadi,ukmo_seamless,0.5
2026-07-05,2026-07-08,Kagadi,ukmo_seamless,0.0
2026-07-05,2026-07-09,Kagadi,ukmo_seamless,0.3
2026-07-05,2026-07-10,Kagadi,ukmo_seamless,0.9
2026-07-05,2026-07-11,Kagadi,ukmo_seamless,5.4
2026-07-05,2026-07-06,Kagadi,meteofrance_seamless,0.0
2026-07-05,2026-07-07,Kagadi,meteofrance_seamless,0.0
2026-07-05,2026-07-08,Kagadi,meteofrance_seamless,0.2
2026-07-05,2026-07-06,Kagadi,jma_seamless,0.0
2026-07-05,2026-07-07,Kagadi,jma_seamless,0.0
2026-07-05,2026-07-08,Kagadi,jma_seamless,0.0
2026-07-05,2026-07-09,Kagadi,jma_seamless,0.0
2026-07-05,2026-07-10,Kagadi,jma_seamless,0.0
2026-07-05,2026-07-11,Kagadi,jma_seamless,0.8
2026-07-05,2026-07-06,Kagadi,gem_seamless,1.3
2026-07-05,2026-07-07,Kagadi,gem_seamless,1.4
2026-07-05,2026-07-08,Kagadi,gem_seamless,0.5
2026-07-05,2026-07-09,Kagadi,gem_seamless,1.0
2026-07-05,2026-07-10,Kagadi,gem_seamless,5.3
2026-07-05,2026-07-11,Kagadi,gem_seamless,8.1
2026-07-05,2026-07-06,Kagadi,knmi_seamless,1.6
2026-07-05,2026-07-07,Kagadi,knmi_seamless,1.6
2026-07-05,2026-07-08,Kagadi,knmi_seamless,0.9
2026-07-05,2026-07-09,Kagadi,knmi_seamless,0.9
2026-07-05,2026-07-10,Kagadi,knmi_seamless,1.5
2026-07-05,2026-07-11,Kagadi,knmi_seamless,0.6
2026-07-05,2026-07-06,Dokolo,ecmwf_ifs025,0.6
2026-07-05,2026-07-07,Dokolo,ecmwf_ifs025,0.2
2026-07-05,2026-07-08,Dokolo,ecmwf_ifs025,0.8
2026-07-05,2026-07-09,Dokolo,ecmwf_ifs025,0.3
2026-07-05,2026-07-10,Dokolo,ecmwf_ifs025,3.5
2026-07-05,2026-07-11,Dokolo,ecmwf_ifs025,3.6
2026-07-05,2026-07-06,Dokolo,ecmwf_aifs025_single,1.3
2026-07-05,2026-07-07,Dokolo,ecmwf_aifs025_single,0.5
2026-07-05,2026-07-08,Dokolo,ecmwf_aifs025_single,0.8
2026-07-05,2026-07-09,Dokolo,ecmwf_aifs025_single,0.5
2026-07-05,2026-07-10,Dokolo,ecmwf_aifs025_single,2.5
2026-07-05,2026-07-11,Dokolo,ecmwf_aifs025_single,3.9
2026-07-05,2026-07-06,Dokolo,gfs_seamless,1.2
2026-07-05,2026-07-07,Dokolo,gfs_seamless,0.1
2026-07-05,2026-07-08,Dokolo,gfs_seamless,0.0
2026-07-05,2026-07-09,Dokolo,gfs_seamless,0.0
2026-07-05,2026-07-10,Dokolo,gfs_seamless,0.4
2026-07-05,2026-07-11,Dokolo,gfs_seamless,4.1
2026-07-05,2026-07-06,Dokolo,icon_seamless,0.6
2026-07-05,2026-07-07,Dokolo,icon_seamless,2.3
2026-07-05,2026-07-08,Dokolo,icon_seamless,2.9
2026-07-05,2026-07-09,Dokolo,icon_seamless,0.0
2026-07-05,2026-07-10,Dokolo,icon_seamless,6.9
2026-07-05,2026-07-11,Dokolo,icon_seamless,14.1
2026-07-05,2026-07-06,Dokolo,ukmo_seamless,0.1
2026-07-05,2026-07-07,Dokolo,ukmo_seamless,0.2
2026-07-05,2026-07-08,Dokolo,ukmo_seamless,0.0
2026-07-05,2026-07-09,Dokolo,ukmo_seamless,0.0
2026-07-05,2026-07-10,Dokolo,ukmo_seamless,0.0
2026-07-05,2026-07-11,Dokolo,ukmo_seamless,1.8
2026-07-05,2026-07-06,Dokolo,meteofrance_seamless,0.8
2026-07-05,2026-07-07,Dokolo,meteofrance_seamless,0.2
2026-07-05,2026-07-08,Dokolo,meteofrance_seamless,0.3
2026-07-05,2026-07-06,Dokolo,jma_seamless,3.1
2026-07-05,2026-07-07,Dokolo,jma_seamless,0.6
2026-07-05,2026-07-08,Dokolo,jma_seamless,0.2
2026-07-05,2026-07-09,Dokolo,jma_seamless,0.3
2026-07-05,2026-07-10,Dokolo,jma_seamless,0.5
2026-07-05,2026-07-11,Dokolo,jma_seamless,5.1
2026-07-05,2026-07-06,Dokolo,gem_seamless,5.8
2026-07-05,2026-07-07,Dokolo,gem_seamless,0.8
2026-07-05,2026-07-08,Dokolo,gem_seamless,0.5
2026-07-05,2026-07-09,Dokolo,gem_seamless,0.0
2026-07-05,2026-07-10,Dokolo,gem_seamless,6.7
2026-07-05,2026-07-11,Dokolo,gem_seamless,5.2
2026-07-05,2026-07-06,Dokolo,knmi_seamless,1.1
2026-07-05,2026-07-07,Dokolo,knmi_seamless,0.3
2026-07-05,2026-07-08,Dokolo,knmi_seamless,0.4
2026-07-05,2026-07-09,Dokolo,knmi_seamless,0.0
2026-07-05,2026-07-10,Dokolo,knmi_seamless,1.2
2026-07-05,2026-07-11,Dokolo,knmi_seamless,5.7
2026-07-05,2026-07-06,Kwania,ecmwf_ifs025,1.0
2026-07-05,2026-07-07,Kwania,ecmwf_ifs025,0.4
2026-07-05,2026-07-08,Kwania,ecmwf_ifs025,0.6
2026-07-05,2026-07-09,Kwania,ecmwf_ifs025,0.1
2026-07-05,2026-07-10,Kwania,ecmwf_ifs025,2.0
2026-07-05,2026-07-11,Kwania,ecmwf_ifs025,7.2
2026-07-05,2026-07-06,Kwania,ecmwf_aifs025_single,1.3
2026-07-05,2026-07-07,Kwania,ecmwf_aifs025_single,0.6
2026-07-05,2026-07-08,Kwania,ecmwf_aifs025_single,0.5
2026-07-05,2026-07-09,Kwania,ecmwf_aifs025_single,0.3
2026-07-05,2026-07-10,Kwania,ecmwf_aifs025_single,2.4
2026-07-05,2026-07-11,Kwania,ecmwf_aifs025_single,4.1
2026-07-05,2026-07-06,Kwania,gfs_seamless,0.8
2026-07-05,2026-07-07,Kwania,gfs_seamless,0.3
2026-07-05,2026-07-08,Kwania,gfs_seamless,1.6
2026-07-05,2026-07-09,Kwania,gfs_seamless,0.5
2026-07-05,2026-07-10,Kwania,gfs_seamless,0.3
2026-07-05,2026-07-11,Kwania,gfs_seamless,2.6
2026-07-05,2026-07-06,Kwania,icon_seamless,0.6
2026-07-05,2026-07-07,Kwania,icon_seamless,0.9
2026-07-05,2026-07-08,Kwania,icon_seamless,3.5
2026-07-05,2026-07-09,Kwania,icon_seamless,0.0
2026-07-05,2026-07-10,Kwania,icon_seamless,8.0
2026-07-05,2026-07-11,Kwania,icon_seamless,14.5
2026-07-05,2026-07-06,Kwania,ukmo_seamless,0.0
2026-07-05,2026-07-07,Kwania,ukmo_seamless,0.0
2026-07-05,2026-07-08,Kwania,ukmo_seamless,0.0
2026-07-05,2026-07-09,Kwania,ukmo_seamless,0.0
2026-07-05,2026-07-10,Kwania,ukmo_seamless,0.0
2026-07-05,2026-07-11,Kwania,ukmo_seamless,1.4
2026-07-05,2026-07-06,Kwania,meteofrance_seamless,0.1
2026-07-05,2026-07-07,Kwania,meteofrance_seamless,0.1
2026-07-05,2026-07-08,Kwania,meteofrance_seamless,0.0
2026-07-05,2026-07-06,Kwania,jma_seamless,3.1
2026-07-05,2026-07-07,Kwania,jma_seamless,0.6
2026-07-05,2026-07-08,Kwania,jma_seamless,0.2
2026-07-05,2026-07-09,Kwania,jma_seamless,0.3
2026-07-05,2026-07-10,Kwania,jma_seamless,0.5
2026-07-05,2026-07-11,Kwania,jma_seamless,5.1
2026-07-05,2026-07-06,Kwania,gem_seamless,5.0
2026-07-05,2026-07-07,Kwania,gem_seamless,0.4
2026-07-05,2026-07-08,Kwania,gem_seamless,0.3
2026-07-05,2026-07-09,Kwania,gem_seamless,1.5
2026-07-05,2026-07-10,Kwania,gem_seamless,9.9
2026-07-05,2026-07-11,Kwania,gem_seamless,7.0
2026-07-05,2026-07-06,Kwania,knmi_seamless,0.9
2026-07-05,2026-07-07,Kwania,knmi_seamless,0.3
2026-07-05,2026-07-08,Kwania,knmi_seamless,0.5
2026-07-05,2026-07-09,Kwania,knmi_seamless,0.0
2026-07-05,2026-07-10,Kwania,knmi_seamless,1.5
2026-07-05,2026-07-11,Kwania,knmi_seamless,6.3
2026-07-05,2026-07-06,Kyenjojo,ecmwf_ifs025,1.6
2026-07-05,2026-07-07,Kyenjojo,ecmwf_ifs025,1.1
2026-07-05,2026-07-08,Kyenjojo,ecmwf_ifs025,0.0
2026-07-05,2026-07-09,Kyenjojo,ecmwf_ifs025,0.8
2026-07-05,2026-07-10,Kyenjojo,ecmwf_ifs025,2.6
2026-07-05,2026-07-11,Kyenjojo,ecmwf_ifs025,5.1
2026-07-05,2026-07-06,Kyenjojo,ecmwf_aifs025_single,0.4
2026-07-05,2026-07-07,Kyenjojo,ecmwf_aifs025_single,0.0
2026-07-05,2026-07-08,Kyenjojo,ecmwf_aifs025_single,0.0
2026-07-05,2026-07-09,Kyenjojo,ecmwf_aifs025_single,0.1
2026-07-05,2026-07-10,Kyenjojo,ecmwf_aifs025_single,1.1
2026-07-05,2026-07-11,Kyenjojo,ecmwf_aifs025_single,4.3
2026-07-05,2026-07-06,Kyenjojo,gfs_seamless,0.0
2026-07-05,2026-07-07,Kyenjojo,gfs_seamless,0.0
2026-07-05,2026-07-08,Kyenjojo,gfs_seamless,0.0
2026-07-05,2026-07-09,Kyenjojo,gfs_seamless,0.5
2026-07-05,2026-07-10,Kyenjojo,gfs_seamless,0.3
2026-07-05,2026-07-11,Kyenjojo,gfs_seamless,1.5
2026-07-05,2026-07-06,Kyenjojo,icon_seamless,0.0
2026-07-05,2026-07-07,Kyenjojo,icon_seamless,0.0
2026-07-05,2026-07-08,Kyenjojo,icon_seamless,0.0
2026-07-05,2026-07-09,Kyenjojo,icon_seamless,1.4
2026-07-05,2026-07-10,Kyenjojo,icon_seamless,7.3
2026-07-05,2026-07-11,Kyenjojo,icon_seamless,7.5
2026-07-05,2026-07-06,Kyenjojo,ukmo_seamless,0.2
2026-07-05,2026-07-07,Kyenjojo,ukmo_seamless,0.5
2026-07-05,2026-07-08,Kyenjojo,ukmo_seamless,0.0
2026-07-05,2026-07-09,Kyenjojo,ukmo_seamless,0.3
2026-07-05,2026-07-10,Kyenjojo,ukmo_seamless,0.3
2026-07-05,2026-07-11,Kyenjojo,ukmo_seamless,5.4
2026-07-05,2026-07-06,Kyenjojo,meteofrance_seamless,0.0
2026-07-05,2026-07-07,Kyenjojo,meteofrance_seamless,0.0
2026-07-05,2026-07-08,Kyenjojo,meteofrance_seamless,0.0
2026-07-05,2026-07-06,Kyenjojo,jma_seamless,0.0
2026-07-05,2026-07-07,Kyenjojo,jma_seamless,0.0
2026-07-05,2026-07-08,Kyenjojo,jma_seamless,0.0
2026-07-05,2026-07-09,Kyenjojo,jma_seamless,0.0
2026-07-05,2026-07-10,Kyenjojo,jma_seamless,0.0
2026-07-05,2026-07-11,Kyenjojo,jma_seamless,0.3
2026-07-05,2026-07-06,Kyenjojo,gem_seamless,0.1
2026-07-05,2026-07-07,Kyenjojo,gem_seamless,0.5
2026-07-05,2026-07-08,Kyenjojo,gem_seamless,4.4
2026-07-05,2026-07-09,Kyenjojo,gem_seamless,1.2
2026-07-05,2026-07-10,Kyenjojo,gem_seamless,1.2
2026-07-05,2026-07-11,Kyenjojo,gem_seamless,18.5
2026-07-05,2026-07-06,Kyenjojo,knmi_seamless,1.4
2026-07-05,2026-07-07,Kyenjojo,knmi_seamless,0.6
2026-07-05,2026-07-08,Kyenjojo,knmi_seamless,0.0
2026-07-05,2026-07-09,Kyenjojo,knmi_seamless,1.2
2026-07-05,2026-07-10,Kyenjojo,knmi_seamless,1.8
2026-07-05,2026-07-11,Kyenjojo,knmi_seamless,1.8
2026-07-06,2026-07-07,Agago,ecmwf_ifs025,0.0
2026-07-06,2026-07-08,Agago,ecmwf_ifs025,0.5
2026-07-06,2026-07-09,Agago,ecmwf_ifs025,2.4
2026-07-06,2026-07-10,Agago,ecmwf_ifs025,0.9
2026-07-06,2026-07-11,Agago,ecmwf_ifs025,6.3
2026-07-06,2026-07-12,Agago,ecmwf_ifs025,2.7
2026-07-06,2026-07-07,Agago,ecmwf_aifs025_single,0.1
2026-07-06,2026-07-08,Agago,ecmwf_aifs025_single,0.0
2026-07-06,2026-07-09,Agago,ecmwf_aifs025_single,0.5
2026-07-06,2026-07-10,Agago,ecmwf_aifs025_single,1.2
2026-07-06,2026-07-11,Agago,ecmwf_aifs025_single,2.8
2026-07-06,2026-07-12,Agago,ecmwf_aifs025_single,2.0
2026-07-06,2026-07-07,Agago,gfs_seamless,0.0
2026-07-06,2026-07-08,Agago,gfs_seamless,0.0
2026-07-06,2026-07-09,Agago,gfs_seamless,1.0
2026-07-06,2026-07-10,Agago,gfs_seamless,5.5
2026-07-06,2026-07-11,Agago,gfs_seamless,3.2
2026-07-06,2026-07-12,Agago,gfs_seamless,0.4
2026-07-06,2026-07-07,Agago,icon_seamless,0.0
2026-07-06,2026-07-08,Agago,icon_seamless,0.0
2026-07-06,2026-07-09,Agago,icon_seamless,0.0
2026-07-06,2026-07-10,Agago,icon_seamless,7.6
2026-07-06,2026-07-11,Agago,icon_seamless,12.1
2026-07-06,2026-07-12,Agago,icon_seamless,17.6
2026-07-06,2026-07-07,Agago,ukmo_seamless,0.0
2026-07-06,2026-07-08,Agago,ukmo_seamless,0.0
2026-07-06,2026-07-09,Agago,ukmo_seamless,0.0
2026-07-06,2026-07-10,Agago,ukmo_seamless,0.0
2026-07-06,2026-07-11,Agago,ukmo_seamless,1.4
2026-07-06,2026-07-12,Agago,ukmo_seamless,1.0
2026-07-06,2026-07-07,Agago,meteofrance_seamless,0.1
2026-07-06,2026-07-08,Agago,meteofrance_seamless,0.0
2026-07-06,2026-07-09,Agago,meteofrance_seamless,0.0
2026-07-06,2026-07-07,Agago,jma_seamless,0.0
2026-07-06,2026-07-08,Agago,jma_seamless,0.0
2026-07-06,2026-07-09,Agago,jma_seamless,0.0
2026-07-06,2026-07-10,Agago,jma_seamless,2.3
2026-07-06,2026-07-11,Agago,jma_seamless,4.4
2026-07-06,2026-07-12,Agago,jma_seamless,4.8
2026-07-06,2026-07-07,Agago,gem_seamless,0.0
2026-07-06,2026-07-08,Agago,gem_seamless,0.0
2026-07-06,2026-07-09,Agago,gem_seamless,1.1
2026-07-06,2026-07-10,Agago,gem_seamless,7.7
2026-07-06,2026-07-11,Agago,gem_seamless,9.5
2026-07-06,2026-07-12,Agago,gem_seamless,0.8
2026-07-06,2026-07-07,Agago,knmi_seamless,0.0
2026-07-06,2026-07-08,Agago,knmi_seamless,0.3
2026-07-06,2026-07-09,Agago,knmi_seamless,5.8
2026-07-06,2026-07-10,Agago,knmi_seamless,1.3
2026-07-06,2026-07-11,Agago,knmi_seamless,4.8
2026-07-06,2026-07-12,Agago,knmi_seamless,2.7
2026-07-06,2026-07-07,Otuke,ecmwf_ifs025,0.0
2026-07-06,2026-07-08,Otuke,ecmwf_ifs025,0.8
2026-07-06,2026-07-09,Otuke,ecmwf_ifs025,1.4
2026-07-06,2026-07-10,Otuke,ecmwf_ifs025,9.4
2026-07-06,2026-07-11,Otuke,ecmwf_ifs025,3.4
2026-07-06,2026-07-12,Otuke,ecmwf_ifs025,1.6
2026-07-06,2026-07-07,Otuke,ecmwf_aifs025_single,0.1
2026-07-06,2026-07-08,Otuke,ecmwf_aifs025_single,0.1
2026-07-06,2026-07-09,Otuke,ecmwf_aifs025_single,0.5
2026-07-06,2026-07-10,Otuke,ecmwf_aifs025_single,1.3
2026-07-06,2026-07-11,Otuke,ecmwf_aifs025_single,3.0
2026-07-06,2026-07-12,Otuke,ecmwf_aifs025_single,2.2
2026-07-06,2026-07-07,Otuke,gfs_seamless,0.0
2026-07-06,2026-07-08,Otuke,gfs_seamless,0.2
2026-07-06,2026-07-09,Otuke,gfs_seamless,1.1
2026-07-06,2026-07-10,Otuke,gfs_seamless,1.8
2026-07-06,2026-07-11,Otuke,gfs_seamless,4.7
2026-07-06,2026-07-12,Otuke,gfs_seamless,2.6
2026-07-06,2026-07-07,Otuke,icon_seamless,0.0
2026-07-06,2026-07-08,Otuke,icon_seamless,0.0
2026-07-06,2026-07-09,Otuke,icon_seamless,0.0
2026-07-06,2026-07-10,Otuke,icon_seamless,16.5
2026-07-06,2026-07-11,Otuke,icon_seamless,17.8
2026-07-06,2026-07-12,Otuke,icon_seamless,14.9
2026-07-06,2026-07-07,Otuke,ukmo_seamless,0.0
2026-07-06,2026-07-08,Otuke,ukmo_seamless,0.0
2026-07-06,2026-07-09,Otuke,ukmo_seamless,0.0
2026-07-06,2026-07-10,Otuke,ukmo_seamless,0.0
2026-07-06,2026-07-11,Otuke,ukmo_seamless,3.5
2026-07-06,2026-07-12,Otuke,ukmo_seamless,1.3
2026-07-06,2026-07-07,Otuke,meteofrance_seamless,0.3
2026-07-06,2026-07-08,Otuke,meteofrance_seamless,0.0
2026-07-06,2026-07-09,Otuke,meteofrance_seamless,0.5
2026-07-06,2026-07-07,Otuke,jma_seamless,0.0
2026-07-06,2026-07-08,Otuke,jma_seamless,0.0
2026-07-06,2026-07-09,Otuke,jma_seamless,0.0
2026-07-06,2026-07-10,Otuke,jma_seamless,0.3
2026-07-06,2026-07-11,Otuke,jma_seamless,1.5
2026-07-06,2026-07-12,Otuke,jma_seamless,14.6
2026-07-06,2026-07-07,Otuke,gem_seamless,0.0
2026-07-06,2026-07-08,Otuke,gem_seamless,0.9
2026-07-06,2026-07-09,Otuke,gem_seamless,4.4
2026-07-06,2026-07-10,Otuke,gem_seamless,9.7
2026-07-06,2026-07-11,Otuke,gem_seamless,7.6
2026-07-06,2026-07-12,Otuke,gem_seamless,1.1
2026-07-06,2026-07-07,Otuke,knmi_seamless,0.0
2026-07-06,2026-07-08,Otuke,knmi_seamless,0.8
2026-07-06,2026-07-09,Otuke,knmi_seamless,2.8
2026-07-06,2026-07-10,Otuke,knmi_seamless,5.2
2026-07-06,2026-07-11,Otuke,knmi_seamless,3.9
2026-07-06,2026-07-12,Otuke,knmi_seamless,1.2
2026-07-06,2026-07-07,Kitgum,ecmwf_ifs025,0.0
2026-07-06,2026-07-08,Kitgum,ecmwf_ifs025,2.5
2026-07-06,2026-07-09,Kitgum,ecmwf_ifs025,2.3
2026-07-06,2026-07-10,Kitgum,ecmwf_ifs025,4.7
2026-07-06,2026-07-11,Kitgum,ecmwf_ifs025,3.9
2026-07-06,2026-07-12,Kitgum,ecmwf_ifs025,15.3
2026-07-06,2026-07-07,Kitgum,ecmwf_aifs025_single,0.0
2026-07-06,2026-07-08,Kitgum,ecmwf_aifs025_single,0.1
2026-07-06,2026-07-09,Kitgum,ecmwf_aifs025_single,0.1
2026-07-06,2026-07-10,Kitgum,ecmwf_aifs025_single,1.4
2026-07-06,2026-07-11,Kitgum,ecmwf_aifs025_single,3.6
2026-07-06,2026-07-12,Kitgum,ecmwf_aifs025_single,2.2
2026-07-06,2026-07-07,Kitgum,gfs_seamless,0.0
2026-07-06,2026-07-08,Kitgum,gfs_seamless,0.0
2026-07-06,2026-07-09,Kitgum,gfs_seamless,1.5
2026-07-06,2026-07-10,Kitgum,gfs_seamless,5.3
2026-07-06,2026-07-11,Kitgum,gfs_seamless,2.9
2026-07-06,2026-07-12,Kitgum,gfs_seamless,1.5
2026-07-06,2026-07-07,Kitgum,icon_seamless,0.0
2026-07-06,2026-07-08,Kitgum,icon_seamless,0.0
2026-07-06,2026-07-09,Kitgum,icon_seamless,0.0
2026-07-06,2026-07-10,Kitgum,icon_seamless,9.6
2026-07-06,2026-07-11,Kitgum,icon_seamless,12.2
2026-07-06,2026-07-12,Kitgum,icon_seamless,11.8
2026-07-06,2026-07-07,Kitgum,ukmo_seamless,0.0
2026-07-06,2026-07-08,Kitgum,ukmo_seamless,0.0
2026-07-06,2026-07-09,Kitgum,ukmo_seamless,0.0
2026-07-06,2026-07-10,Kitgum,ukmo_seamless,0.9
2026-07-06,2026-07-11,Kitgum,ukmo_seamless,3.0
2026-07-06,2026-07-12,Kitgum,ukmo_seamless,0.0
2026-07-06,2026-07-07,Kitgum,meteofrance_seamless,0.0
2026-07-06,2026-07-08,Kitgum,meteofrance_seamless,0.0
2026-07-06,2026-07-09,Kitgum,meteofrance_seamless,0.3
2026-07-06,2026-07-07,Kitgum,jma_seamless,0.0
2026-07-06,2026-07-08,Kitgum,jma_seamless,0.0
2026-07-06,2026-07-09,Kitgum,jma_seamless,0.0
2026-07-06,2026-07-10,Kitgum,jma_seamless,0.3
2026-07-06,2026-07-11,Kitgum,jma_seamless,4.2
2026-07-06,2026-07-12,Kitgum,jma_seamless,5.4
2026-07-06,2026-07-07,Kitgum,gem_seamless,0.0
2026-07-06,2026-07-08,Kitgum,gem_seamless,0.0
2026-07-06,2026-07-09,Kitgum,gem_seamless,6.3
2026-07-06,2026-07-10,Kitgum,gem_seamless,3.9
2026-07-06,2026-07-11,Kitgum,gem_seamless,5.6
2026-07-06,2026-07-12,Kitgum,gem_seamless,3.2
2026-07-06,2026-07-07,Kitgum,knmi_seamless,0.0
2026-07-06,2026-07-08,Kitgum,knmi_seamless,1.9
2026-07-06,2026-07-09,Kitgum,knmi_seamless,2.6
2026-07-06,2026-07-10,Kitgum,knmi_seamless,3.6
2026-07-06,2026-07-11,Kitgum,knmi_seamless,6.3
2026-07-06,2026-07-12,Kitgum,knmi_seamless,10.2
2026-07-06,2026-07-07,Pader,ecmwf_ifs025,0.0
2026-07-06,2026-07-08,Pader,ecmwf_ifs025,1.5
2026-07-06,2026-07-09,Pader,ecmwf_ifs025,1.5
2026-07-06,2026-07-10,Pader,ecmwf_ifs025,3.1
2026-07-06,2026-07-11,Pader,ecmwf_ifs025,8.4
2026-07-06,2026-07-12,Pader,ecmwf_ifs025,4.0
2026-07-06,2026-07-07,Pader,ecmwf_aifs025_single,0.1
2026-07-06,2026-07-08,Pader,ecmwf_aifs025_single,0.1
2026-07-06,2026-07-09,Pader,ecmwf_aifs025_single,0.2
2026-07-06,2026-07-10,Pader,ecmwf_aifs025_single,1.6
2026-07-06,2026-07-11,Pader,ecmwf_aifs025_single,3.7
2026-07-06,2026-07-12,Pader,ecmwf_aifs025_single,2.3
2026-07-06,2026-07-07,Pader,gfs_seamless,0.0
2026-07-06,2026-07-08,Pader,gfs_seamless,0.6
2026-07-06,2026-07-09,Pader,gfs_seamless,3.4
2026-07-06,2026-07-10,Pader,gfs_seamless,8.3
2026-07-06,2026-07-11,Pader,gfs_seamless,3.7
2026-07-06,2026-07-12,Pader,gfs_seamless,1.8
2026-07-06,2026-07-07,Pader,icon_seamless,0.0
2026-07-06,2026-07-08,Pader,icon_seamless,0.0
2026-07-06,2026-07-09,Pader,icon_seamless,0.3
2026-07-06,2026-07-10,Pader,icon_seamless,10.8
2026-07-06,2026-07-11,Pader,icon_seamless,18.3
2026-07-06,2026-07-12,Pader,icon_seamless,14.2
2026-07-06,2026-07-07,Pader,ukmo_seamless,0.0
2026-07-06,2026-07-08,Pader,ukmo_seamless,0.0
2026-07-06,2026-07-09,Pader,ukmo_seamless,0.0
2026-07-06,2026-07-10,Pader,ukmo_seamless,0.0
2026-07-06,2026-07-11,Pader,ukmo_seamless,0.9
2026-07-06,2026-07-12,Pader,ukmo_seamless,0.0
2026-07-06,2026-07-07,Pader,meteofrance_seamless,2.5
2026-07-06,2026-07-08,Pader,meteofrance_seamless,0.0
2026-07-06,2026-07-09,Pader,meteofrance_seamless,0.0
2026-07-06,2026-07-07,Pader,jma_seamless,0.0
2026-07-06,2026-07-08,Pader,jma_seamless,0.0
2026-07-06,2026-07-09,Pader,jma_seamless,0.0
2026-07-06,2026-07-10,Pader,jma_seamless,0.6
2026-07-06,2026-07-11,Pader,jma_seamless,5.3
2026-07-06,2026-07-12,Pader,jma_seamless,10.6
2026-07-06,2026-07-07,Pader,gem_seamless,0.9
2026-07-06,2026-07-08,Pader,gem_seamless,0.2
2026-07-06,2026-07-09,Pader,gem_seamless,0.3
2026-07-06,2026-07-10,Pader,gem_seamless,10.9
2026-07-06,2026-07-11,Pader,gem_seamless,12.3
2026-07-06,2026-07-12,Pader,gem_seamless,4.1
2026-07-06,2026-07-07,Pader,knmi_seamless,0.2
2026-07-06,2026-07-08,Pader,knmi_seamless,0.7
2026-07-06,2026-07-09,Pader,knmi_seamless,1.2
2026-07-06,2026-07-10,Pader,knmi_seamless,3.4
2026-07-06,2026-07-11,Pader,knmi_seamless,8.1
2026-07-06,2026-07-12,Pader,knmi_seamless,6.3
2026-07-06,2026-07-07,Alebtong,ecmwf_ifs025,0.4
2026-07-06,2026-07-08,Alebtong,ecmwf_ifs025,0.1
2026-07-06,2026-07-09,Alebtong,ecmwf_ifs025,0.4
2026-07-06,2026-07-10,Alebtong,ecmwf_ifs025,5.0
2026-07-06,2026-07-11,Alebtong,ecmwf_ifs025,3.9
2026-07-06,2026-07-12,Alebtong,ecmwf_ifs025,3.6
2026-07-06,2026-07-07,Alebtong,ecmwf_aifs025_single,0.2
2026-07-06,2026-07-08,Alebtong,ecmwf_aifs025_single,0.4
2026-07-06,2026-07-09,Alebtong,ecmwf_aifs025_single,0.5
2026-07-06,2026-07-10,Alebtong,ecmwf_aifs025_single,1.6
2026-07-06,2026-07-11,Alebtong,ecmwf_aifs025_single,3.5
2026-07-06,2026-07-12,Alebtong,ecmwf_aifs025_single,2.8
2026-07-06,2026-07-07,Alebtong,gfs_seamless,1.4
2026-07-06,2026-07-08,Alebtong,gfs_seamless,0.0
2026-07-06,2026-07-09,Alebtong,gfs_seamless,1.6
2026-07-06,2026-07-10,Alebtong,gfs_seamless,10.9
2026-07-06,2026-07-11,Alebtong,gfs_seamless,1.2
2026-07-06,2026-07-12,Alebtong,gfs_seamless,1.1
2026-07-06,2026-07-07,Alebtong,icon_seamless,0.0
2026-07-06,2026-07-08,Alebtong,icon_seamless,0.0
2026-07-06,2026-07-09,Alebtong,icon_seamless,0.0
2026-07-06,2026-07-10,Alebtong,icon_seamless,4.2
2026-07-06,2026-07-11,Alebtong,icon_seamless,12.8
2026-07-06,2026-07-12,Alebtong,icon_seamless,10.1
2026-07-06,2026-07-07,Alebtong,ukmo_seamless,0.3
2026-07-06,2026-07-08,Alebtong,ukmo_seamless,0.1
2026-07-06,2026-07-09,Alebtong,ukmo_seamless,0.0
2026-07-06,2026-07-10,Alebtong,ukmo_seamless,0.0
2026-07-06,2026-07-11,Alebtong,ukmo_seamless,3.0
2026-07-06,2026-07-12,Alebtong,ukmo_seamless,0.7
2026-07-06,2026-07-07,Alebtong,meteofrance_seamless,0.0
2026-07-06,2026-07-08,Alebtong,meteofrance_seamless,0.0
2026-07-06,2026-07-09,Alebtong,meteofrance_seamless,0.0
2026-07-06,2026-07-07,Alebtong,jma_seamless,0.1
2026-07-06,2026-07-08,Alebtong,jma_seamless,0.0
2026-07-06,2026-07-09,Alebtong,jma_seamless,0.0
2026-07-06,2026-07-10,Alebtong,jma_seamless,1.1
2026-07-06,2026-07-11,Alebtong,jma_seamless,6.4
2026-07-06,2026-07-12,Alebtong,jma_seamless,7.1
2026-07-06,2026-07-07,Alebtong,gem_seamless,0.2
2026-07-06,2026-07-08,Alebtong,gem_seamless,0.3
2026-07-06,2026-07-09,Alebtong,gem_seamless,6.8
2026-07-06,2026-07-10,Alebtong,gem_seamless,4.6
2026-07-06,2026-07-11,Alebtong,gem_seamless,12.3
2026-07-06,2026-07-12,Alebtong,gem_seamless,0.9
2026-07-06,2026-07-07,Alebtong,knmi_seamless,0.3
2026-07-06,2026-07-08,Alebtong,knmi_seamless,0.6
2026-07-06,2026-07-09,Alebtong,knmi_seamless,1.4
2026-07-06,2026-07-10,Alebtong,knmi_seamless,3.8
2026-07-06,2026-07-11,Alebtong,knmi_seamless,3.9
2026-07-06,2026-07-12,Alebtong,knmi_seamless,4.8
2026-07-06,2026-07-07,Lira,ecmwf_ifs025,0.6
2026-07-06,2026-07-08,Lira,ecmwf_ifs025,2.3
2026-07-06,2026-07-09,Lira,ecmwf_ifs025,2.3
2026-07-06,2026-07-10,Lira,ecmwf_ifs025,2.8
2026-07-06,2026-07-11,Lira,ecmwf_ifs025,4.8
2026-07-06,2026-07-12,Lira,ecmwf_ifs025,4.1
2026-07-06,2026-07-07,Lira,ecmwf_aifs025_single,0.4
2026-07-06,2026-07-08,Lira,ecmwf_aifs025_single,0.4
2026-07-06,2026-07-09,Lira,ecmwf_aifs025_single,0.4
2026-07-06,2026-07-10,Lira,ecmwf_aifs025_single,2.0
2026-07-06,2026-07-11,Lira,ecmwf_aifs025_single,4.0
2026-07-06,2026-07-12,Lira,ecmwf_aifs025_single,2.9
2026-07-06,2026-07-07,Lira,gfs_seamless,0.4
2026-07-06,2026-07-08,Lira,gfs_seamless,0.2
2026-07-06,2026-07-09,Lira,gfs_seamless,0.9
2026-07-06,2026-07-10,Lira,gfs_seamless,3.0
2026-07-06,2026-07-11,Lira,gfs_seamless,3.3
2026-07-06,2026-07-12,Lira,gfs_seamless,2.0
2026-07-06,2026-07-07,Lira,icon_seamless,0.3
2026-07-06,2026-07-08,Lira,icon_seamless,0.0
2026-07-06,2026-07-09,Lira,icon_seamless,0.0
2026-07-06,2026-07-10,Lira,icon_seamless,6.0
2026-07-06,2026-07-11,Lira,icon_seamless,16.2
2026-07-06,2026-07-12,Lira,icon_seamless,2.1
2026-07-06,2026-07-07,Lira,ukmo_seamless,1.2
2026-07-06,2026-07-08,Lira,ukmo_seamless,0.0
2026-07-06,2026-07-09,Lira,ukmo_seamless,0.0
2026-07-06,2026-07-10,Lira,ukmo_seamless,0.3
2026-07-06,2026-07-11,Lira,ukmo_seamless,8.5
2026-07-06,2026-07-12,Lira,ukmo_seamless,0.8
2026-07-06,2026-07-07,Lira,meteofrance_seamless,0.1
2026-07-06,2026-07-08,Lira,meteofrance_seamless,0.0
2026-07-06,2026-07-09,Lira,meteofrance_seamless,0.0
2026-07-06,2026-07-07,Lira,jma_seamless,0.1
2026-07-06,2026-07-08,Lira,jma_seamless,0.0
2026-07-06,2026-07-09,Lira,jma_seamless,0.0
2026-07-06,2026-07-10,Lira,jma_seamless,1.1
2026-07-06,2026-07-11,Lira,jma_seamless,6.4
2026-07-06,2026-07-12,Lira,jma_seamless,7.1
2026-07-06,2026-07-07,Lira,gem_seamless,1.4
2026-07-06,2026-07-08,Lira,gem_seamless,0.2
2026-07-06,2026-07-09,Lira,gem_seamless,6.6
2026-07-06,2026-07-10,Lira,gem_seamless,7.9
2026-07-06,2026-07-11,Lira,gem_seamless,11.8
2026-07-06,2026-07-12,Lira,gem_seamless,0.7
2026-07-06,2026-07-07,Lira,knmi_seamless,0.2
2026-07-06,2026-07-08,Lira,knmi_seamless,3.0
2026-07-06,2026-07-09,Lira,knmi_seamless,1.8
2026-07-06,2026-07-10,Lira,knmi_seamless,5.5
2026-07-06,2026-07-11,Lira,knmi_seamless,8.7
2026-07-06,2026-07-12,Lira,knmi_seamless,4.8
2026-07-06,2026-07-07,Kole,ecmwf_ifs025,0.2
2026-07-06,2026-07-08,Kole,ecmwf_ifs025,0.9
2026-07-06,2026-07-09,Kole,ecmwf_ifs025,0.7
2026-07-06,2026-07-10,Kole,ecmwf_ifs025,7.9
2026-07-06,2026-07-11,Kole,ecmwf_ifs025,12.9
2026-07-06,2026-07-12,Kole,ecmwf_ifs025,8.0
2026-07-06,2026-07-07,Kole,ecmwf_aifs025_single,0.8
2026-07-06,2026-07-08,Kole,ecmwf_aifs025_single,0.5
2026-07-06,2026-07-09,Kole,ecmwf_aifs025_single,0.1
2026-07-06,2026-07-10,Kole,ecmwf_aifs025_single,2.0
2026-07-06,2026-07-11,Kole,ecmwf_aifs025_single,5.1
2026-07-06,2026-07-12,Kole,ecmwf_aifs025_single,4.3
2026-07-06,2026-07-07,Kole,gfs_seamless,1.0
2026-07-06,2026-07-08,Kole,gfs_seamless,0.1
2026-07-06,2026-07-09,Kole,gfs_seamless,2.9
2026-07-06,2026-07-10,Kole,gfs_seamless,4.3
2026-07-06,2026-07-11,Kole,gfs_seamless,7.8
2026-07-06,2026-07-12,Kole,gfs_seamless,1.9
2026-07-06,2026-07-07,Kole,icon_seamless,0.5
2026-07-06,2026-07-08,Kole,icon_seamless,0.0
2026-07-06,2026-07-09,Kole,icon_seamless,0.0
2026-07-06,2026-07-10,Kole,icon_seamless,6.3
2026-07-06,2026-07-11,Kole,icon_seamless,11.1
2026-07-06,2026-07-12,Kole,icon_seamless,1.5
2026-07-06,2026-07-07,Kole,ukmo_seamless,0.5
2026-07-06,2026-07-08,Kole,ukmo_seamless,0.5
2026-07-06,2026-07-09,Kole,ukmo_seamless,0.0
2026-07-06,2026-07-10,Kole,ukmo_seamless,0.3
2026-07-06,2026-07-11,Kole,ukmo_seamless,4.2
2026-07-06,2026-07-12,Kole,ukmo_seamless,1.8
2026-07-06,2026-07-07,Kole,meteofrance_seamless,0.0
2026-07-06,2026-07-08,Kole,meteofrance_seamless,0.0
2026-07-06,2026-07-09,Kole,meteofrance_seamless,0.0
2026-07-06,2026-07-07,Kole,jma_seamless,0.1
2026-07-06,2026-07-08,Kole,jma_seamless,0.3
2026-07-06,2026-07-09,Kole,jma_seamless,0.0
2026-07-06,2026-07-10,Kole,jma_seamless,1.1
2026-07-06,2026-07-11,Kole,jma_seamless,4.8
2026-07-06,2026-07-12,Kole,jma_seamless,9.3
2026-07-06,2026-07-07,Kole,gem_seamless,1.5
2026-07-06,2026-07-08,Kole,gem_seamless,0.4
2026-07-06,2026-07-09,Kole,gem_seamless,3.7
2026-07-06,2026-07-10,Kole,gem_seamless,10.0
2026-07-06,2026-07-11,Kole,gem_seamless,14.8
2026-07-06,2026-07-12,Kole,gem_seamless,1.2
2026-07-06,2026-07-07,Kole,knmi_seamless,0.5
2026-07-06,2026-07-08,Kole,knmi_seamless,1.8
2026-07-06,2026-07-09,Kole,knmi_seamless,0.8
2026-07-06,2026-07-10,Kole,knmi_seamless,2.4
2026-07-06,2026-07-11,Kole,knmi_seamless,12.0
2026-07-06,2026-07-12,Kole,knmi_seamless,9.0
2026-07-06,2026-07-07,Oyam,ecmwf_ifs025,0.5
2026-07-06,2026-07-08,Oyam,ecmwf_ifs025,0.3
2026-07-06,2026-07-09,Oyam,ecmwf_ifs025,0.5
2026-07-06,2026-07-10,Oyam,ecmwf_ifs025,8.3
2026-07-06,2026-07-11,Oyam,ecmwf_ifs025,10.9
2026-07-06,2026-07-12,Oyam,ecmwf_ifs025,16.3
2026-07-06,2026-07-07,Oyam,ecmwf_aifs025_single,1.0
2026-07-06,2026-07-08,Oyam,ecmwf_aifs025_single,0.6
2026-07-06,2026-07-09,Oyam,ecmwf_aifs025_single,0.2
2026-07-06,2026-07-10,Oyam,ecmwf_aifs025_single,2.2
2026-07-06,2026-07-11,Oyam,ecmwf_aifs025_single,5.7
2026-07-06,2026-07-12,Oyam,ecmwf_aifs025_single,4.2
2026-07-06,2026-07-07,Oyam,gfs_seamless,0.5
2026-07-06,2026-07-08,Oyam,gfs_seamless,0.8
2026-07-06,2026-07-09,Oyam,gfs_seamless,2.5
2026-07-06,2026-07-10,Oyam,gfs_seamless,3.6
2026-07-06,2026-07-11,Oyam,gfs_seamless,6.5
2026-07-06,2026-07-12,Oyam,gfs_seamless,2.3
2026-07-06,2026-07-07,Oyam,icon_seamless,0.0
2026-07-06,2026-07-08,Oyam,icon_seamless,0.0
2026-07-06,2026-07-09,Oyam,icon_seamless,0.0
2026-07-06,2026-07-10,Oyam,icon_seamless,11.1
2026-07-06,2026-07-11,Oyam,icon_seamless,18.0
2026-07-06,2026-07-12,Oyam,icon_seamless,2.7
2026-07-06,2026-07-07,Oyam,ukmo_seamless,0.1
2026-07-06,2026-07-08,Oyam,ukmo_seamless,0.0
2026-07-06,2026-07-09,Oyam,ukmo_seamless,0.0
2026-07-06,2026-07-10,Oyam,ukmo_seamless,0.3
2026-07-06,2026-07-11,Oyam,ukmo_seamless,4.2
2026-07-06,2026-07-12,Oyam,ukmo_seamless,0.4
2026-07-06,2026-07-07,Oyam,meteofrance_seamless,0.0
2026-07-06,2026-07-08,Oyam,meteofrance_seamless,0.0
2026-07-06,2026-07-09,Oyam,meteofrance_seamless,0.0
2026-07-06,2026-07-07,Oyam,jma_seamless,0.1
2026-07-06,2026-07-08,Oyam,jma_seamless,0.3
2026-07-06,2026-07-09,Oyam,jma_seamless,0.0
2026-07-06,2026-07-10,Oyam,jma_seamless,1.1
2026-07-06,2026-07-11,Oyam,jma_seamless,4.8
2026-07-06,2026-07-12,Oyam,jma_seamless,9.3
2026-07-06,2026-07-07,Oyam,gem_seamless,1.3
2026-07-06,2026-07-08,Oyam,gem_seamless,0.5
2026-07-06,2026-07-09,Oyam,gem_seamless,0.9
2026-07-06,2026-07-10,Oyam,gem_seamless,8.1
2026-07-06,2026-07-11,Oyam,gem_seamless,17.2
2026-07-06,2026-07-12,Oyam,gem_seamless,6.1
2026-07-06,2026-07-07,Oyam,knmi_seamless,0.1
2026-07-06,2026-07-08,Oyam,knmi_seamless,0.6
2026-07-06,2026-07-09,Oyam,knmi_seamless,0.0
2026-07-06,2026-07-10,Oyam,knmi_seamless,4.8
2026-07-06,2026-07-11,Oyam,knmi_seamless,10.2
2026-07-06,2026-07-12,Oyam,knmi_seamless,13.2
2026-07-06,2026-07-07,Apac,ecmwf_ifs025,0.7
2026-07-06,2026-07-08,Apac,ecmwf_ifs025,0.5
2026-07-06,2026-07-09,Apac,ecmwf_ifs025,0.3
2026-07-06,2026-07-10,Apac,ecmwf_ifs025,1.7
2026-07-06,2026-07-11,Apac,ecmwf_ifs025,7.1
2026-07-06,2026-07-12,Apac,ecmwf_ifs025,10.6
2026-07-06,2026-07-07,Apac,ecmwf_aifs025_single,0.9
2026-07-06,2026-07-08,Apac,ecmwf_aifs025_single,0.3
2026-07-06,2026-07-09,Apac,ecmwf_aifs025_single,0.1
2026-07-06,2026-07-10,Apac,ecmwf_aifs025_single,1.9
2026-07-06,2026-07-11,Apac,ecmwf_aifs025_single,5.8
2026-07-06,2026-07-12,Apac,ecmwf_aifs025_single,4.8
2026-07-06,2026-07-07,Apac,gfs_seamless,0.2
2026-07-06,2026-07-08,Apac,gfs_seamless,1.1
2026-07-06,2026-07-09,Apac,gfs_seamless,1.5
2026-07-06,2026-07-10,Apac,gfs_seamless,7.1
2026-07-06,2026-07-11,Apac,gfs_seamless,8.1
2026-07-06,2026-07-12,Apac,gfs_seamless,3.7
2026-07-06,2026-07-07,Apac,icon_seamless,0.2
2026-07-06,2026-07-08,Apac,icon_seamless,1.0
2026-07-06,2026-07-09,Apac,icon_seamless,0.0
2026-07-06,2026-07-10,Apac,icon_seamless,7.5
2026-07-06,2026-07-11,Apac,icon_seamless,12.0
2026-07-06,2026-07-12,Apac,icon_seamless,2.4
2026-07-06,2026-07-07,Apac,ukmo_seamless,0.3
2026-07-06,2026-07-08,Apac,ukmo_seamless,0.3
2026-07-06,2026-07-09,Apac,ukmo_seamless,0.0
2026-07-06,2026-07-10,Apac,ukmo_seamless,0.3
2026-07-06,2026-07-11,Apac,ukmo_seamless,0.0
2026-07-06,2026-07-12,Apac,ukmo_seamless,1.4
2026-07-06,2026-07-07,Apac,meteofrance_seamless,0.0
2026-07-06,2026-07-08,Apac,meteofrance_seamless,0.2
2026-07-06,2026-07-09,Apac,meteofrance_seamless,0.0
2026-07-06,2026-07-07,Apac,jma_seamless,0.2
2026-07-06,2026-07-08,Apac,jma_seamless,0.0
2026-07-06,2026-07-09,Apac,jma_seamless,0.0
2026-07-06,2026-07-10,Apac,jma_seamless,0.0
2026-07-06,2026-07-11,Apac,jma_seamless,6.0
2026-07-06,2026-07-12,Apac,jma_seamless,8.4
2026-07-06,2026-07-07,Apac,gem_seamless,0.6
2026-07-06,2026-07-08,Apac,gem_seamless,0.9
2026-07-06,2026-07-09,Apac,gem_seamless,1.3
2026-07-06,2026-07-10,Apac,gem_seamless,4.6
2026-07-06,2026-07-11,Apac,gem_seamless,14.4
2026-07-06,2026-07-12,Apac,gem_seamless,15.1
2026-07-06,2026-07-07,Apac,knmi_seamless,1.2
2026-07-06,2026-07-08,Apac,knmi_seamless,1.6
2026-07-06,2026-07-09,Apac,knmi_seamless,0.6
2026-07-06,2026-07-10,Apac,knmi_seamless,2.1
2026-07-06,2026-07-11,Apac,knmi_seamless,7.5
2026-07-06,2026-07-12,Apac,knmi_seamless,8.4
2026-07-06,2026-07-07,Gulu,ecmwf_ifs025,0.5
2026-07-06,2026-07-08,Gulu,ecmwf_ifs025,0.9
2026-07-06,2026-07-09,Gulu,ecmwf_ifs025,1.0
2026-07-06,2026-07-10,Gulu,ecmwf_ifs025,6.1
2026-07-06,2026-07-11,Gulu,ecmwf_ifs025,9.8
2026-07-06,2026-07-12,Gulu,ecmwf_ifs025,7.0
2026-07-06,2026-07-07,Gulu,ecmwf_aifs025_single,0.7
2026-07-06,2026-07-08,Gulu,ecmwf_aifs025_single,0.6
2026-07-06,2026-07-09,Gulu,ecmwf_aifs025_single,0.2
2026-07-06,2026-07-10,Gulu,ecmwf_aifs025_single,2.4
2026-07-06,2026-07-11,Gulu,ecmwf_aifs025_single,5.5
2026-07-06,2026-07-12,Gulu,ecmwf_aifs025_single,2.8
2026-07-06,2026-07-07,Gulu,gfs_seamless,0.1
2026-07-06,2026-07-08,Gulu,gfs_seamless,0.5
2026-07-06,2026-07-09,Gulu,gfs_seamless,1.0
2026-07-06,2026-07-10,Gulu,gfs_seamless,3.0
2026-07-06,2026-07-11,Gulu,gfs_seamless,1.9
2026-07-06,2026-07-12,Gulu,gfs_seamless,1.9
2026-07-06,2026-07-07,Gulu,icon_seamless,0.0
2026-07-06,2026-07-08,Gulu,icon_seamless,0.0
2026-07-06,2026-07-09,Gulu,icon_seamless,0.0
2026-07-06,2026-07-10,Gulu,icon_seamless,10.5
2026-07-06,2026-07-11,Gulu,icon_seamless,16.2
2026-07-06,2026-07-12,Gulu,icon_seamless,4.8
2026-07-06,2026-07-07,Gulu,ukmo_seamless,0.3
2026-07-06,2026-07-08,Gulu,ukmo_seamless,0.1
2026-07-06,2026-07-09,Gulu,ukmo_seamless,0.0
2026-07-06,2026-07-10,Gulu,ukmo_seamless,0.0
2026-07-06,2026-07-11,Gulu,ukmo_seamless,2.4
2026-07-06,2026-07-12,Gulu,ukmo_seamless,0.0
2026-07-06,2026-07-07,Gulu,meteofrance_seamless,1.9
2026-07-06,2026-07-08,Gulu,meteofrance_seamless,0.0
2026-07-06,2026-07-09,Gulu,meteofrance_seamless,0.0
2026-07-06,2026-07-07,Gulu,jma_seamless,0.4
2026-07-06,2026-07-08,Gulu,jma_seamless,0.0
2026-07-06,2026-07-09,Gulu,jma_seamless,0.0
2026-07-06,2026-07-10,Gulu,jma_seamless,0.8
2026-07-06,2026-07-11,Gulu,jma_seamless,6.3
2026-07-06,2026-07-12,Gulu,jma_seamless,11.6
2026-07-06,2026-07-07,Gulu,gem_seamless,1.2
2026-07-06,2026-07-08,Gulu,gem_seamless,0.8
2026-07-06,2026-07-09,Gulu,gem_seamless,0.0
2026-07-06,2026-07-10,Gulu,gem_seamless,13.4
2026-07-06,2026-07-11,Gulu,gem_seamless,18.9
2026-07-06,2026-07-12,Gulu,gem_seamless,18.1
2026-07-06,2026-07-07,Gulu,knmi_seamless,0.4
2026-07-06,2026-07-08,Gulu,knmi_seamless,1.0
2026-07-06,2026-07-09,Gulu,knmi_seamless,0.6
2026-07-06,2026-07-10,Gulu,knmi_seamless,4.9
2026-07-06,2026-07-11,Gulu,knmi_seamless,8.7
2026-07-06,2026-07-12,Gulu,knmi_seamless,6.3
2026-07-06,2026-07-07,Omoro,ecmwf_ifs025,0.5
2026-07-06,2026-07-08,Omoro,ecmwf_ifs025,1.4
2026-07-06,2026-07-09,Omoro,ecmwf_ifs025,0.7
2026-07-06,2026-07-10,Omoro,ecmwf_ifs025,3.8
2026-07-06,2026-07-11,Omoro,ecmwf_ifs025,11.0
2026-07-06,2026-07-12,Omoro,ecmwf_ifs025,12.2
2026-07-06,2026-07-07,Omoro,ecmwf_aifs025_single,0.4
2026-07-06,2026-07-08,Omoro,ecmwf_aifs025_single,0.5
2026-07-06,2026-07-09,Omoro,ecmwf_aifs025_single,0.3
2026-07-06,2026-07-10,Omoro,ecmwf_aifs025_single,2.2
2026-07-06,2026-07-11,Omoro,ecmwf_aifs025_single,4.6
2026-07-06,2026-07-12,Omoro,ecmwf_aifs025_single,2.9
2026-07-06,2026-07-07,Omoro,gfs_seamless,0.0
2026-07-06,2026-07-08,Omoro,gfs_seamless,0.1
2026-07-06,2026-07-09,Omoro,gfs_seamless,0.5
2026-07-06,2026-07-10,Omoro,gfs_seamless,2.4
2026-07-06,2026-07-11,Omoro,gfs_seamless,4.7
2026-07-06,2026-07-12,Omoro,gfs_seamless,3.2
2026-07-06,2026-07-07,Omoro,icon_seamless,0.0
2026-07-06,2026-07-08,Omoro,icon_seamless,0.0
2026-07-06,2026-07-09,Omoro,icon_seamless,0.0
2026-07-06,2026-07-10,Omoro,icon_seamless,10.5
2026-07-06,2026-07-11,Omoro,icon_seamless,18.2
2026-07-06,2026-07-12,Omoro,icon_seamless,8.5
2026-07-06,2026-07-07,Omoro,ukmo_seamless,0.3
2026-07-06,2026-07-08,Omoro,ukmo_seamless,0.0
2026-07-06,2026-07-09,Omoro,ukmo_seamless,0.3
2026-07-06,2026-07-10,Omoro,ukmo_seamless,0.0
2026-07-06,2026-07-11,Omoro,ukmo_seamless,5.7
2026-07-06,2026-07-12,Omoro,ukmo_seamless,0.2
2026-07-06,2026-07-07,Omoro,meteofrance_seamless,6.5
2026-07-06,2026-07-08,Omoro,meteofrance_seamless,0.0
2026-07-06,2026-07-09,Omoro,meteofrance_seamless,0.0
2026-07-06,2026-07-07,Omoro,jma_seamless,0.1
2026-07-06,2026-07-08,Omoro,jma_seamless,0.3
2026-07-06,2026-07-09,Omoro,jma_seamless,0.0
2026-07-06,2026-07-10,Omoro,jma_seamless,1.1
2026-07-06,2026-07-11,Omoro,jma_seamless,4.8
2026-07-06,2026-07-12,Omoro,jma_seamless,9.3
2026-07-06,2026-07-07,Omoro,gem_seamless,0.7
2026-07-06,2026-07-08,Omoro,gem_seamless,0.9
2026-07-06,2026-07-09,Omoro,gem_seamless,2.1
2026-07-06,2026-07-10,Omoro,gem_seamless,13.7
2026-07-06,2026-07-11,Omoro,gem_seamless,58.2
2026-07-06,2026-07-12,Omoro,gem_seamless,9.1
2026-07-06,2026-07-07,Omoro,knmi_seamless,0.5
2026-07-06,2026-07-08,Omoro,knmi_seamless,0.0
2026-07-06,2026-07-09,Omoro,knmi_seamless,0.7
2026-07-06,2026-07-10,Omoro,knmi_seamless,1.5
2026-07-06,2026-07-11,Omoro,knmi_seamless,10.2
2026-07-06,2026-07-12,Omoro,knmi_seamless,5.7
2026-07-06,2026-07-07,Nwoya,ecmwf_ifs025,0.2
2026-07-06,2026-07-08,Nwoya,ecmwf_ifs025,1.0
2026-07-06,2026-07-09,Nwoya,ecmwf_ifs025,0.5
2026-07-06,2026-07-10,Nwoya,ecmwf_ifs025,3.5
2026-07-06,2026-07-11,Nwoya,ecmwf_ifs025,17.5
2026-07-06,2026-07-12,Nwoya,ecmwf_ifs025,12.2
2026-07-06,2026-07-07,Nwoya,ecmwf_aifs025_single,1.4
2026-07-06,2026-07-08,Nwoya,ecmwf_aifs025_single,0.8
2026-07-06,2026-07-09,Nwoya,ecmwf_aifs025_single,0.2
2026-07-06,2026-07-10,Nwoya,ecmwf_aifs025_single,2.5
2026-07-06,2026-07-11,Nwoya,ecmwf_aifs025_single,6.5
2026-07-06,2026-07-12,Nwoya,ecmwf_aifs025_single,3.7
2026-07-06,2026-07-07,Nwoya,gfs_seamless,0.3
2026-07-06,2026-07-08,Nwoya,gfs_seamless,5.5
2026-07-06,2026-07-09,Nwoya,gfs_seamless,1.8
2026-07-06,2026-07-10,Nwoya,gfs_seamless,2.1
2026-07-06,2026-07-11,Nwoya,gfs_seamless,4.9
2026-07-06,2026-07-12,Nwoya,gfs_seamless,1.9
2026-07-06,2026-07-07,Nwoya,icon_seamless,0.0
2026-07-06,2026-07-08,Nwoya,icon_seamless,0.0
2026-07-06,2026-07-09,Nwoya,icon_seamless,0.0
2026-07-06,2026-07-10,Nwoya,icon_seamless,9.3
2026-07-06,2026-07-11,Nwoya,icon_seamless,9.0
2026-07-06,2026-07-12,Nwoya,icon_seamless,2.1
2026-07-06,2026-07-07,Nwoya,ukmo_seamless,0.1
2026-07-06,2026-07-08,Nwoya,ukmo_seamless,0.0
2026-07-06,2026-07-09,Nwoya,ukmo_seamless,0.0
2026-07-06,2026-07-10,Nwoya,ukmo_seamless,0.9
2026-07-06,2026-07-11,Nwoya,ukmo_seamless,3.3
2026-07-06,2026-07-12,Nwoya,ukmo_seamless,3.2
2026-07-06,2026-07-07,Nwoya,meteofrance_seamless,3.6
2026-07-06,2026-07-08,Nwoya,meteofrance_seamless,0.0
2026-07-06,2026-07-09,Nwoya,meteofrance_seamless,0.3
2026-07-06,2026-07-07,Nwoya,jma_seamless,0.8
2026-07-06,2026-07-08,Nwoya,jma_seamless,0.3
2026-07-06,2026-07-09,Nwoya,jma_seamless,0.0
2026-07-06,2026-07-10,Nwoya,jma_seamless,1.5
2026-07-06,2026-07-11,Nwoya,jma_seamless,10.8
2026-07-06,2026-07-12,Nwoya,jma_seamless,11.8
2026-07-06,2026-07-07,Nwoya,gem_seamless,3.0
2026-07-06,2026-07-08,Nwoya,gem_seamless,10.1
2026-07-06,2026-07-09,Nwoya,gem_seamless,2.7
2026-07-06,2026-07-10,Nwoya,gem_seamless,6.0
2026-07-06,2026-07-11,Nwoya,gem_seamless,7.2
2026-07-06,2026-07-12,Nwoya,gem_seamless,2.1
2026-07-06,2026-07-07,Nwoya,knmi_seamless,0.3
2026-07-06,2026-07-08,Nwoya,knmi_seamless,1.0
2026-07-06,2026-07-09,Nwoya,knmi_seamless,0.4
2026-07-06,2026-07-10,Nwoya,knmi_seamless,3.6
2026-07-06,2026-07-11,Nwoya,knmi_seamless,18.6
2026-07-06,2026-07-12,Nwoya,knmi_seamless,16.5
2026-07-06,2026-07-07,Amuru,ecmwf_ifs025,0.1
2026-07-06,2026-07-08,Amuru,ecmwf_ifs025,1.2
2026-07-06,2026-07-09,Amuru,ecmwf_ifs025,0.9
2026-07-06,2026-07-10,Amuru,ecmwf_ifs025,3.6
2026-07-06,2026-07-11,Amuru,ecmwf_ifs025,9.4
2026-07-06,2026-07-12,Amuru,ecmwf_ifs025,8.5
2026-07-06,2026-07-07,Amuru,ecmwf_aifs025_single,1.6
2026-07-06,2026-07-08,Amuru,ecmwf_aifs025_single,1.0
2026-07-06,2026-07-09,Amuru,ecmwf_aifs025_single,0.3
2026-07-06,2026-07-10,Amuru,ecmwf_aifs025_single,2.9
2026-07-06,2026-07-11,Amuru,ecmwf_aifs025_single,6.7
2026-07-06,2026-07-12,Amuru,ecmwf_aifs025_single,3.1
2026-07-06,2026-07-07,Amuru,gfs_seamless,0.1
2026-07-06,2026-07-08,Amuru,gfs_seamless,2.5
2026-07-06,2026-07-09,Amuru,gfs_seamless,0.5
2026-07-06,2026-07-10,Amuru,gfs_seamless,2.9
2026-07-06,2026-07-11,Amuru,gfs_seamless,11.1
2026-07-06,2026-07-12,Amuru,gfs_seamless,2.3
2026-07-06,2026-07-07,Amuru,icon_seamless,0.0
2026-07-06,2026-07-08,Amuru,icon_seamless,0.0
2026-07-06,2026-07-09,Amuru,icon_seamless,0.0
2026-07-06,2026-07-10,Amuru,icon_seamless,13.5
2026-07-06,2026-07-11,Amuru,icon_seamless,11.4
2026-07-06,2026-07-12,Amuru,icon_seamless,2.7
2026-07-06,2026-07-07,Amuru,ukmo_seamless,0.0
2026-07-06,2026-07-08,Amuru,ukmo_seamless,0.0
2026-07-06,2026-07-09,Amuru,ukmo_seamless,0.0
2026-07-06,2026-07-10,Amuru,ukmo_seamless,0.9
2026-07-06,2026-07-11,Amuru,ukmo_seamless,1.8
2026-07-06,2026-07-12,Amuru,ukmo_seamless,0.0
2026-07-06,2026-07-07,Amuru,meteofrance_seamless,2.8
2026-07-06,2026-07-08,Amuru,meteofrance_seamless,0.0
2026-07-06,2026-07-09,Amuru,meteofrance_seamless,2.1
2026-07-06,2026-07-07,Amuru,jma_seamless,0.4
2026-07-06,2026-07-08,Amuru,jma_seamless,1.0
2026-07-06,2026-07-09,Amuru,jma_seamless,0.0
2026-07-06,2026-07-10,Amuru,jma_seamless,2.3
2026-07-06,2026-07-11,Amuru,jma_seamless,12.6
2026-07-06,2026-07-12,Amuru,jma_seamless,11.6
2026-07-06,2026-07-07,Amuru,gem_seamless,6.6
2026-07-06,2026-07-08,Amuru,gem_seamless,3.5
2026-07-06,2026-07-09,Amuru,gem_seamless,4.0
2026-07-06,2026-07-10,Amuru,gem_seamless,8.4
2026-07-06,2026-07-11,Amuru,gem_seamless,1.4
2026-07-06,2026-07-12,Amuru,gem_seamless,7.3
2026-07-06,2026-07-07,Amuru,knmi_seamless,0.1
2026-07-06,2026-07-08,Amuru,knmi_seamless,0.9
2026-07-06,2026-07-09,Amuru,knmi_seamless,1.2
2026-07-06,2026-07-10,Amuru,knmi_seamless,3.3
2026-07-06,2026-07-11,Amuru,knmi_seamless,10.5
2026-07-06,2026-07-12,Amuru,knmi_seamless,6.6
2026-07-06,2026-07-07,Lamwo,ecmwf_ifs025,0.0
2026-07-06,2026-07-08,Lamwo,ecmwf_ifs025,2.9
2026-07-06,2026-07-09,Lamwo,ecmwf_ifs025,4.1
2026-07-06,2026-07-10,Lamwo,ecmwf_ifs025,9.1
2026-07-06,2026-07-11,Lamwo,ecmwf_ifs025,2.6
2026-07-06,2026-07-12,Lamwo,ecmwf_ifs025,10.6
2026-07-06,2026-07-07,Lamwo,ecmwf_aifs025_single,0.2
2026-07-06,2026-07-08,Lamwo,ecmwf_aifs025_single,0.1
2026-07-06,2026-07-09,Lamwo,ecmwf_aifs025_single,0.1
2026-07-06,2026-07-10,Lamwo,ecmwf_aifs025_single,1.7
2026-07-06,2026-07-11,Lamwo,ecmwf_aifs025_single,4.8
2026-07-06,2026-07-12,Lamwo,ecmwf_aifs025_single,2.5
2026-07-06,2026-07-07,Lamwo,gfs_seamless,0.0
2026-07-06,2026-07-08,Lamwo,gfs_seamless,0.0
2026-07-06,2026-07-09,Lamwo,gfs_seamless,1.0
2026-07-06,2026-07-10,Lamwo,gfs_seamless,1.9
2026-07-06,2026-07-11,Lamwo,gfs_seamless,0.8
2026-07-06,2026-07-12,Lamwo,gfs_seamless,1.7
2026-07-06,2026-07-07,Lamwo,icon_seamless,0.0
2026-07-06,2026-07-08,Lamwo,icon_seamless,0.0
2026-07-06,2026-07-09,Lamwo,icon_seamless,0.0
2026-07-06,2026-07-10,Lamwo,icon_seamless,11.4
2026-07-06,2026-07-11,Lamwo,icon_seamless,17.7
2026-07-06,2026-07-12,Lamwo,icon_seamless,5.3
2026-07-06,2026-07-07,Lamwo,ukmo_seamless,0.0
2026-07-06,2026-07-08,Lamwo,ukmo_seamless,0.0
2026-07-06,2026-07-09,Lamwo,ukmo_seamless,0.0
2026-07-06,2026-07-10,Lamwo,ukmo_seamless,0.9
2026-07-06,2026-07-11,Lamwo,ukmo_seamless,3.0
2026-07-06,2026-07-12,Lamwo,ukmo_seamless,0.6
2026-07-06,2026-07-07,Lamwo,meteofrance_seamless,0.1
2026-07-06,2026-07-08,Lamwo,meteofrance_seamless,0.0
2026-07-06,2026-07-09,Lamwo,meteofrance_seamless,4.2
2026-07-06,2026-07-07,Lamwo,jma_seamless,0.4
2026-07-06,2026-07-08,Lamwo,jma_seamless,0.0
2026-07-06,2026-07-09,Lamwo,jma_seamless,0.3
2026-07-06,2026-07-10,Lamwo,jma_seamless,0.5
2026-07-06,2026-07-11,Lamwo,jma_seamless,13.1
2026-07-06,2026-07-12,Lamwo,jma_seamless,11.4
2026-07-06,2026-07-07,Lamwo,gem_seamless,0.0
2026-07-06,2026-07-08,Lamwo,gem_seamless,0.4
2026-07-06,2026-07-09,Lamwo,gem_seamless,1.9
2026-07-06,2026-07-10,Lamwo,gem_seamless,10.5
2026-07-06,2026-07-11,Lamwo,gem_seamless,8.4
2026-07-06,2026-07-12,Lamwo,gem_seamless,1.5
2026-07-06,2026-07-07,Lamwo,knmi_seamless,0.0
2026-07-06,2026-07-08,Lamwo,knmi_seamless,3.0
2026-07-06,2026-07-09,Lamwo,knmi_seamless,5.0
2026-07-06,2026-07-10,Lamwo,knmi_seamless,8.2
2026-07-06,2026-07-11,Lamwo,knmi_seamless,2.1
2026-07-06,2026-07-12,Lamwo,knmi_seamless,10.2
2026-07-06,2026-07-07,Amolatar,ecmwf_ifs025,0.7
2026-07-06,2026-07-08,Amolatar,ecmwf_ifs025,0.6
2026-07-06,2026-07-09,Amolatar,ecmwf_ifs025,0.4
2026-07-06,2026-07-10,Amolatar,ecmwf_ifs025,1.5
2026-07-06,2026-07-11,Amolatar,ecmwf_ifs025,8.7
2026-07-06,2026-07-12,Amolatar,ecmwf_ifs025,13.4
2026-07-06,2026-07-07,Amolatar,ecmwf_aifs025_single,0.5
2026-07-06,2026-07-08,Amolatar,ecmwf_aifs025_single,0.5
2026-07-06,2026-07-09,Amolatar,ecmwf_aifs025_single,0.0
2026-07-06,2026-07-10,Amolatar,ecmwf_aifs025_single,1.1
2026-07-06,2026-07-11,Amolatar,ecmwf_aifs025_single,5.1
2026-07-06,2026-07-12,Amolatar,ecmwf_aifs025_single,5.6
2026-07-06,2026-07-07,Amolatar,gfs_seamless,0.0
2026-07-06,2026-07-08,Amolatar,gfs_seamless,0.9
2026-07-06,2026-07-09,Amolatar,gfs_seamless,0.3
2026-07-06,2026-07-10,Amolatar,gfs_seamless,1.2
2026-07-06,2026-07-11,Amolatar,gfs_seamless,0.7
2026-07-06,2026-07-12,Amolatar,gfs_seamless,1.9
2026-07-06,2026-07-07,Amolatar,icon_seamless,0.1
2026-07-06,2026-07-08,Amolatar,icon_seamless,0.1
2026-07-06,2026-07-09,Amolatar,icon_seamless,0.0
2026-07-06,2026-07-10,Amolatar,icon_seamless,0.6
2026-07-06,2026-07-11,Amolatar,icon_seamless,9.9
2026-07-06,2026-07-12,Amolatar,icon_seamless,3.3
2026-07-06,2026-07-07,Amolatar,ukmo_seamless,0.1
2026-07-06,2026-07-08,Amolatar,ukmo_seamless,0.1
2026-07-06,2026-07-09,Amolatar,ukmo_seamless,0.0
2026-07-06,2026-07-10,Amolatar,ukmo_seamless,0.0
2026-07-06,2026-07-11,Amolatar,ukmo_seamless,0.0
2026-07-06,2026-07-12,Amolatar,ukmo_seamless,4.2
2026-07-06,2026-07-07,Amolatar,meteofrance_seamless,0.0
2026-07-06,2026-07-08,Amolatar,meteofrance_seamless,0.0
2026-07-06,2026-07-09,Amolatar,meteofrance_seamless,0.0
2026-07-06,2026-07-07,Amolatar,jma_seamless,0.0
2026-07-06,2026-07-08,Amolatar,jma_seamless,0.6
2026-07-06,2026-07-09,Amolatar,jma_seamless,0.3
2026-07-06,2026-07-10,Amolatar,jma_seamless,0.0
2026-07-06,2026-07-11,Amolatar,jma_seamless,6.1
2026-07-06,2026-07-12,Amolatar,jma_seamless,1.1
2026-07-06,2026-07-07,Amolatar,gem_seamless,3.5
2026-07-06,2026-07-08,Amolatar,gem_seamless,0.0
2026-07-06,2026-07-09,Amolatar,gem_seamless,0.0
2026-07-06,2026-07-10,Amolatar,gem_seamless,1.2
2026-07-06,2026-07-11,Amolatar,gem_seamless,5.3
2026-07-06,2026-07-12,Amolatar,gem_seamless,3.2
2026-07-06,2026-07-07,Amolatar,knmi_seamless,0.4
2026-07-06,2026-07-08,Amolatar,knmi_seamless,0.3
2026-07-06,2026-07-09,Amolatar,knmi_seamless,0.3
2026-07-06,2026-07-10,Amolatar,knmi_seamless,0.0
2026-07-06,2026-07-11,Amolatar,knmi_seamless,6.0
2026-07-06,2026-07-12,Amolatar,knmi_seamless,7.8
2026-07-06,2026-07-07,Kalaki,ecmwf_ifs025,0.7
2026-07-06,2026-07-08,Kalaki,ecmwf_ifs025,0.9
2026-07-06,2026-07-09,Kalaki,ecmwf_ifs025,0.4
2026-07-06,2026-07-10,Kalaki,ecmwf_ifs025,1.9
2026-07-06,2026-07-11,Kalaki,ecmwf_ifs025,2.3
2026-07-06,2026-07-12,Kalaki,ecmwf_ifs025,9.6
2026-07-06,2026-07-07,Kalaki,ecmwf_aifs025_single,0.2
2026-07-06,2026-07-08,Kalaki,ecmwf_aifs025_single,0.5
2026-07-06,2026-07-09,Kalaki,ecmwf_aifs025_single,0.3
2026-07-06,2026-07-10,Kalaki,ecmwf_aifs025_single,1.5
2026-07-06,2026-07-11,Kalaki,ecmwf_aifs025_single,3.3
2026-07-06,2026-07-12,Kalaki,ecmwf_aifs025_single,3.1
2026-07-06,2026-07-07,Kalaki,gfs_seamless,0.3
2026-07-06,2026-07-08,Kalaki,gfs_seamless,0.0
2026-07-06,2026-07-09,Kalaki,gfs_seamless,1.1
2026-07-06,2026-07-10,Kalaki,gfs_seamless,0.8
2026-07-06,2026-07-11,Kalaki,gfs_seamless,1.2
2026-07-06,2026-07-12,Kalaki,gfs_seamless,0.9
2026-07-06,2026-07-07,Kalaki,icon_seamless,0.0
2026-07-06,2026-07-08,Kalaki,icon_seamless,0.0
2026-07-06,2026-07-09,Kalaki,icon_seamless,0.0
2026-07-06,2026-07-10,Kalaki,icon_seamless,1.2
2026-07-06,2026-07-11,Kalaki,icon_seamless,13.4
2026-07-06,2026-07-12,Kalaki,icon_seamless,10.6
2026-07-06,2026-07-07,Kalaki,ukmo_seamless,0.0
2026-07-06,2026-07-08,Kalaki,ukmo_seamless,0.0
2026-07-06,2026-07-09,Kalaki,ukmo_seamless,0.0
2026-07-06,2026-07-10,Kalaki,ukmo_seamless,0.0
2026-07-06,2026-07-11,Kalaki,ukmo_seamless,0.8
2026-07-06,2026-07-12,Kalaki,ukmo_seamless,1.9
2026-07-06,2026-07-07,Kalaki,meteofrance_seamless,0.0
2026-07-06,2026-07-08,Kalaki,meteofrance_seamless,0.0
2026-07-06,2026-07-09,Kalaki,meteofrance_seamless,0.0
2026-07-06,2026-07-07,Kalaki,jma_seamless,0.6
2026-07-06,2026-07-08,Kalaki,jma_seamless,0.3
2026-07-06,2026-07-09,Kalaki,jma_seamless,0.0
2026-07-06,2026-07-10,Kalaki,jma_seamless,0.5
2026-07-06,2026-07-11,Kalaki,jma_seamless,1.6
2026-07-06,2026-07-12,Kalaki,jma_seamless,5.1
2026-07-06,2026-07-07,Kalaki,gem_seamless,0.5
2026-07-06,2026-07-08,Kalaki,gem_seamless,0.1
2026-07-06,2026-07-09,Kalaki,gem_seamless,1.0
2026-07-06,2026-07-10,Kalaki,gem_seamless,2.8
2026-07-06,2026-07-11,Kalaki,gem_seamless,10.0
2026-07-06,2026-07-12,Kalaki,gem_seamless,2.5
2026-07-06,2026-07-07,Kalaki,knmi_seamless,0.6
2026-07-06,2026-07-08,Kalaki,knmi_seamless,1.2
2026-07-06,2026-07-09,Kalaki,knmi_seamless,0.4
2026-07-06,2026-07-10,Kalaki,knmi_seamless,0.6
2026-07-06,2026-07-11,Kalaki,knmi_seamless,4.2
2026-07-06,2026-07-12,Kalaki,knmi_seamless,9.9
2026-07-06,2026-07-07,Amuria,ecmwf_ifs025,0.7
2026-07-06,2026-07-08,Amuria,ecmwf_ifs025,0.9
2026-07-06,2026-07-09,Amuria,ecmwf_ifs025,0.4
2026-07-06,2026-07-10,Amuria,ecmwf_ifs025,1.9
2026-07-06,2026-07-11,Amuria,ecmwf_ifs025,2.3
2026-07-06,2026-07-12,Amuria,ecmwf_ifs025,9.6
2026-07-06,2026-07-07,Amuria,ecmwf_aifs025_single,0.2
2026-07-06,2026-07-08,Amuria,ecmwf_aifs025_single,0.5
2026-07-06,2026-07-09,Amuria,ecmwf_aifs025_single,0.3
2026-07-06,2026-07-10,Amuria,ecmwf_aifs025_single,1.5
2026-07-06,2026-07-11,Amuria,ecmwf_aifs025_single,3.3
2026-07-06,2026-07-12,Amuria,ecmwf_aifs025_single,3.1
2026-07-06,2026-07-07,Amuria,gfs_seamless,0.1
2026-07-06,2026-07-08,Amuria,gfs_seamless,0.4
2026-07-06,2026-07-09,Amuria,gfs_seamless,1.8
2026-07-06,2026-07-10,Amuria,gfs_seamless,1.1
2026-07-06,2026-07-11,Amuria,gfs_seamless,2.9
2026-07-06,2026-07-12,Amuria,gfs_seamless,1.6
2026-07-06,2026-07-07,Amuria,icon_seamless,0.0
2026-07-06,2026-07-08,Amuria,icon_seamless,0.0
2026-07-06,2026-07-09,Amuria,icon_seamless,0.0
2026-07-06,2026-07-10,Amuria,icon_seamless,0.9
2026-07-06,2026-07-11,Amuria,icon_seamless,14.2
2026-07-06,2026-07-12,Amuria,icon_seamless,2.5
2026-07-06,2026-07-07,Amuria,ukmo_seamless,0.2
2026-07-06,2026-07-08,Amuria,ukmo_seamless,0.0
2026-07-06,2026-07-09,Amuria,ukmo_seamless,0.0
2026-07-06,2026-07-10,Amuria,ukmo_seamless,0.0
2026-07-06,2026-07-11,Amuria,ukmo_seamless,2.4
2026-07-06,2026-07-12,Amuria,ukmo_seamless,1.9
2026-07-06,2026-07-07,Amuria,meteofrance_seamless,0.0
2026-07-06,2026-07-08,Amuria,meteofrance_seamless,0.0
2026-07-06,2026-07-09,Amuria,meteofrance_seamless,0.0
2026-07-06,2026-07-07,Amuria,jma_seamless,0.6
2026-07-06,2026-07-08,Amuria,jma_seamless,0.3
2026-07-06,2026-07-09,Amuria,jma_seamless,0.0
2026-07-06,2026-07-10,Amuria,jma_seamless,0.5
2026-07-06,2026-07-11,Amuria,jma_seamless,1.6
2026-07-06,2026-07-12,Amuria,jma_seamless,5.1
2026-07-06,2026-07-07,Amuria,gem_seamless,0.1
2026-07-06,2026-07-08,Amuria,gem_seamless,0.3
2026-07-06,2026-07-09,Amuria,gem_seamless,1.2
2026-07-06,2026-07-10,Amuria,gem_seamless,2.9
2026-07-06,2026-07-11,Amuria,gem_seamless,7.5
2026-07-06,2026-07-12,Amuria,gem_seamless,1.2
2026-07-06,2026-07-07,Amuria,knmi_seamless,0.8
2026-07-06,2026-07-08,Amuria,knmi_seamless,1.0
2026-07-06,2026-07-09,Amuria,knmi_seamless,1.6
2026-07-06,2026-07-10,Amuria,knmi_seamless,2.3
2026-07-06,2026-07-11,Amuria,knmi_seamless,4.5
2026-07-06,2026-07-12,Amuria,knmi_seamless,8.1
2026-07-06,2026-07-07,Kaberamaido,ecmwf_ifs025,1.1
2026-07-06,2026-07-08,Kaberamaido,ecmwf_ifs025,1.1
2026-07-06,2026-07-09,Kaberamaido,ecmwf_ifs025,0.6
2026-07-06,2026-07-10,Kaberamaido,ecmwf_ifs025,4.2
2026-07-06,2026-07-11,Kaberamaido,ecmwf_ifs025,11.3
2026-07-06,2026-07-12,Kaberamaido,ecmwf_ifs025,19.4
2026-07-06,2026-07-07,Kaberamaido,ecmwf_aifs025_single,0.6
2026-07-06,2026-07-08,Kaberamaido,ecmwf_aifs025_single,0.8
2026-07-06,2026-07-09,Kaberamaido,ecmwf_aifs025_single,0.0
2026-07-06,2026-07-10,Kaberamaido,ecmwf_aifs025_single,1.3
2026-07-06,2026-07-11,Kaberamaido,ecmwf_aifs025_single,4.6
2026-07-06,2026-07-12,Kaberamaido,ecmwf_aifs025_single,5.1
2026-07-06,2026-07-07,Kaberamaido,gfs_seamless,1.1
2026-07-06,2026-07-08,Kaberamaido,gfs_seamless,0.8
2026-07-06,2026-07-09,Kaberamaido,gfs_seamless,0.4
2026-07-06,2026-07-10,Kaberamaido,gfs_seamless,0.2
2026-07-06,2026-07-11,Kaberamaido,gfs_seamless,0.3
2026-07-06,2026-07-12,Kaberamaido,gfs_seamless,1.9
2026-07-06,2026-07-07,Kaberamaido,icon_seamless,0.0
2026-07-06,2026-07-08,Kaberamaido,icon_seamless,0.0
2026-07-06,2026-07-09,Kaberamaido,icon_seamless,0.0
2026-07-06,2026-07-10,Kaberamaido,icon_seamless,1.8
2026-07-06,2026-07-11,Kaberamaido,icon_seamless,12.5
2026-07-06,2026-07-12,Kaberamaido,icon_seamless,4.3
2026-07-06,2026-07-07,Kaberamaido,ukmo_seamless,0.1
2026-07-06,2026-07-08,Kaberamaido,ukmo_seamless,0.4
2026-07-06,2026-07-09,Kaberamaido,ukmo_seamless,0.0
2026-07-06,2026-07-10,Kaberamaido,ukmo_seamless,0.0
2026-07-06,2026-07-11,Kaberamaido,ukmo_seamless,0.6
2026-07-06,2026-07-12,Kaberamaido,ukmo_seamless,1.8
2026-07-06,2026-07-07,Kaberamaido,meteofrance_seamless,0.0
2026-07-06,2026-07-08,Kaberamaido,meteofrance_seamless,0.8
2026-07-06,2026-07-09,Kaberamaido,meteofrance_seamless,0.0
2026-07-06,2026-07-07,Kaberamaido,jma_seamless,0.0
2026-07-06,2026-07-08,Kaberamaido,jma_seamless,0.6
2026-07-06,2026-07-09,Kaberamaido,jma_seamless,0.3
2026-07-06,2026-07-10,Kaberamaido,jma_seamless,0.0
2026-07-06,2026-07-11,Kaberamaido,jma_seamless,6.1
2026-07-06,2026-07-12,Kaberamaido,jma_seamless,1.1
2026-07-06,2026-07-07,Kaberamaido,gem_seamless,2.3
2026-07-06,2026-07-08,Kaberamaido,gem_seamless,0.0
2026-07-06,2026-07-09,Kaberamaido,gem_seamless,1.9
2026-07-06,2026-07-10,Kaberamaido,gem_seamless,5.5
2026-07-06,2026-07-11,Kaberamaido,gem_seamless,16.3
2026-07-06,2026-07-12,Kaberamaido,gem_seamless,6.2
2026-07-06,2026-07-07,Kaberamaido,knmi_seamless,0.6
2026-07-06,2026-07-08,Kaberamaido,knmi_seamless,0.5
2026-07-06,2026-07-09,Kaberamaido,knmi_seamless,1.0
2026-07-06,2026-07-10,Kaberamaido,knmi_seamless,1.2
2026-07-06,2026-07-11,Kaberamaido,knmi_seamless,11.4
2026-07-06,2026-07-12,Kaberamaido,knmi_seamless,21.9
2026-07-06,2026-07-07,Kagadi,ecmwf_ifs025,0.6
2026-07-06,2026-07-08,Kagadi,ecmwf_ifs025,0.7
2026-07-06,2026-07-09,Kagadi,ecmwf_ifs025,1.2
2026-07-06,2026-07-10,Kagadi,ecmwf_ifs025,2.7
2026-07-06,2026-07-11,Kagadi,ecmwf_ifs025,4.5
2026-07-06,2026-07-12,Kagadi,ecmwf_ifs025,6.9
2026-07-06,2026-07-07,Kagadi,ecmwf_aifs025_single,0.3
2026-07-06,2026-07-08,Kagadi,ecmwf_aifs025_single,0.0
2026-07-06,2026-07-09,Kagadi,ecmwf_aifs025_single,0.1
2026-07-06,2026-07-10,Kagadi,ecmwf_aifs025_single,1.5
2026-07-06,2026-07-11,Kagadi,ecmwf_aifs025_single,5.0
2026-07-06,2026-07-12,Kagadi,ecmwf_aifs025_single,6.9
2026-07-06,2026-07-07,Kagadi,gfs_seamless,0.0
2026-07-06,2026-07-08,Kagadi,gfs_seamless,0.2
2026-07-06,2026-07-09,Kagadi,gfs_seamless,0.1
2026-07-06,2026-07-10,Kagadi,gfs_seamless,0.5
2026-07-06,2026-07-11,Kagadi,gfs_seamless,0.8
2026-07-06,2026-07-12,Kagadi,gfs_seamless,4.8
2026-07-06,2026-07-07,Kagadi,icon_seamless,0.0
2026-07-06,2026-07-08,Kagadi,icon_seamless,0.0
2026-07-06,2026-07-09,Kagadi,icon_seamless,0.0
2026-07-06,2026-07-10,Kagadi,icon_seamless,1.3
2026-07-06,2026-07-11,Kagadi,icon_seamless,4.1
2026-07-06,2026-07-12,Kagadi,icon_seamless,8.4
2026-07-06,2026-07-07,Kagadi,ukmo_seamless,0.4
2026-07-06,2026-07-08,Kagadi,ukmo_seamless,0.2
2026-07-06,2026-07-09,Kagadi,ukmo_seamless,0.3
2026-07-06,2026-07-10,Kagadi,ukmo_seamless,1.2
2026-07-06,2026-07-11,Kagadi,ukmo_seamless,5.4
2026-07-06,2026-07-12,Kagadi,ukmo_seamless,5.4
2026-07-06,2026-07-07,Kagadi,meteofrance_seamless,0.0
2026-07-06,2026-07-08,Kagadi,meteofrance_seamless,0.2
2026-07-06,2026-07-09,Kagadi,meteofrance_seamless,0.1
2026-07-06,2026-07-07,Kagadi,jma_seamless,0.0
2026-07-06,2026-07-08,Kagadi,jma_seamless,0.0
2026-07-06,2026-07-09,Kagadi,jma_seamless,0.0
2026-07-06,2026-07-10,Kagadi,jma_seamless,0.0
2026-07-06,2026-07-11,Kagadi,jma_seamless,0.3
2026-07-06,2026-07-12,Kagadi,jma_seamless,8.6
2026-07-06,2026-07-07,Kagadi,gem_seamless,0.8
2026-07-06,2026-07-08,Kagadi,gem_seamless,0.7
2026-07-06,2026-07-09,Kagadi,gem_seamless,1.2
2026-07-06,2026-07-10,Kagadi,gem_seamless,2.2
2026-07-06,2026-07-11,Kagadi,gem_seamless,2.3
2026-07-06,2026-07-12,Kagadi,gem_seamless,8.4
2026-07-06,2026-07-07,Kagadi,knmi_seamless,0.1
2026-07-06,2026-07-08,Kagadi,knmi_seamless,0.6
2026-07-06,2026-07-09,Kagadi,knmi_seamless,2.1
2026-07-06,2026-07-10,Kagadi,knmi_seamless,2.7
2026-07-06,2026-07-11,Kagadi,knmi_seamless,2.7
2026-07-06,2026-07-12,Kagadi,knmi_seamless,9.9
2026-07-06,2026-07-07,Dokolo,ecmwf_ifs025,1.0
2026-07-06,2026-07-08,Dokolo,ecmwf_ifs025,0.6
2026-07-06,2026-07-09,Dokolo,ecmwf_ifs025,0.5
2026-07-06,2026-07-10,Dokolo,ecmwf_ifs025,1.1
2026-07-06,2026-07-11,Dokolo,ecmwf_ifs025,10.3
2026-07-06,2026-07-12,Dokolo,ecmwf_ifs025,6.4
2026-07-06,2026-07-07,Dokolo,ecmwf_aifs025_single,0.6
2026-07-06,2026-07-08,Dokolo,ecmwf_aifs025_single,0.5
2026-07-06,2026-07-09,Dokolo,ecmwf_aifs025_single,0.1
2026-07-06,2026-07-10,Dokolo,ecmwf_aifs025_single,1.6
2026-07-06,2026-07-11,Dokolo,ecmwf_aifs025_single,4.8
2026-07-06,2026-07-12,Dokolo,ecmwf_aifs025_single,4.7
2026-07-06,2026-07-07,Dokolo,gfs_seamless,2.4
2026-07-06,2026-07-08,Dokolo,gfs_seamless,0.1
2026-07-06,2026-07-09,Dokolo,gfs_seamless,1.9
2026-07-06,2026-07-10,Dokolo,gfs_seamless,11.4
2026-07-06,2026-07-11,Dokolo,gfs_seamless,0.6
2026-07-06,2026-07-12,Dokolo,gfs_seamless,2.1
2026-07-06,2026-07-07,Dokolo,icon_seamless,0.1
2026-07-06,2026-07-08,Dokolo,icon_seamless,0.0
2026-07-06,2026-07-09,Dokolo,icon_seamless,0.0
2026-07-06,2026-07-10,Dokolo,icon_seamless,1.8
2026-07-06,2026-07-11,Dokolo,icon_seamless,14.1
2026-07-06,2026-07-12,Dokolo,icon_seamless,0.9
2026-07-06,2026-07-07,Dokolo,ukmo_seamless,0.0
2026-07-06,2026-07-08,Dokolo,ukmo_seamless,0.2
2026-07-06,2026-07-09,Dokolo,ukmo_seamless,0.0
2026-07-06,2026-07-10,Dokolo,ukmo_seamless,0.3
2026-07-06,2026-07-11,Dokolo,ukmo_seamless,0.6
2026-07-06,2026-07-12,Dokolo,ukmo_seamless,3.2
2026-07-06,2026-07-07,Dokolo,meteofrance_seamless,0.0
2026-07-06,2026-07-08,Dokolo,meteofrance_seamless,0.0
2026-07-06,2026-07-09,Dokolo,meteofrance_seamless,0.0
2026-07-06,2026-07-07,Dokolo,jma_seamless,0.4
2026-07-06,2026-07-08,Dokolo,jma_seamless,0.3
2026-07-06,2026-07-09,Dokolo,jma_seamless,0.0
2026-07-06,2026-07-10,Dokolo,jma_seamless,0.3
2026-07-06,2026-07-11,Dokolo,jma_seamless,6.4
2026-07-06,2026-07-12,Dokolo,jma_seamless,2.4
2026-07-06,2026-07-07,Dokolo,gem_seamless,0.7
2026-07-06,2026-07-08,Dokolo,gem_seamless,0.0
2026-07-06,2026-07-09,Dokolo,gem_seamless,0.1
2026-07-06,2026-07-10,Dokolo,gem_seamless,3.3
2026-07-06,2026-07-11,Dokolo,gem_seamless,20.1
2026-07-06,2026-07-12,Dokolo,gem_seamless,4.9
2026-07-06,2026-07-07,Dokolo,knmi_seamless,0.7
2026-07-06,2026-07-08,Dokolo,knmi_seamless,0.5
2026-07-06,2026-07-09,Dokolo,knmi_seamless,0.2
2026-07-06,2026-07-10,Dokolo,knmi_seamless,1.5
2026-07-06,2026-07-11,Dokolo,knmi_seamless,8.4
2026-07-06,2026-07-12,Dokolo,knmi_seamless,5.7
2026-07-06,2026-07-07,Kwania,ecmwf_ifs025,1.0
2026-07-06,2026-07-08,Kwania,ecmwf_ifs025,0.5
2026-07-06,2026-07-09,Kwania,ecmwf_ifs025,1.3
2026-07-06,2026-07-10,Kwania,ecmwf_ifs025,1.4
2026-07-06,2026-07-11,Kwania,ecmwf_ifs025,10.0
2026-07-06,2026-07-12,Kwania,ecmwf_ifs025,12.7
2026-07-06,2026-07-07,Kwania,ecmwf_aifs025_single,0.6
2026-07-06,2026-07-08,Kwania,ecmwf_aifs025_single,0.2
2026-07-06,2026-07-09,Kwania,ecmwf_aifs025_single,0.1
2026-07-06,2026-07-10,Kwania,ecmwf_aifs025_single,1.5
2026-07-06,2026-07-11,Kwania,ecmwf_aifs025_single,5.2
2026-07-06,2026-07-12,Kwania,ecmwf_aifs025_single,4.7
2026-07-06,2026-07-07,Kwania,gfs_seamless,1.3
2026-07-06,2026-07-08,Kwania,gfs_seamless,0.1
2026-07-06,2026-07-09,Kwania,gfs_seamless,1.9
2026-07-06,2026-07-10,Kwania,gfs_seamless,2.5
2026-07-06,2026-07-11,Kwania,gfs_seamless,1.1
2026-07-06,2026-07-12,Kwania,gfs_seamless,2.8
2026-07-06,2026-07-07,Kwania,icon_seamless,0.0
2026-07-06,2026-07-08,Kwania,icon_seamless,0.3
2026-07-06,2026-07-09,Kwania,icon_seamless,0.0
2026-07-06,2026-07-10,Kwania,icon_seamless,4.8
2026-07-06,2026-07-11,Kwania,icon_seamless,11.1
2026-07-06,2026-07-12,Kwania,icon_seamless,2.4
2026-07-06,2026-07-07,Kwania,ukmo_seamless,0.1
2026-07-06,2026-07-08,Kwania,ukmo_seamless,0.1
2026-07-06,2026-07-09,Kwania,ukmo_seamless,0.0
2026-07-06,2026-07-10,Kwania,ukmo_seamless,0.3
2026-07-06,2026-07-11,Kwania,ukmo_seamless,0.6
2026-07-06,2026-07-12,Kwania,ukmo_seamless,4.8
2026-07-06,2026-07-07,Kwania,meteofrance_seamless,0.0
2026-07-06,2026-07-08,Kwania,meteofrance_seamless,0.4
2026-07-06,2026-07-09,Kwania,meteofrance_seamless,0.0
2026-07-06,2026-07-07,Kwania,jma_seamless,0.4
2026-07-06,2026-07-08,Kwania,jma_seamless,0.3
2026-07-06,2026-07-09,Kwania,jma_seamless,0.0
2026-07-06,2026-07-10,Kwania,jma_seamless,0.3
2026-07-06,2026-07-11,Kwania,jma_seamless,6.4
2026-07-06,2026-07-12,Kwania,jma_seamless,2.4
2026-07-06,2026-07-07,Kwania,gem_seamless,0.5
2026-07-06,2026-07-08,Kwania,gem_seamless,0.5
2026-07-06,2026-07-09,Kwania,gem_seamless,0.8
2026-07-06,2026-07-10,Kwania,gem_seamless,3.8
2026-07-06,2026-07-11,Kwania,gem_seamless,20.9
2026-07-06,2026-07-12,Kwania,gem_seamless,4.0
2026-07-06,2026-07-07,Kwania,knmi_seamless,1.5
2026-07-06,2026-07-08,Kwania,knmi_seamless,0.5
2026-07-06,2026-07-09,Kwania,knmi_seamless,0.5
2026-07-06,2026-07-10,Kwania,knmi_seamless,3.6
2026-07-06,2026-07-11,Kwania,knmi_seamless,10.2
2026-07-06,2026-07-12,Kwania,knmi_seamless,9.0
2026-07-06,2026-07-07,Kyenjojo,ecmwf_ifs025,0.6
2026-07-06,2026-07-08,Kyenjojo,ecmwf_ifs025,0.0
2026-07-06,2026-07-09,Kyenjojo,ecmwf_ifs025,0.6
2026-07-06,2026-07-10,Kyenjojo,ecmwf_ifs025,2.4
2026-07-06,2026-07-11,Kyenjojo,ecmwf_ifs025,3.0
2026-07-06,2026-07-12,Kyenjojo,ecmwf_ifs025,4.6
2026-07-06,2026-07-07,Kyenjojo,ecmwf_aifs025_single,0.1
2026-07-06,2026-07-08,Kyenjojo,ecmwf_aifs025_single,0.0
2026-07-06,2026-07-09,Kyenjojo,ecmwf_aifs025_single,0.0
2026-07-06,2026-07-10,Kyenjojo,ecmwf_aifs025_single,0.9
2026-07-06,2026-07-11,Kyenjojo,ecmwf_aifs025_single,5.0
2026-07-06,2026-07-12,Kyenjojo,ecmwf_aifs025_single,7.8
2026-07-06,2026-07-07,Kyenjojo,gfs_seamless,0.0
2026-07-06,2026-07-08,Kyenjojo,gfs_seamless,0.0
2026-07-06,2026-07-09,Kyenjojo,gfs_seamless,0.0
2026-07-06,2026-07-10,Kyenjojo,gfs_seamless,1.3
2026-07-06,2026-07-11,Kyenjojo,gfs_seamless,1.2
2026-07-06,2026-07-12,Kyenjojo,gfs_seamless,4.0
2026-07-06,2026-07-07,Kyenjojo,icon_seamless,0.0
2026-07-06,2026-07-08,Kyenjojo,icon_seamless,0.0
2026-07-06,2026-07-09,Kyenjojo,icon_seamless,0.0
2026-07-06,2026-07-10,Kyenjojo,icon_seamless,0.9
2026-07-06,2026-07-11,Kyenjojo,icon_seamless,9.6
2026-07-06,2026-07-12,Kyenjojo,icon_seamless,5.4
2026-07-06,2026-07-07,Kyenjojo,ukmo_seamless,0.4
2026-07-06,2026-07-08,Kyenjojo,ukmo_seamless,0.0
2026-07-06,2026-07-09,Kyenjojo,ukmo_seamless,0.3
2026-07-06,2026-07-10,Kyenjojo,ukmo_seamless,2.7
2026-07-06,2026-07-11,Kyenjojo,ukmo_seamless,6.9
2026-07-06,2026-07-12,Kyenjojo,ukmo_seamless,3.0
2026-07-06,2026-07-07,Kyenjojo,meteofrance_seamless,0.0
2026-07-06,2026-07-08,Kyenjojo,meteofrance_seamless,0.0
2026-07-06,2026-07-09,Kyenjojo,meteofrance_seamless,0.0
2026-07-06,2026-07-07,Kyenjojo,jma_seamless,0.0
2026-07-06,2026-07-08,Kyenjojo,jma_seamless,0.0
2026-07-06,2026-07-09,Kyenjojo,jma_seamless,0.0
2026-07-06,2026-07-10,Kyenjojo,jma_seamless,0.0
2026-07-06,2026-07-11,Kyenjojo,jma_seamless,0.0
2026-07-06,2026-07-12,Kyenjojo,jma_seamless,11.3
2026-07-06,2026-07-07,Kyenjojo,gem_seamless,1.1
2026-07-06,2026-07-08,Kyenjojo,gem_seamless,4.5
2026-07-06,2026-07-09,Kyenjojo,gem_seamless,2.4
2026-07-06,2026-07-10,Kyenjojo,gem_seamless,4.5
2026-07-06,2026-07-11,Kyenjojo,gem_seamless,9.0
2026-07-06,2026-07-12,Kyenjojo,gem_seamless,15.3
2026-07-06,2026-07-07,Kyenjojo,knmi_seamless,0.1
2026-07-06,2026-07-08,Kyenjojo,knmi_seamless,0.0
2026-07-06,2026-07-09,Kyenjojo,knmi_seamless,1.1
2026-07-06,2026-07-10,Kyenjojo,knmi_seamless,2.7
2026-07-06,2026-07-11,Kyenjojo,knmi_seamless,1.5
2026-07-06,2026-07-12,Kyenjojo,knmi_seamless,8.4
